Timestamp,1. Gender,2. Age,3. Department/Faculty,4. Academic Rank,5. Years of Teaching Experience,6. Average Class Size,7. How familiar are you with Learning Management Systems (LMS)?,8. How would you rate your AI literacy?,TT1: I trust AI-generated recommendations when supporting classroom decisions.,TT2: AI recommendations appear reliable.,TT3: I feel confident using AI recommendations to identify students requiring support.,TT4: I believe AI predictions can improve my decision-making.,TT5: I am willing to incorporate AI recommendations into my teaching practice.,SH1: SHAP explanations make AI predictions easier to understand.,SH2: SHAP explanations clearly show why a student is identified as needing support.,SH3: SHAP explanations improve transparency of AI recommendations.,SH4: SHAP explanations increase my confidence in AI recommendations.,SH5: SHAP explanations help me verify whether an AI recommendation is reasonable.,EU1: The explanations are easy to interpret.,EU2: The explanation dashboard is user-friendly.,EU3: The explanations provide information relevant to my teaching decisions.,EU4: The explanations are presented in a clear format.,EU5: I can easily use SHAP explanations without technical expertise.,PF1: AI recommendations align with my teaching objectives.,PF2: AI supports early identification of struggling students.,PF3: AI helps improve intervention planning.,PF4: AI complements my professional judgement.,PF5: AI enhances student learning outcomes.,PU1: AI decision-support systems improve my effectiveness as a teacher.,PU2: AI helps me make better classroom decisions.,PU3: AI increases my productivity.,PE1: Learning to use the AI system is easy.,PE2: Interacting with the AI system is straightforward.,PE3: It is easy to obtain explanations from the AI system.,IF1: My institution provides adequate support for AI adoption.,IF2: My institution provides sufficient AI training opportunities.,IF3: Institutional policies encourage responsible AI use.,IF4: The institution provides adequate technological infrastructure.,IF5: Management supports AI-assisted teaching innovations.,HC1: I prefer AI systems that support rather than replace teacher judgement.,HC2: Human judgement should remain central to classroom decisions.,HC3: AI and teachers can effectively work together in decision-making.,HC4: I would collaborate with AI systems in future teaching activities.,HC5: Human-AI collaboration improves educational decision quality.,PQ1: The AI predictions appear accurate.,PQ2: The AI predictions are consistent.,PQ3: The predictions are useful for identifying at-risk students.,PQ4: I would rely on these predictions when planning interventions.,PQ5: The system provides sufficient evidence for its predictions.,FT1: The AI system treats students fairly.,FT2: The AI explanations reduce concerns about bias.,FT3: The prediction process is transparent.,FT4: SHAP explanations improve accountability of AI recommendations.,FT5: I would recommend the use of explainable AI systems in higher education.,1. How did SHAP explanations influence your trust in the AI recommendations?,2. Which aspects of the explanations were most useful for your decision-making?,3. Were there situations where you disagreed with the AI recommendation despite the explanation?,4. What factors encourage or discourage you from collaborating with AI systems?,5. How does your institution support AI adoption in teaching?,6. What training would improve your ability to work effectively with AI systems?,7. How useful were the predictions for identifying students needing support?,8. Did SHAP explanations improve your understanding of prediction outcomes?,"9. What concerns do you have regarding fairness, transparency, or bias?",10. What improvements would you recommend for the proposed XGBoost-SHAP framework?,Record Status
2026/06/15 8:43:18 AM GMT,Female,30-39,Faculty of Applied Sciences,Lecturer,5-10 years,101-200,Moderate,Moderate,3 - Neutral,2 - Disagree,4 - Agree,3 - Neutral,3 - Neutral,3 - Neutral,4 - Agree,3 - Neutral,3 - Neutral,4 - Agree,3 - Neutral,3 - Neutral,3 - Neutral,3 - Neutral,3 - Neutral,3 - Neutral,2 - Disagree,3 - Neutral,3 - Neutral,3 - Neutral,4 - Agree,3 - Neutral,2 - Disagree,1 - Strongly Disagree,3 - Neutral,3 - Neutral,3 - Neutral,3 - Neutral,2 - Disagree,3 - Neutral,2 - Disagree,5 - Strongly Agree,2 - Disagree,3 - Neutral,4 - Agree,3 - Neutral,4 - Agree,3 - Neutral,4 - Agree,4 - Agree,2 - Disagree,3 - Neutral,3 - Neutral,3 - Neutral,4 - Agree,4 - Agree,"Trust increased moderately, although I would still confirm recommendations with my professional judgement.",The concise dashboard and explanation of individual predictions were helpful.,"No major disagreement occurred, but I would still review the evidence before acting.",I am encouraged when AI complements rather than replaces professional judgement.,"Management supports technology use through infrastructure, technical assistance, and innovation initiatives.","Practical training on responsible AI use, interpretation of SHAP outputs, and classroom application would be helpful.",The results provided an early warning that could guide further investigation.,"They improved my understanding, although some technical terms required further explanation.",I am concerned about overreliance on predictions and limited opportunities for students to challenge decisions.,"Provide role-based access, stronger privacy controls, and an audit trail for decisions.",Original sample
2026/06/15 9:27:30 AM GMT,Male,40-49,Computer Science,Senior Lecturer,5-10 years,50-100,Low,High,3 - Neutral,4 - Agree,3 - Neutral,4 - Agree,4 - Agree,3 - Neutral,4 - Agree,3 - Neutral,5 - Strongly Agree,4 - Agree,4 - Agree,5 - Strongly Agree,3 - Neutral,4 - Agree,5 - Strongly Agree,3 - Neutral,5 - Strongly Agree,4 - Agree,3 - Neutral,5 - Strongly Agree,3 - Neutral,4 - Agree,4 - Agree,4 - Agree,4 - Agree,3 - Neutral,4 - Agree,5 - Strongly Agree,3 - Neutral,3 - Neutral,3 - Neutral,5 - Strongly Agree,5 - Strongly Agree,4 - Agree,5 - Strongly Agree,3 - Neutral,4 - Agree,3 - Neutral,3 - Neutral,4 - Agree,3 - Neutral,4 - Agree,3 - Neutral,3 - Neutral,3 - Neutral,3 - Neutral,"Trust increased moderately, although I would still confirm recommendations with my professional judgement.",The concise dashboard and explanation of individual predictions were helpful.,Occasionally. I relied on professional judgement when the available data were incomplete.,"Reliable predictions and transparency encourage me, while bias, poor connectivity, and inaccurate data discourage me.","The institution provides LMS platforms, internet access, and occasional digital teaching workshops.","Regular workshops on data preparation, dashboard use, and responsible intervention planning would be useful.","They were useful for screening, but should not be used as the only basis for a decision.",Yes. The explanations clarified how each student factor contributed to the final prediction.,"Fairness should be tested across gender, programme, background, and other relevant student groups.","The framework should include fairness monitoring, data-quality checks, and regular model validation.",Original sample
2026/06/15 11:26:59 AM GMT,Female,50 and above,Computer Science,Associate Professor,11-15 years,50-100,High,High,4 - Agree,4 - Agree,5 - Strongly Agree,5 - Strongly Agree,3 - Neutral,4 - Agree,5 - Strongly Agree,5 - Strongly Agree,5 - Strongly Agree,5 - Strongly Agree,4 - Agree,5 - Strongly Agree,3 - Neutral,4 - Agree,4 - Agree,5 - Strongly Agree,4 - Agree,4 - Agree,5 - Strongly Agree,5 - Strongly Agree,4 - Agree,5 - Strongly Agree,5 - Strongly Agree,4 - Agree,4 - Agree,5 - Strongly Agree,4 - Agree,4 - Agree,5 - Strongly Agree,3 - Neutral,3 - Neutral,5 - Strongly Agree,5 - Strongly Agree,5 - Strongly Agree,4 - Agree,5 - Strongly Agree,5 - Strongly Agree,4 - Agree,4 - Agree,5 - Strongly Agree,5 - Strongly Agree,4 - Agree,3 - Neutral,5 - Strongly Agree,5 - Strongly Agree,4 - Agree,The explanations made the recommendations less like a black box and easier to assess.,The visual summary showing why a student was classified as at risk was most useful.,"No major disagreement occurred, but I would still review the evidence before acting.",Training and a user-friendly system encourage collaboration; lack of technical support discourages it.,"The institution provides LMS platforms, internet access, and occasional digital teaching workshops.","Practical training on responsible AI use, interpretation of SHAP outputs, and classroom application would be helpful.",The predictions helped prioritise students for follow-up and intervention planning.,"Yes, especially when the dashboard displayed both supporting and opposing factors.",There should be clear accountability when an AI-supported recommendation negatively affects a student.,"The framework should include fairness monitoring, data-quality checks, and regular model validation.",Original sample
2026/06/15 1:41:33 PM GMT,Female,40-49,Faculty of Applied Sciences,Lecturer,5-10 years,50-100,High,Very High,4 - Agree,3 - Neutral,2 - Disagree,4 - Agree,5 - Strongly Agree,4 - Agree,4 - Agree,4 - Agree,4 - Agree,5 - Strongly Agree,4 - Agree,4 - Agree,5 - Strongly Agree,4 - Agree,5 - Strongly Agree,4 - Agree,4 - Agree,3 - Neutral,4 - Agree,5 - Strongly Agree,5 - Strongly Agree,4 - Agree,5 - Strongly Agree,4 - Agree,4 - Agree,4 - Agree,4 - Agree,5 - Strongly Agree,4 - Agree,4 - Agree,3 - Neutral,2 - Disagree,5 - Strongly Agree,5 - Strongly Agree,5 - Strongly Agree,4 - Agree,3 - Neutral,5 - Strongly Agree,4 - Agree,5 - Strongly Agree,3 - Neutral,4 - Agree,5 - Strongly Agree,5 - Strongly Agree,3 - Neutral,5 - Strongly Agree,They improved my confidence when the highlighted factors matched what I knew about the student.,The concise dashboard and explanation of individual predictions were helpful.,"Sometimes, particularly when the prediction did not reflect classroom participation and recent progress.","Reliable predictions and transparency encourage me, while bias, poor connectivity, and inaccurate data discourage me.","Support exists through ICT services and staff development programmes, although more AI-specific training is needed.",Scenario-based training using real classroom cases would improve confidence.,They were moderately useful and would be stronger when combined with current lecturer observations.,"Somewhat. The visual explanation was helpful, but additional contextual guidance would improve understanding.",There should be clear accountability when an AI-supported recommendation negatively affects a student.,Pilot the framework across multiple departments and retrain it regularly with representative institutional data.,Original sample
2026/06/15 1:42:33 PM GMT,Male,40-49,Faculty of Applied Sciences,Lecturer,11-15 years,50-100,Very High,Moderate,4 - Agree,5 - Strongly Agree,3 - Neutral,4 - Agree,3 - Neutral,4 - Agree,4 - Agree,5 - Strongly Agree,5 - Strongly Agree,4 - Agree,4 - Agree,4 - Agree,4 - Agree,2 - Disagree,4 - Agree,4 - Agree,4 - Agree,5 - Strongly Agree,5 - Strongly Agree,4 - Agree,3 - Neutral,4 - Agree,2 - Disagree,5 - Strongly Agree,4 - Agree,5 - Strongly Agree,4 - Agree,4 - Agree,4 - Agree,4 - Agree,4 - Agree,4 - Agree,4 - Agree,4 - Agree,5 - Strongly Agree,5 - Strongly Agree,5 - Strongly Agree,5 - Strongly Agree,3 - Neutral,4 - Agree,3 - Neutral,3 - Neutral,4 - Agree,5 - Strongly Agree,5 - Strongly Agree,4 - Agree,They improved my confidence when the highlighted factors matched what I knew about the student.,Feature importance and the direction of each factor helped me understand the recommendation.,"Yes, especially when my knowledge of the student's personal circumstances contradicted the recommendation.","Poor infrastructure, limited training, and unexplained recommendations would discourage collaboration.","Management supports technology use through infrastructure, technical assistance, and innovation initiatives.","Hands-on workshops on AI ethics, bias detection, data privacy, and decision-support tools are needed.",The predictions were useful for identifying students who may require early academic support.,"To a large extent, because I could see why the model reached a particular outcome.","Fairness should be tested across gender, programme, background, and other relevant student groups.","The framework should include fairness monitoring, data-quality checks, and regular model validation.",Original sample
2026/06/15 2:21:57 PM GMT,Male,40-49,Mechanical Engineering,Lecturer,5-10 years,101-200,Very High,Very High,4 - Agree,4 - Agree,4 - Agree,5 - Strongly Agree,4 - Agree,3 - Neutral,4 - Agree,4 - Agree,3 - Neutral,5 - Strongly Agree,3 - Neutral,5 - Strongly Agree,3 - Neutral,4 - Agree,5 - Strongly Agree,4 - Agree,4 - Agree,5 - Strongly Agree,5 - Strongly Agree,3 - Neutral,4 - Agree,3 - Neutral,4 - Agree,4 - Agree,5 - Strongly Agree,4 - Agree,3 - Neutral,3 - Neutral,3 - Neutral,4 - Agree,3 - Neutral,5 - Strongly Agree,5 - Strongly Agree,4 - Agree,4 - Agree,3 - Neutral,3 - Neutral,4 - Agree,5 - Strongly Agree,3 - Neutral,5 - Strongly Agree,4 - Agree,3 - Neutral,4 - Agree,5 - Strongly Agree,4 - Agree,They improved my confidence when the highlighted factors matched what I knew about the student.,The ranking of the most influential student factors was the most useful aspect.,"No major disagreement occurred, but I would still review the evidence before acting.","Reliable predictions and transparency encourage me, while bias, poor connectivity, and inaccurate data discourage me.",The institution encourages digital learning but formal AI policies and training are still developing.,"Training on fairness, transparency, privacy, and combining AI evidence with professional judgement is required.","They were useful for screening, but should not be used as the only basis for a decision.","They improved my understanding, although some technical terms required further explanation.","My main concerns are data privacy, inaccurate records, and possible bias against particular student groups.",Pilot the framework across multiple departments and retrain it regularly with representative institutional data.,Original sample
2026/06/15 2:38:44 PM GMT,Male,40-49,Accounting and Finance,Senior Lecturer,5-10 years,50-100,Very High,High,3 - Neutral,3 - Neutral,3 - Neutral,3 - Neutral,4 - Agree,3 - Neutral,3 - Neutral,4 - Agree,5 - Strongly Agree,5 - Strongly Agree,4 - Agree,4 - Agree,4 - Agree,4 - Agree,3 - Neutral,3 - Neutral,4 - Agree,4 - Agree,4 - Agree,3 - Neutral,3 - Neutral,3 - Neutral,3 - Neutral,3 - Neutral,4 - Agree,4 - Agree,2 - Disagree,4 - Agree,3 - Neutral,3 - Neutral,3 - Neutral,5 - Strongly Agree,5 - Strongly Agree,5 - Strongly Agree,5 - Strongly Agree,4 - Agree,3 - Neutral,3 - Neutral,3 - Neutral,3 - Neutral,4 - Agree,5 - Strongly Agree,3 - Neutral,5 - Strongly Agree,3 - Neutral,4 - Agree,The explanations made the recommendations less like a black box and easier to assess.,The visual summary showing why a student was classified as at risk was most useful.,Yes. I disagreed when the model overlooked recent improvements that were not yet captured in the data.,"Accuracy, clear explanations, data quality, institutional support, and respect for teacher judgement encourage collaboration.","The institution provides LMS platforms, internet access, and occasional digital teaching workshops.","Training on fairness, transparency, privacy, and combining AI evidence with professional judgement is required.",The predictions were useful for identifying students who may require early academic support.,"To a large extent, because I could see why the model reached a particular outcome.",The system may appear objective even when historical data contain unfair patterns.,"Include recent student progress, lecturer observations, and contextual factors in the model.",Original sample
2026/06/15 4:54:18 PM GMT,Female,40-49,Chemical Engineering & Technology,Lecturer,5-10 years,50-100,Very High,Moderate,2 - Disagree,4 - Agree,4 - Agree,1 - Strongly Disagree,4 - Agree,2 - Disagree,4 - Agree,3 - Neutral,3 - Neutral,4 - Agree,4 - Agree,3 - Neutral,3 - Neutral,3 - Neutral,4 - Agree,2 - Disagree,4 - Agree,5 - Strongly Agree,2 - Disagree,4 - Agree,5 - Strongly Agree,4 - Agree,3 - Neutral,5 - Strongly Agree,5 - Strongly Agree,4 - Agree,3 - Neutral,3 - Neutral,4 - Agree,2 - Disagree,3 - Neutral,3 - Neutral,3 - Neutral,4 - Agree,3 - Neutral,4 - Agree,5 - Strongly Agree,2 - Disagree,4 - Agree,3 - Neutral,5 - Strongly Agree,3 - Neutral,3 - Neutral,5 - Strongly Agree,5 - Strongly Agree,2 - Disagree,They improved trust because the important features influencing the prediction were visible.,The visual summary showing why a student was classified as at risk was most useful.,"Yes, especially when my knowledge of the student's personal circumstances contradicted the recommendation.","Reliable predictions and transparency encourage me, while bias, poor connectivity, and inaccurate data discourage me.","Management supports technology use through infrastructure, technical assistance, and innovation initiatives.","Regular workshops on data preparation, dashboard use, and responsible intervention planning would be useful.",They were moderately useful and would be stronger when combined with current lecturer observations.,"To a large extent, because I could see why the model reached a particular outcome.",I am concerned about overreliance on predictions and limited opportunities for students to challenge decisions.,Pilot the framework across multiple departments and retrain it regularly with representative institutional data.,Original sample
2026/06/15 5:27:27 PM GMT,Male,30-39,Mechanical Engineering,Associate Professor,Less than 5 years,50-100,Moderate,High,5 - Strongly Agree,5 - Strongly Agree,4 - Agree,4 - Agree,5 - Strongly Agree,4 - Agree,4 - Agree,5 - Strongly Agree,5 - Strongly Agree,4 - Agree,5 - Strongly Agree,4 - Agree,4 - Agree,5 - Strongly Agree,4 - Agree,5 - Strongly Agree,5 - Strongly Agree,5 - Strongly Agree,5 - Strongly Agree,5 - Strongly Agree,3 - Neutral,5 - Strongly Agree,4 - Agree,5 - Strongly Agree,4 - Agree,3 - Neutral,4 - Agree,3 - Neutral,4 - Agree,5 - Strongly Agree,5 - Strongly Agree,4 - Agree,5 - Strongly Agree,5 - Strongly Agree,3 - Neutral,5 - Strongly Agree,4 - Agree,5 - Strongly Agree,3 - Neutral,5 - Strongly Agree,4 - Agree,5 - Strongly Agree,5 - Strongly Agree,5 - Strongly Agree,5 - Strongly Agree,5 - Strongly Agree,The explanations made the recommendations less like a black box and easier to assess.,Feature importance and the direction of each factor helped me understand the recommendation.,"No major disagreement occurred, but I would still review the evidence before acting.","Reliable predictions and transparency encourage me, while bias, poor connectivity, and inaccurate data discourage me.","The institution provides LMS platforms, internet access, and occasional digital teaching workshops.","Hands-on workshops on AI ethics, bias detection, data privacy, and decision-support tools are needed.",They were moderately useful and would be stronger when combined with current lecturer observations.,Yes. The explanations clarified how each student factor contributed to the final prediction.,There should be clear accountability when an AI-supported recommendation negatively affects a student.,"Add confidence scores, simple language summaries, and links to the evidence supporting each prediction.",Original sample
2026/06/15 5:34:26 PM GMT,Male,50 and above,Management Studies,Senior Lecturer,5-10 years,Less than 50,Very High,Moderate,4 - Agree,4 - Agree,4 - Agree,4 - Agree,4 - Agree,3 - Neutral,4 - Agree,3 - Neutral,5 - Strongly Agree,3 - Neutral,3 - Neutral,4 - Agree,5 - Strongly Agree,4 - Agree,4 - Agree,3 - Neutral,2 - Disagree,4 - Agree,3 - Neutral,4 - Agree,2 - Disagree,5 - Strongly Agree,3 - Neutral,2 - Disagree,3 - Neutral,3 - Neutral,3 - Neutral,1 - Strongly Disagree,4 - Agree,3 - Neutral,2 - Disagree,3 - Neutral,4 - Agree,3 - Neutral,4 - Agree,4 - Agree,3 - Neutral,4 - Agree,3 - Neutral,4 - Agree,2 - Disagree,3 - Neutral,3 - Neutral,2 - Disagree,4 - Agree,4 - Agree,The explanations increased our confidence by showing the main factors behind each recommendation.,The ranking of the most influential student factors was the most useful aspect.,"Yes, especially when my knowledge of the student's personal circumstances contradicted the recommendation.",I am encouraged when AI complements rather than replaces professional judgement.,Current support is moderate and mainly focuses on general educational technology rather than AI.,"Hands-on workshops on AI ethics, bias detection, data privacy, and decision-support tools are needed.",The predictions were useful for identifying students who may require early academic support.,Yes. The explanations clarified how each student factor contributed to the final prediction.,"I am concerned about biased training data, unequal treatment of students, and insufficient transparency.",Pilot the framework across multiple departments and retrain it regularly with representative institutional data.,Original sample
2026/06/15 5:52:29 PM GMT,Male,40-49,Food Technology,Senior Lecturer,11-15 years,101-200,Moderate,High,3 - Neutral,2 - Disagree,5 - Strongly Agree,3 - Neutral,3 - Neutral,3 - Neutral,4 - Agree,4 - Agree,3 - Neutral,3 - Neutral,3 - Neutral,4 - Agree,3 - Neutral,3 - Neutral,2 - Disagree,2 - Disagree,2 - Disagree,4 - Agree,4 - Agree,2 - Disagree,2 - Disagree,3 - Neutral,2 - Disagree,3 - Neutral,3 - Neutral,2 - Disagree,4 - Agree,3 - Neutral,3 - Neutral,2 - Disagree,2 - Disagree,5 - Strongly Agree,3 - Neutral,3 - Neutral,4 - Agree,3 - Neutral,3 - Neutral,3 - Neutral,3 - Neutral,3 - Neutral,4 - Agree,4 - Agree,3 - Neutral,2 - Disagree,3 - Neutral,2 - Disagree,The explanations made the recommendations less like a black box and easier to assess.,The visual summary showing why a student was classified as at risk was most useful.,"No major disagreement occurred, but I would still review the evidence before acting.",Training and a user-friendly system encourage collaboration; lack of technical support discourages it.,"Management supports technology use through infrastructure, technical assistance, and innovation initiatives.",Scenario-based training using real classroom cases would improve confidence.,They were helpful in identifying patterns that may not be immediately visible in routine classroom monitoring.,"They improved my understanding, although some technical terms required further explanation.",There should be clear accountability when an AI-supported recommendation negatively affects a student.,"Provide role-based access, stronger privacy controls, and an audit trail for decisions.",Original sample
2026/06/16 8:26:16 AM GMT,Female,30-39,Accounting and Finance,Lecturer,5-10 years,101-200,High,Moderate,3 - Neutral,5 - Strongly Agree,4 - Agree,4 - Agree,4 - Agree,4 - Agree,3 - Neutral,4 - Agree,5 - Strongly Agree,5 - Strongly Agree,3 - Neutral,4 - Agree,5 - Strongly Agree,4 - Agree,5 - Strongly Agree,5 - Strongly Agree,4 - Agree,4 - Agree,5 - Strongly Agree,5 - Strongly Agree,4 - Agree,4 - Agree,5 - Strongly Agree,4 - Agree,4 - Agree,4 - Agree,2 - Disagree,3 - Neutral,3 - Neutral,3 - Neutral,4 - Agree,4 - Agree,3 - Neutral,4 - Agree,5 - Strongly Agree,5 - Strongly Agree,2 - Disagree,2 - Disagree,4 - Agree,5 - Strongly Agree,3 - Neutral,4 - Agree,4 - Agree,4 - Agree,3 - Neutral,3 - Neutral,"My trust improved, but only when the explanation was clear and supported by accurate student data.",The visual summary showing why a student was classified as at risk was most useful.,Occasionally. I relied on professional judgement when the available data were incomplete.,"Evidence of fairness, privacy protection, and consistent performance would encourage collaboration.","The institution provides LMS platforms, internet access, and occasional digital teaching workshops.","Regular workshops on data preparation, dashboard use, and responsible intervention planning would be useful.",The predictions were useful for identifying students who may require early academic support.,Yes. SHAP made the prediction process more transparent and easier to interpret.,The system may appear objective even when historical data contain unfair patterns.,"Add confidence scores, simple language summaries, and links to the evidence supporting each prediction.",Original sample
2026/06/16 10:22:32 AM GMT,Male,40-49,Computer Science,Lecturer,11-15 years,101-200,Very High,Very High,4 - Agree,3 - Neutral,5 - Strongly Agree,4 - Agree,5 - Strongly Agree,4 - Agree,4 - Agree,5 - Strongly Agree,5 - Strongly Agree,4 - Agree,4 - Agree,3 - Neutral,4 - Agree,5 - Strongly Agree,4 - Agree,3 - Neutral,5 - Strongly Agree,4 - Agree,5 - Strongly Agree,4 - Agree,5 - Strongly Agree,5 - Strongly Agree,5 - Strongly Agree,5 - Strongly Agree,3 - Neutral,4 - Agree,4 - Agree,3 - Neutral,3 - Neutral,5 - Strongly Agree,3 - Neutral,5 - Strongly Agree,4 - Agree,4 - Agree,5 - Strongly Agree,4 - Agree,5 - Strongly Agree,5 - Strongly Agree,4 - Agree,5 - Strongly Agree,4 - Agree,4 - Agree,4 - Agree,5 - Strongly Agree,3 - Neutral,4 - Agree,"My trust improved, but only when the explanation was clear and supported by accurate student data.","The clear identification of attendance, assessment scores, and participation patterns supported decision-making.","No major disagreement occurred, but I would still review the evidence before acting.","Poor infrastructure, limited training, and unexplained recommendations would discourage collaboration.","The institution provides computer laboratories and technical support, but access and connectivity can be improved.","Regular workshops on data preparation, dashboard use, and responsible intervention planning would be useful.",They were helpful in identifying patterns that may not be immediately visible in routine classroom monitoring.,"They improved my understanding, although some technical terms required further explanation.",The system may appear objective even when historical data contain unfair patterns.,"Include recent student progress, lecturer observations, and contextual factors in the model.",Original sample
2026/06/16 10:33:13 AM GMT,Female,40-49,Management Studies,Lecturer,5-10 years,101-200,High,Moderate,3 - Neutral,4 - Agree,5 - Strongly Agree,4 - Agree,3 - Neutral,5 - Strongly Agree,4 - Agree,4 - Agree,3 - Neutral,5 - Strongly Agree,4 - Agree,3 - Neutral,3 - Neutral,4 - Agree,4 - Agree,4 - Agree,4 - Agree,3 - Neutral,5 - Strongly Agree,3 - Neutral,3 - Neutral,4 - Agree,4 - Agree,5 - Strongly Agree,3 - Neutral,4 - Agree,3 - Neutral,2 - Disagree,4 - Agree,4 - Agree,3 - Neutral,4 - Agree,4 - Agree,4 - Agree,5 - Strongly Agree,5 - Strongly Agree,5 - Strongly Agree,4 - Agree,4 - Agree,4 - Agree,4 - Agree,4 - Agree,4 - Agree,4 - Agree,2 - Disagree,2 - Disagree,They improved my confidence when the highlighted factors matched what I knew about the student.,The visual summary showing why a student was classified as at risk was most useful.,"Sometimes, particularly when the prediction did not reflect classroom participation and recent progress.","Reliable predictions and transparency encourage me, while bias, poor connectivity, and inaccurate data discourage me.","The institution provides LMS platforms, internet access, and occasional digital teaching workshops.","Regular workshops on data preparation, dashboard use, and responsible intervention planning would be useful.",The predictions were useful for identifying students who may require early academic support.,"Somewhat. The visual explanation was helpful, but additional contextual guidance would improve understanding.","My main concerns are data privacy, inaccurate records, and possible bias against particular student groups.","The framework should include fairness monitoring, data-quality checks, and regular model validation.",Original sample
2026/06/16 11:35:02 AM GMT,Female,50 and above,Faculty of Applied Sciences,Associate Professor,More than 15 years,50-100,High,Moderate,4 - Agree,4 - Agree,5 - Strongly Agree,4 - Agree,4 - Agree,3 - Neutral,4 - Agree,3 - Neutral,4 - Agree,3 - Neutral,4 - Agree,3 - Neutral,3 - Neutral,4 - Agree,5 - Strongly Agree,4 - Agree,2 - Disagree,3 - Neutral,2 - Disagree,4 - Agree,3 - Neutral,4 - Agree,3 - Neutral,4 - Agree,5 - Strongly Agree,5 - Strongly Agree,4 - Agree,3 - Neutral,3 - Neutral,3 - Neutral,3 - Neutral,4 - Agree,5 - Strongly Agree,4 - Agree,4 - Agree,3 - Neutral,5 - Strongly Agree,4 - Agree,3 - Neutral,4 - Agree,4 - Agree,5 - Strongly Agree,4 - Agree,3 - Neutral,3 - Neutral,4 - Agree,They improved trust because the important features influencing the prediction were visible.,The ranking of the most influential student factors was the most useful aspect.,Occasionally. I relied on professional judgement when the available data were incomplete.,"Reliable predictions and transparency encourage me, while bias, poor connectivity, and inaccurate data discourage me.","Management supports technology use through infrastructure, technical assistance, and innovation initiatives.",Scenario-based training using real classroom cases would improve confidence.,They were helpful in identifying patterns that may not be immediately visible in routine classroom monitoring.,Yes. SHAP made the prediction process more transparent and easier to interpret.,"Fairness should be tested across gender, programme, background, and other relevant student groups.","Add confidence scores, simple language summaries, and links to the evidence supporting each prediction.",Original sample
2026/06/16 1:28:38 PM GMT,Male,30-39,Computer Science,Assistant Lecturer,11-15 years,50-100,Very High,High,4 - Agree,4 - Agree,4 - Agree,4 - Agree,2 - Disagree,3 - Neutral,4 - Agree,4 - Agree,4 - Agree,4 - Agree,4 - Agree,3 - Neutral,5 - Strongly Agree,5 - Strongly Agree,3 - Neutral,3 - Neutral,3 - Neutral,5 - Strongly Agree,3 - Neutral,3 - Neutral,3 - Neutral,4 - Agree,4 - Agree,3 - Neutral,5 - Strongly Agree,3 - Neutral,4 - Agree,3 - Neutral,5 - Strongly Agree,4 - Agree,1 - Strongly Disagree,4 - Agree,3 - Neutral,3 - Neutral,5 - Strongly Agree,4 - Agree,4 - Agree,3 - Neutral,4 - Agree,3 - Neutral,5 - Strongly Agree,3 - Neutral,4 - Agree,5 - Strongly Agree,3 - Neutral,4 - Agree,"Trust increased moderately, although I would still confirm recommendations with my professional judgement.",The ranking of the most influential student factors was the most useful aspect.,Yes. I disagreed when the model overlooked recent improvements that were not yet captured in the data.,Training and a user-friendly system encourage collaboration; lack of technical support discourages it.,"The institution provides LMS platforms, internet access, and occasional digital teaching workshops.","Hands-on workshops on AI ethics, bias detection, data privacy, and decision-support tools are needed.","They were useful for screening, but should not be used as the only basis for a decision.","They improved my understanding, although some technical terms required further explanation.","My main concerns are data privacy, inaccurate records, and possible bias against particular student groups.","The framework should include fairness monitoring, data-quality checks, and regular model validation.",Original sample
2026/06/16 3:23:29 PM GMT,Male,30-39,Hospitality and Tourism Management,Lecturer,11-15 years,101-200,High,Low,4 - Agree,4 - Agree,4 - Agree,4 - Agree,3 - Neutral,4 - Agree,5 - Strongly Agree,3 - Neutral,5 - Strongly Agree,5 - Strongly Agree,3 - Neutral,4 - Agree,3 - Neutral,5 - Strongly Agree,5 - Strongly Agree,4 - Agree,4 - Agree,4 - Agree,5 - Strongly Agree,5 - Strongly Agree,3 - Neutral,4 - Agree,4 - Agree,4 - Agree,5 - Strongly Agree,4 - Agree,1 - Strongly Disagree,4 - Agree,3 - Neutral,3 - Neutral,2 - Disagree,4 - Agree,5 - Strongly Agree,4 - Agree,5 - Strongly Agree,5 - Strongly Agree,3 - Neutral,4 - Agree,3 - Neutral,5 - Strongly Agree,3 - Neutral,3 - Neutral,5 - Strongly Agree,5 - Strongly Agree,4 - Agree,2 - Disagree,They improved my confidence when the highlighted factors matched what I knew about the student.,"The clear identification of attendance, assessment scores, and participation patterns supported decision-making.",Yes. I disagreed when the model overlooked recent improvements that were not yet captured in the data.,"Reliable predictions and transparency encourage me, while bias, poor connectivity, and inaccurate data discourage me.","Support exists through ICT services and staff development programmes, although more AI-specific training is needed.",Scenario-based training using real classroom cases would improve confidence.,They were moderately useful and would be stronger when combined with current lecturer observations.,"They improved my understanding, although some technical terms required further explanation.","My main concerns are data privacy, inaccurate records, and possible bias against particular student groups.","The framework should include fairness monitoring, data-quality checks, and regular model validation.",Original sample
2026/06/16 5:26:34 PM GMT,Male,30-39,Building Technology,Lecturer,Less than 5 years,Less than 50,High,Moderate,3 - Neutral,2 - Disagree,3 - Neutral,4 - Agree,3 - Neutral,4 - Agree,4 - Agree,3 - Neutral,3 - Neutral,4 - Agree,3 - Neutral,2 - Disagree,4 - Agree,4 - Agree,2 - Disagree,4 - Agree,3 - Neutral,4 - Agree,4 - Agree,3 - Neutral,4 - Agree,5 - Strongly Agree,5 - Strongly Agree,3 - Neutral,4 - Agree,3 - Neutral,3 - Neutral,4 - Agree,2 - Disagree,4 - Agree,2 - Disagree,3 - Neutral,3 - Neutral,5 - Strongly Agree,5 - Strongly Agree,4 - Agree,4 - Agree,5 - Strongly Agree,3 - Neutral,4 - Agree,2 - Disagree,3 - Neutral,2 - Disagree,4 - Agree,5 - Strongly Agree,3 - Neutral,They improved trust because the important features influencing the prediction were visible.,The concise dashboard and explanation of individual predictions were helpful.,"Yes, especially when my knowledge of the student's personal circumstances contradicted the recommendation.",Training and a user-friendly system encourage collaboration; lack of technical support discourages it.,"Management supports technology use through infrastructure, technical assistance, and innovation initiatives.","Hands-on workshops on AI ethics, bias detection, data privacy, and decision-support tools are needed.",The predictions were useful for identifying students who may require early academic support.,"Somewhat. The visual explanation was helpful, but additional contextual guidance would improve understanding.",There should be clear accountability when an AI-supported recommendation negatively affects a student.,"Add confidence scores, simple language summaries, and links to the evidence supporting each prediction.",Original sample
2026/06/16 6:14:39 PM GMT,Female,40-49,Hospitality and Tourism Management,Senior Lecturer,More than 15 years,50-100,High,High,4 - Agree,3 - Neutral,3 - Neutral,3 - Neutral,4 - Agree,3 - Neutral,5 - Strongly Agree,3 - Neutral,4 - Agree,4 - Agree,3 - Neutral,3 - Neutral,3 - Neutral,5 - Strongly Agree,3 - Neutral,4 - Agree,3 - Neutral,4 - Agree,4 - Agree,3 - Neutral,4 - Agree,4 - Agree,4 - Agree,4 - Agree,3 - Neutral,4 - Agree,4 - Agree,4 - Agree,4 - Agree,4 - Agree,4 - Agree,3 - Neutral,5 - Strongly Agree,5 - Strongly Agree,4 - Agree,3 - Neutral,4 - Agree,4 - Agree,2 - Disagree,3 - Neutral,3 - Neutral,3 - Neutral,4 - Agree,5 - Strongly Agree,4 - Agree,3 - Neutral,"My trust improved, but only when the explanation was clear and supported by accurate student data.",The visual summary showing why a student was classified as at risk was most useful.,"Sometimes, particularly when the prediction did not reflect classroom participation and recent progress.",Training and a user-friendly system encourage collaboration; lack of technical support discourages it.,The institution encourages digital learning but formal AI policies and training are still developing.,Scenario-based training using real classroom cases would improve confidence.,The results provided an early warning that could guide further investigation.,Yes. SHAP made the prediction process more transparent and easier to interpret.,I am concerned about overreliance on predictions and limited opportunities for students to challenge decisions.,Pilot the framework across multiple departments and retrain it regularly with representative institutional data.,Original sample
2026/06/17 7:58:55 AM GMT,Male,40-49,Hospitality and Tourism Management,Lecturer,More than 15 years,Less than 50,High,Moderate,4 - Agree,4 - Agree,4 - Agree,5 - Strongly Agree,5 - Strongly Agree,5 - Strongly Agree,4 - Agree,4 - Agree,5 - Strongly Agree,4 - Agree,4 - Agree,5 - Strongly Agree,3 - Neutral,4 - Agree,4 - Agree,5 - Strongly Agree,3 - Neutral,5 - Strongly Agree,4 - Agree,3 - Neutral,3 - Neutral,5 - Strongly Agree,4 - Agree,4 - Agree,4 - Agree,4 - Agree,3 - Neutral,3 - Neutral,4 - Agree,3 - Neutral,3 - Neutral,5 - Strongly Agree,5 - Strongly Agree,5 - Strongly Agree,4 - Agree,3 - Neutral,3 - Neutral,4 - Agree,3 - Neutral,4 - Agree,5 - Strongly Agree,5 - Strongly Agree,5 - Strongly Agree,4 - Agree,5 - Strongly Agree,3 - Neutral,The explanations made the recommendations less like a black box and easier to assess.,Feature importance and the direction of each factor helped me understand the recommendation.,"No major disagreement occurred, but I would still review the evidence before acting.","Evidence of fairness, privacy protection, and consistent performance would encourage collaboration.",The institution encourages digital learning but formal AI policies and training are still developing.,"Practical training on responsible AI use, interpretation of SHAP outputs, and classroom application would be helpful.",The predictions helped prioritise students for follow-up and intervention planning.,Yes. The explanations clarified how each student factor contributed to the final prediction.,"I am concerned about biased training data, unequal treatment of students, and insufficient transparency.","Improve the dashboard, include clearer local explanations, and allow lecturers to provide feedback on recommendations.",Original sample
2026/06/17 8:06:57 AM GMT,Male,40-49,Faculty of Applied Sciences,Professor,Less than 5 years,50-100,Low,Very High,5 - Strongly Agree,5 - Strongly Agree,4 - Agree,5 - Strongly Agree,4 - Agree,5 - Strongly Agree,4 - Agree,4 - Agree,5 - Strongly Agree,5 - Strongly Agree,5 - Strongly Agree,3 - Neutral,5 - Strongly Agree,4 - Agree,5 - Strongly Agree,5 - Strongly Agree,5 - Strongly Agree,5 - Strongly Agree,4 - Agree,4 - Agree,5 - Strongly Agree,5 - Strongly Agree,4 - Agree,5 - Strongly Agree,3 - Neutral,5 - Strongly Agree,4 - Agree,4 - Agree,4 - Agree,4 - Agree,4 - Agree,5 - Strongly Agree,5 - Strongly Agree,5 - Strongly Agree,5 - Strongly Agree,5 - Strongly Agree,4 - Agree,4 - Agree,5 - Strongly Agree,5 - Strongly Agree,5 - Strongly Agree,5 - Strongly Agree,4 - Agree,4 - Agree,5 - Strongly Agree,3 - Neutral,They improved trust because the important features influencing the prediction were visible.,The visual summary showing why a student was classified as at risk was most useful.,Yes. Some recommendations appeared too dependent on historical assessment scores.,I am encouraged when AI complements rather than replaces professional judgement.,Current support is moderate and mainly focuses on general educational technology rather than AI.,"Training should cover basic AI literacy, model limitations, and how to interpret prediction explanations.","They were useful for screening, but should not be used as the only basis for a decision.","Yes, especially when the dashboard displayed both supporting and opposing factors.",The system may appear objective even when historical data contain unfair patterns.,Pilot the framework across multiple departments and retrain it regularly with representative institutional data.,Original sample
2026/06/17 8:17:08 AM GMT,Male,40-49,Mechanical Engineering,Senior Lecturer,5-10 years,101-200,Very High,Moderate,4 - Agree,4 - Agree,2 - Disagree,4 - Agree,4 - Agree,3 - Neutral,5 - Strongly Agree,3 - Neutral,4 - Agree,3 - Neutral,3 - Neutral,3 - Neutral,4 - Agree,3 - Neutral,4 - Agree,4 - Agree,3 - Neutral,3 - Neutral,4 - Agree,4 - Agree,3 - Neutral,3 - Neutral,4 - Agree,3 - Neutral,4 - Agree,3 - Neutral,3 - Neutral,2 - Disagree,3 - Neutral,3 - Neutral,2 - Disagree,4 - Agree,4 - Agree,4 - Agree,4 - Agree,5 - Strongly Agree,2 - Disagree,4 - Agree,3 - Neutral,4 - Agree,4 - Agree,3 - Neutral,4 - Agree,3 - Neutral,3 - Neutral,5 - Strongly Agree,"Trust increased moderately, although I would still confirm recommendations with my professional judgement.","The clear identification of attendance, assessment scores, and participation patterns supported decision-making.","Yes, especially when my knowledge of the student's personal circumstances contradicted the recommendation.","Evidence of fairness, privacy protection, and consistent performance would encourage collaboration.","The institution provides computer laboratories and technical support, but access and connectivity can be improved.",Scenario-based training using real classroom cases would improve confidence.,The predictions helped prioritise students for follow-up and intervention planning.,"Yes, especially when the dashboard displayed both supporting and opposing factors.","I am concerned about biased training data, unequal treatment of students, and insufficient transparency.","Include recent student progress, lecturer observations, and contextual factors in the model.",Original sample
2026/06/17 8:32:26 AM GMT,Female,40-49,Pharmaceutical Sciences,Professor,11-15 years,Above 200,Very High,High,5 - Strongly Agree,5 - Strongly Agree,4 - Agree,4 - Agree,4 - Agree,5 - Strongly Agree,5 - Strongly Agree,4 - Agree,3 - Neutral,3 - Neutral,5 - Strongly Agree,5 - Strongly Agree,5 - Strongly Agree,5 - Strongly Agree,3 - Neutral,5 - Strongly Agree,4 - Agree,5 - Strongly Agree,4 - Agree,5 - Strongly Agree,4 - Agree,5 - Strongly Agree,5 - Strongly Agree,3 - Neutral,5 - Strongly Agree,5 - Strongly Agree,4 - Agree,3 - Neutral,4 - Agree,4 - Agree,4 - Agree,5 - Strongly Agree,5 - Strongly Agree,5 - Strongly Agree,5 - Strongly Agree,5 - Strongly Agree,3 - Neutral,4 - Agree,5 - Strongly Agree,3 - Neutral,4 - Agree,5 - Strongly Agree,5 - Strongly Agree,5 - Strongly Agree,3 - Neutral,5 - Strongly Agree,They improved my confidence when the highlighted factors matched what I knew about the student.,The comparison of positive and negative contributing factors was most useful.,"Yes, especially when my knowledge of the student's personal circumstances contradicted the recommendation.","Accuracy, clear explanations, data quality, institutional support, and respect for teacher judgement encourage collaboration.","The institution provides LMS platforms, internet access, and occasional digital teaching workshops.","Practical training on responsible AI use, interpretation of SHAP outputs, and classroom application would be helpful.",The predictions helped prioritise students for follow-up and intervention planning.,"Somewhat. The visual explanation was helpful, but additional contextual guidance would improve understanding.","I am concerned about biased training data, unequal treatment of students, and insufficient transparency.","Improve the dashboard, include clearer local explanations, and allow lecturers to provide feedback on recommendations.",Original sample
2026/06/17 1:13:42 PM GMT,Female,30-39,Building Technology,Lecturer,5-10 years,50-100,High,Very High,3 - Neutral,4 - Agree,4 - Agree,4 - Agree,2 - Disagree,5 - Strongly Agree,5 - Strongly Agree,4 - Agree,3 - Neutral,3 - Neutral,3 - Neutral,5 - Strongly Agree,4 - Agree,2 - Disagree,2 - Disagree,3 - Neutral,3 - Neutral,4 - Agree,3 - Neutral,5 - Strongly Agree,4 - Agree,4 - Agree,4 - Agree,2 - Disagree,5 - Strongly Agree,4 - Agree,3 - Neutral,2 - Disagree,3 - Neutral,3 - Neutral,3 - Neutral,4 - Agree,4 - Agree,5 - Strongly Agree,4 - Agree,4 - Agree,4 - Agree,4 - Agree,3 - Neutral,4 - Agree,3 - Neutral,2 - Disagree,3 - Neutral,3 - Neutral,4 - Agree,3 - Neutral,They improved my confidence when the highlighted factors matched what I knew about the student.,The concise dashboard and explanation of individual predictions were helpful.,Occasionally. I relied on professional judgement when the available data were incomplete.,I am encouraged when AI complements rather than replaces professional judgement.,The institution encourages digital learning but formal AI policies and training are still developing.,"Training should cover basic AI literacy, model limitations, and how to interpret prediction explanations.",The results provided an early warning that could guide further investigation.,"To a large extent, because I could see why the model reached a particular outcome.","I am concerned about biased training data, unequal treatment of students, and insufficient transparency.","Provide role-based access, stronger privacy controls, and an audit trail for decisions.",Original sample
2026/06/17 2:06:19 PM GMT,Male,50 and above,Chemical Engineering & Technology,Lecturer,More than 15 years,Above 200,Moderate,Very High,5 - Strongly Agree,4 - Agree,4 - Agree,4 - Agree,5 - Strongly Agree,4 - Agree,5 - Strongly Agree,5 - Strongly Agree,4 - Agree,5 - Strongly Agree,3 - Neutral,5 - Strongly Agree,5 - Strongly Agree,5 - Strongly Agree,5 - Strongly Agree,4 - Agree,4 - Agree,4 - Agree,4 - Agree,3 - Neutral,4 - Agree,3 - Neutral,5 - Strongly Agree,4 - Agree,3 - Neutral,4 - Agree,3 - Neutral,2 - Disagree,4 - Agree,2 - Disagree,4 - Agree,5 - Strongly Agree,5 - Strongly Agree,5 - Strongly Agree,5 - Strongly Agree,5 - Strongly Agree,4 - Agree,5 - Strongly Agree,4 - Agree,5 - Strongly Agree,4 - Agree,4 - Agree,4 - Agree,4 - Agree,4 - Agree,4 - Agree,They improved my confidence when the highlighted factors matched what I knew about the student.,The concise dashboard and explanation of individual predictions were helpful.,Occasionally. I relied on professional judgement when the available data were incomplete.,Training and a user-friendly system encourage collaboration; lack of technical support discourages it.,"The institution provides LMS platforms, internet access, and occasional digital teaching workshops.","Hands-on workshops on AI ethics, bias detection, data privacy, and decision-support tools are needed.","They were useful for screening, but should not be used as the only basis for a decision.",Yes. The explanations clarified how each student factor contributed to the final prediction.,There should be clear accountability when an AI-supported recommendation negatively affects a student.,"Include recent student progress, lecturer observations, and contextual factors in the model.",Original sample
2026/06/17 2:25:00 PM GMT,Female,50 and above,Electrical and Electronic Engineering,Senior Lecturer,More than 15 years,Less than 50,High,Very High,4 - Agree,5 - Strongly Agree,5 - Strongly Agree,4 - Agree,4 - Agree,4 - Agree,5 - Strongly Agree,5 - Strongly Agree,5 - Strongly Agree,4 - Agree,5 - Strongly Agree,3 - Neutral,4 - Agree,2 - Disagree,4 - Agree,4 - Agree,5 - Strongly Agree,4 - Agree,5 - Strongly Agree,3 - Neutral,4 - Agree,2 - Disagree,5 - Strongly Agree,3 - Neutral,4 - Agree,3 - Neutral,3 - Neutral,3 - Neutral,4 - Agree,4 - Agree,3 - Neutral,5 - Strongly Agree,5 - Strongly Agree,5 - Strongly Agree,5 - Strongly Agree,5 - Strongly Agree,3 - Neutral,4 - Agree,4 - Agree,4 - Agree,5 - Strongly Agree,4 - Agree,5 - Strongly Agree,4 - Agree,4 - Agree,4 - Agree,They improved trust because the important features influencing the prediction were visible.,The ranking of the most influential student factors was the most useful aspect.,Yes. I disagreed when the model overlooked recent improvements that were not yet captured in the data.,I am encouraged when AI complements rather than replaces professional judgement.,"The institution provides computer laboratories and technical support, but access and connectivity can be improved.","Hands-on workshops on AI ethics, bias detection, data privacy, and decision-support tools are needed.",The predictions helped prioritise students for follow-up and intervention planning.,Yes. The explanations clarified how each student factor contributed to the final prediction.,"Fairness should be tested across gender, programme, background, and other relevant student groups.","Provide role-based access, stronger privacy controls, and an audit trail for decisions.",Original sample
2026/06/17 4:05:06 PM GMT,Female,30-39,Accounting and Finance,Assistant Lecturer,5-10 years,101-200,Very High,High,4 - Agree,4 - Agree,2 - Disagree,2 - Disagree,3 - Neutral,3 - Neutral,4 - Agree,3 - Neutral,4 - Agree,4 - Agree,4 - Agree,4 - Agree,3 - Neutral,4 - Agree,3 - Neutral,4 - Agree,4 - Agree,3 - Neutral,5 - Strongly Agree,4 - Agree,3 - Neutral,2 - Disagree,3 - Neutral,2 - Disagree,4 - Agree,2 - Disagree,4 - Agree,2 - Disagree,3 - Neutral,4 - Agree,3 - Neutral,4 - Agree,5 - Strongly Agree,3 - Neutral,4 - Agree,5 - Strongly Agree,4 - Agree,4 - Agree,4 - Agree,4 - Agree,4 - Agree,3 - Neutral,4 - Agree,3 - Neutral,2 - Disagree,3 - Neutral,"Trust increased moderately, although I would still confirm recommendations with my professional judgement.",The comparison of positive and negative contributing factors was most useful.,"No major disagreement occurred, but I would still review the evidence before acting.","Evidence of fairness, privacy protection, and consistent performance would encourage collaboration.","Management supports technology use through infrastructure, technical assistance, and innovation initiatives.","Training on fairness, transparency, privacy, and combining AI evidence with professional judgement is required.","They were useful for screening, but should not be used as the only basis for a decision.",Yes. The explanations clarified how each student factor contributed to the final prediction.,There should be clear accountability when an AI-supported recommendation negatively affects a student.,Pilot the framework across multiple departments and retrain it regularly with representative institutional data.,Original sample
2026/06/17 4:29:08 PM GMT,Female,30-39,Accounting and Finance,Assistant Lecturer,5-10 years,Less than 50,High,High,5 - Strongly Agree,4 - Agree,4 - Agree,3 - Neutral,5 - Strongly Agree,4 - Agree,4 - Agree,4 - Agree,5 - Strongly Agree,5 - Strongly Agree,4 - Agree,5 - Strongly Agree,5 - Strongly Agree,5 - Strongly Agree,5 - Strongly Agree,5 - Strongly Agree,4 - Agree,4 - Agree,4 - Agree,5 - Strongly Agree,4 - Agree,4 - Agree,5 - Strongly Agree,4 - Agree,4 - Agree,5 - Strongly Agree,3 - Neutral,3 - Neutral,5 - Strongly Agree,3 - Neutral,4 - Agree,5 - Strongly Agree,5 - Strongly Agree,5 - Strongly Agree,5 - Strongly Agree,5 - Strongly Agree,5 - Strongly Agree,4 - Agree,5 - Strongly Agree,4 - Agree,4 - Agree,4 - Agree,5 - Strongly Agree,5 - Strongly Agree,4 - Agree,4 - Agree,The explanations increased our confidence by showing the main factors behind each recommendation.,The visual summary showing why a student was classified as at risk was most useful.,"Sometimes, particularly when the prediction did not reflect classroom participation and recent progress.","Poor infrastructure, limited training, and unexplained recommendations would discourage collaboration.","The institution provides computer laboratories and technical support, but access and connectivity can be improved.","Regular workshops on data preparation, dashboard use, and responsible intervention planning would be useful.",The results provided an early warning that could guide further investigation.,"They improved my understanding, although some technical terms required further explanation.",There should be clear accountability when an AI-supported recommendation negatively affects a student.,"Provide role-based access, stronger privacy controls, and an audit trail for decisions.",Original sample
2026/06/17 4:59:24 PM GMT,Female,50 and above,Hospitality and Tourism Management,Lecturer,More than 15 years,101-200,High,Moderate,5 - Strongly Agree,3 - Neutral,4 - Agree,4 - Agree,5 - Strongly Agree,4 - Agree,4 - Agree,5 - Strongly Agree,2 - Disagree,4 - Agree,4 - Agree,4 - Agree,5 - Strongly Agree,3 - Neutral,4 - Agree,4 - Agree,4 - Agree,4 - Agree,3 - Neutral,3 - Neutral,4 - Agree,3 - Neutral,4 - Agree,4 - Agree,3 - Neutral,5 - Strongly Agree,4 - Agree,3 - Neutral,4 - Agree,5 - Strongly Agree,5 - Strongly Agree,5 - Strongly Agree,4 - Agree,4 - Agree,3 - Neutral,5 - Strongly Agree,4 - Agree,4 - Agree,3 - Neutral,4 - Agree,3 - Neutral,4 - Agree,4 - Agree,4 - Agree,4 - Agree,4 - Agree,"My trust improved, but only when the explanation was clear and supported by accurate student data.",The comparison of positive and negative contributing factors was most useful.,"No major disagreement occurred, but I would still review the evidence before acting.",Training and a user-friendly system encourage collaboration; lack of technical support discourages it.,"The institution provides computer laboratories and technical support, but access and connectivity can be improved.","Regular workshops on data preparation, dashboard use, and responsible intervention planning would be useful.","They were useful for screening, but should not be used as the only basis for a decision.","Somewhat. The visual explanation was helpful, but additional contextual guidance would improve understanding.",The system may appear objective even when historical data contain unfair patterns.,"The framework should include fairness monitoring, data-quality checks, and regular model validation.",Original sample
2026/06/17 5:20:02 PM GMT,Female,40-49,Faculty of Applied Sciences,Associate Professor,5-10 years,50-100,Moderate,Low,4 - Agree,2 - Disagree,3 - Neutral,2 - Disagree,2 - Disagree,3 - Neutral,3 - Neutral,3 - Neutral,4 - Agree,3 - Neutral,3 - Neutral,3 - Neutral,3 - Neutral,3 - Neutral,3 - Neutral,3 - Neutral,2 - Disagree,3 - Neutral,2 - Disagree,3 - Neutral,3 - Neutral,2 - Disagree,3 - Neutral,3 - Neutral,4 - Agree,3 - Neutral,2 - Disagree,2 - Disagree,3 - Neutral,3 - Neutral,2 - Disagree,4 - Agree,3 - Neutral,2 - Disagree,5 - Strongly Agree,3 - Neutral,4 - Agree,3 - Neutral,3 - Neutral,3 - Neutral,3 - Neutral,3 - Neutral,3 - Neutral,3 - Neutral,3 - Neutral,4 - Agree,The explanations increased our confidence by showing the main factors behind each recommendation.,"The clear identification of attendance, assessment scores, and participation patterns supported decision-making.",Occasionally. I relied on professional judgement when the available data were incomplete.,"Poor infrastructure, limited training, and unexplained recommendations would discourage collaboration.","The institution provides LMS platforms, internet access, and occasional digital teaching workshops.","Hands-on workshops on AI ethics, bias detection, data privacy, and decision-support tools are needed.",The results provided an early warning that could guide further investigation.,"To a large extent, because I could see why the model reached a particular outcome.",The system may appear objective even when historical data contain unfair patterns.,"Add confidence scores, simple language summaries, and links to the evidence supporting each prediction.",Original sample
2026/06/18 9:57:18 AM GMT,Male,40-49,Liberal Studies,Associate Professor,11-15 years,101-200,Moderate,Very High,3 - Neutral,4 - Agree,3 - Neutral,3 - Neutral,4 - Agree,4 - Agree,4 - Agree,5 - Strongly Agree,3 - Neutral,4 - Agree,4 - Agree,4 - Agree,3 - Neutral,4 - Agree,4 - Agree,5 - Strongly Agree,5 - Strongly Agree,5 - Strongly Agree,5 - Strongly Agree,4 - Agree,4 - Agree,4 - Agree,2 - Disagree,5 - Strongly Agree,4 - Agree,4 - Agree,3 - Neutral,4 - Agree,5 - Strongly Agree,2 - Disagree,3 - Neutral,4 - Agree,5 - Strongly Agree,5 - Strongly Agree,4 - Agree,3 - Neutral,4 - Agree,4 - Agree,3 - Neutral,5 - Strongly Agree,3 - Neutral,3 - Neutral,3 - Neutral,5 - Strongly Agree,4 - Agree,4 - Agree,They improved trust because the important features influencing the prediction were visible.,The concise dashboard and explanation of individual predictions were helpful.,"Sometimes, particularly when the prediction did not reflect classroom participation and recent progress.","Accuracy, clear explanations, data quality, institutional support, and respect for teacher judgement encourage collaboration.",The institution encourages digital learning but formal AI policies and training are still developing.,Scenario-based training using real classroom cases would improve confidence.,The results provided an early warning that could guide further investigation.,"Somewhat. The visual explanation was helpful, but additional contextual guidance would improve understanding.",The system may appear objective even when historical data contain unfair patterns.,"Add confidence scores, simple language summaries, and links to the evidence supporting each prediction.",Original sample
2026/06/18 10:11:33 AM GMT,Male,50 and above,Chemical Engineering & Technology,Lecturer,More than 15 years,Above 200,High,High,4 - Agree,3 - Neutral,3 - Neutral,3 - Neutral,4 - Agree,4 - Agree,3 - Neutral,3 - Neutral,2 - Disagree,5 - Strongly Agree,4 - Agree,3 - Neutral,4 - Agree,4 - Agree,4 - Agree,4 - Agree,4 - Agree,2 - Disagree,4 - Agree,3 - Neutral,5 - Strongly Agree,4 - Agree,4 - Agree,3 - Neutral,4 - Agree,5 - Strongly Agree,3 - Neutral,3 - Neutral,2 - Disagree,2 - Disagree,3 - Neutral,4 - Agree,4 - Agree,3 - Neutral,3 - Neutral,5 - Strongly Agree,4 - Agree,3 - Neutral,4 - Agree,3 - Neutral,3 - Neutral,3 - Neutral,3 - Neutral,3 - Neutral,4 - Agree,3 - Neutral,"Trust increased moderately, although I would still confirm recommendations with my professional judgement.",The concise dashboard and explanation of individual predictions were helpful.,"No major disagreement occurred, but I would still review the evidence before acting.",I am encouraged when AI complements rather than replaces professional judgement.,Current support is moderate and mainly focuses on general educational technology rather than AI.,"Practical training on responsible AI use, interpretation of SHAP outputs, and classroom application would be helpful.","They were useful for screening, but should not be used as the only basis for a decision.","Somewhat. The visual explanation was helpful, but additional contextual guidance would improve understanding.","Fairness should be tested across gender, programme, background, and other relevant student groups.",Pilot the framework across multiple departments and retrain it regularly with representative institutional data.,Original sample
2026/06/18 10:28:42 AM GMT,Female,50 and above,Management Studies,Assistant Lecturer,More than 15 years,101-200,Moderate,High,4 - Agree,4 - Agree,5 - Strongly Agree,4 - Agree,5 - Strongly Agree,5 - Strongly Agree,5 - Strongly Agree,5 - Strongly Agree,2 - Disagree,4 - Agree,3 - Neutral,5 - Strongly Agree,4 - Agree,5 - Strongly Agree,5 - Strongly Agree,5 - Strongly Agree,4 - Agree,4 - Agree,3 - Neutral,5 - Strongly Agree,5 - Strongly Agree,5 - Strongly Agree,5 - Strongly Agree,5 - Strongly Agree,4 - Agree,4 - Agree,3 - Neutral,3 - Neutral,3 - Neutral,3 - Neutral,3 - Neutral,5 - Strongly Agree,5 - Strongly Agree,4 - Agree,4 - Agree,5 - Strongly Agree,4 - Agree,4 - Agree,5 - Strongly Agree,3 - Neutral,3 - Neutral,4 - Agree,3 - Neutral,4 - Agree,4 - Agree,5 - Strongly Agree,They improved trust because the important features influencing the prediction were visible.,The comparison of positive and negative contributing factors was most useful.,Occasionally. I relied on professional judgement when the available data were incomplete.,"Accuracy, clear explanations, data quality, institutional support, and respect for teacher judgement encourage collaboration.",Current support is moderate and mainly focuses on general educational technology rather than AI.,Scenario-based training using real classroom cases would improve confidence.,The results provided an early warning that could guide further investigation.,Yes. SHAP made the prediction process more transparent and easier to interpret.,"Fairness should be tested across gender, programme, background, and other relevant student groups.","Add confidence scores, simple language summaries, and links to the evidence supporting each prediction.",Original sample
2026/06/18 10:55:34 AM GMT,Female,30-39,Building Technology,Lecturer,5-10 years,101-200,High,Moderate,3 - Neutral,4 - Agree,4 - Agree,4 - Agree,4 - Agree,3 - Neutral,2 - Disagree,3 - Neutral,3 - Neutral,4 - Agree,2 - Disagree,4 - Agree,3 - Neutral,4 - Agree,3 - Neutral,3 - Neutral,3 - Neutral,3 - Neutral,2 - Disagree,3 - Neutral,4 - Agree,4 - Agree,4 - Agree,2 - Disagree,4 - Agree,3 - Neutral,2 - Disagree,3 - Neutral,4 - Agree,4 - Agree,3 - Neutral,4 - Agree,3 - Neutral,4 - Agree,4 - Agree,4 - Agree,3 - Neutral,4 - Agree,4 - Agree,4 - Agree,3 - Neutral,2 - Disagree,3 - Neutral,3 - Neutral,3 - Neutral,3 - Neutral,"My trust improved, but only when the explanation was clear and supported by accurate student data.",The concise dashboard and explanation of individual predictions were helpful.,Yes. Some recommendations appeared too dependent on historical assessment scores.,"Reliable predictions and transparency encourage me, while bias, poor connectivity, and inaccurate data discourage me.","The institution provides computer laboratories and technical support, but access and connectivity can be improved.","Training on fairness, transparency, privacy, and combining AI evidence with professional judgement is required.",They were helpful in identifying patterns that may not be immediately visible in routine classroom monitoring.,Yes. SHAP made the prediction process more transparent and easier to interpret.,"I am concerned about biased training data, unequal treatment of students, and insufficient transparency.",Pilot the framework across multiple departments and retrain it regularly with representative institutional data.,Original sample
2026/06/18 11:37:01 AM GMT,Female,30-39,Computer Science,Assistant Lecturer,Less than 5 years,50-100,Very High,Very High,3 - Neutral,2 - Disagree,4 - Agree,3 - Neutral,3 - Neutral,4 - Agree,4 - Agree,4 - Agree,4 - Agree,4 - Agree,5 - Strongly Agree,4 - Agree,3 - Neutral,3 - Neutral,3 - Neutral,4 - Agree,3 - Neutral,4 - Agree,3 - Neutral,4 - Agree,3 - Neutral,2 - Disagree,4 - Agree,3 - Neutral,4 - Agree,3 - Neutral,5 - Strongly Agree,4 - Agree,4 - Agree,4 - Agree,3 - Neutral,3 - Neutral,3 - Neutral,5 - Strongly Agree,4 - Agree,4 - Agree,2 - Disagree,3 - Neutral,4 - Agree,2 - Disagree,3 - Neutral,3 - Neutral,4 - Agree,4 - Agree,3 - Neutral,4 - Agree,"Trust increased moderately, although I would still confirm recommendations with my professional judgement.",Feature importance and the direction of each factor helped me understand the recommendation.,"Sometimes, particularly when the prediction did not reflect classroom participation and recent progress.",Training and a user-friendly system encourage collaboration; lack of technical support discourages it.,"The institution provides computer laboratories and technical support, but access and connectivity can be improved.","Practical training on responsible AI use, interpretation of SHAP outputs, and classroom application would be helpful.",The results provided an early warning that could guide further investigation.,"Somewhat. The visual explanation was helpful, but additional contextual guidance would improve understanding.","I am concerned about biased training data, unequal treatment of students, and insufficient transparency.","Improve the dashboard, include clearer local explanations, and allow lecturers to provide feedback on recommendations.",Original sample
2026/06/18 12:34:53 PM GMT,Male,40-49,Computer Science,Associate Professor,11-15 years,101-200,Very High,High,5 - Strongly Agree,5 - Strongly Agree,4 - Agree,4 - Agree,4 - Agree,5 - Strongly Agree,5 - Strongly Agree,4 - Agree,4 - Agree,5 - Strongly Agree,5 - Strongly Agree,3 - Neutral,4 - Agree,5 - Strongly Agree,4 - Agree,5 - Strongly Agree,4 - Agree,5 - Strongly Agree,5 - Strongly Agree,3 - Neutral,5 - Strongly Agree,4 - Agree,5 - Strongly Agree,4 - Agree,3 - Neutral,4 - Agree,4 - Agree,4 - Agree,3 - Neutral,3 - Neutral,4 - Agree,5 - Strongly Agree,5 - Strongly Agree,5 - Strongly Agree,5 - Strongly Agree,4 - Agree,4 - Agree,4 - Agree,4 - Agree,5 - Strongly Agree,4 - Agree,4 - Agree,5 - Strongly Agree,5 - Strongly Agree,4 - Agree,5 - Strongly Agree,"Trust increased moderately, although I would still confirm recommendations with my professional judgement.",The concise dashboard and explanation of individual predictions were helpful.,Yes. Some recommendations appeared too dependent on historical assessment scores.,"Accuracy, clear explanations, data quality, institutional support, and respect for teacher judgement encourage collaboration.","Management supports technology use through infrastructure, technical assistance, and innovation initiatives.","Practical training on responsible AI use, interpretation of SHAP outputs, and classroom application would be helpful.",The predictions were useful for identifying students who may require early academic support.,"Somewhat. The visual explanation was helpful, but additional contextual guidance would improve understanding.","Fairness should be tested across gender, programme, background, and other relevant student groups.",Pilot the framework across multiple departments and retrain it regularly with representative institutional data.,Original sample
2026/06/18 1:04:45 PM GMT,Female,40-49,Hospitality and Tourism Management,Lecturer,11-15 years,50-100,Moderate,Moderate,3 - Neutral,2 - Disagree,3 - Neutral,3 - Neutral,4 - Agree,4 - Agree,4 - Agree,3 - Neutral,2 - Disagree,3 - Neutral,3 - Neutral,4 - Agree,4 - Agree,4 - Agree,3 - Neutral,3 - Neutral,4 - Agree,4 - Agree,2 - Disagree,2 - Disagree,3 - Neutral,2 - Disagree,5 - Strongly Agree,3 - Neutral,3 - Neutral,5 - Strongly Agree,2 - Disagree,2 - Disagree,2 - Disagree,2 - Disagree,3 - Neutral,5 - Strongly Agree,4 - Agree,5 - Strongly Agree,2 - Disagree,4 - Agree,4 - Agree,5 - Strongly Agree,4 - Agree,3 - Neutral,4 - Agree,4 - Agree,2 - Disagree,3 - Neutral,3 - Neutral,3 - Neutral,The explanations increased our confidence by showing the main factors behind each recommendation.,The comparison of positive and negative contributing factors was most useful.,"No major disagreement occurred, but I would still review the evidence before acting.","Evidence of fairness, privacy protection, and consistent performance would encourage collaboration.","Management supports technology use through infrastructure, technical assistance, and innovation initiatives.","Hands-on workshops on AI ethics, bias detection, data privacy, and decision-support tools are needed.",They were moderately useful and would be stronger when combined with current lecturer observations.,"Yes, especially when the dashboard displayed both supporting and opposing factors.","Fairness should be tested across gender, programme, background, and other relevant student groups.","Improve the dashboard, include clearer local explanations, and allow lecturers to provide feedback on recommendations.",Original sample
2026/06/18 1:06:33 PM GMT,Female,50 and above,Liberal Studies,Senior Lecturer,11-15 years,Less than 50,Very High,Moderate,3 - Neutral,5 - Strongly Agree,5 - Strongly Agree,4 - Agree,4 - Agree,3 - Neutral,3 - Neutral,5 - Strongly Agree,4 - Agree,3 - Neutral,3 - Neutral,3 - Neutral,5 - Strongly Agree,4 - Agree,4 - Agree,5 - Strongly Agree,4 - Agree,5 - Strongly Agree,4 - Agree,4 - Agree,5 - Strongly Agree,4 - Agree,4 - Agree,3 - Neutral,3 - Neutral,4 - Agree,3 - Neutral,4 - Agree,2 - Disagree,5 - Strongly Agree,5 - Strongly Agree,4 - Agree,3 - Neutral,3 - Neutral,4 - Agree,4 - Agree,5 - Strongly Agree,4 - Agree,3 - Neutral,3 - Neutral,4 - Agree,3 - Neutral,5 - Strongly Agree,3 - Neutral,4 - Agree,5 - Strongly Agree,The explanations increased our confidence by showing the main factors behind each recommendation.,The comparison of positive and negative contributing factors was most useful.,"Yes, especially when my knowledge of the student's personal circumstances contradicted the recommendation.",I am encouraged when AI complements rather than replaces professional judgement.,"The institution provides computer laboratories and technical support, but access and connectivity can be improved.","Training should cover basic AI literacy, model limitations, and how to interpret prediction explanations.",They were helpful in identifying patterns that may not be immediately visible in routine classroom monitoring.,"Yes, especially when the dashboard displayed both supporting and opposing factors.",There should be clear accountability when an AI-supported recommendation negatively affects a student.,"Add confidence scores, simple language summaries, and links to the evidence supporting each prediction.",Original sample
2026/06/18 1:58:56 PM GMT,Male,50 and above,Building Technology,Senior Lecturer,More than 15 years,Less than 50,Very High,Low,4 - Agree,3 - Neutral,4 - Agree,5 - Strongly Agree,3 - Neutral,4 - Agree,4 - Agree,3 - Neutral,3 - Neutral,3 - Neutral,4 - Agree,5 - Strongly Agree,5 - Strongly Agree,3 - Neutral,4 - Agree,2 - Disagree,3 - Neutral,5 - Strongly Agree,4 - Agree,5 - Strongly Agree,4 - Agree,5 - Strongly Agree,3 - Neutral,4 - Agree,5 - Strongly Agree,3 - Neutral,2 - Disagree,3 - Neutral,5 - Strongly Agree,3 - Neutral,2 - Disagree,5 - Strongly Agree,3 - Neutral,3 - Neutral,5 - Strongly Agree,4 - Agree,3 - Neutral,4 - Agree,3 - Neutral,4 - Agree,5 - Strongly Agree,4 - Agree,4 - Agree,3 - Neutral,4 - Agree,4 - Agree,"My trust improved, but only when the explanation was clear and supported by accurate student data.",Feature importance and the direction of each factor helped me understand the recommendation.,"Yes, especially when my knowledge of the student's personal circumstances contradicted the recommendation.",Training and a user-friendly system encourage collaboration; lack of technical support discourages it.,"The institution provides computer laboratories and technical support, but access and connectivity can be improved.","Regular workshops on data preparation, dashboard use, and responsible intervention planning would be useful.",The predictions helped prioritise students for follow-up and intervention planning.,"Yes, especially when the dashboard displayed both supporting and opposing factors.",There should be clear accountability when an AI-supported recommendation negatively affects a student.,"The framework should include fairness monitoring, data-quality checks, and regular model validation.",Original sample
2026/06/18 5:40:19 PM GMT,Female,30-39,Liberal Studies,Lecturer,Less than 5 years,Less than 50,Very High,Moderate,4 - Agree,5 - Strongly Agree,5 - Strongly Agree,5 - Strongly Agree,4 - Agree,5 - Strongly Agree,5 - Strongly Agree,4 - Agree,5 - Strongly Agree,5 - Strongly Agree,5 - Strongly Agree,4 - Agree,5 - Strongly Agree,4 - Agree,4 - Agree,5 - Strongly Agree,5 - Strongly Agree,5 - Strongly Agree,3 - Neutral,4 - Agree,5 - Strongly Agree,5 - Strongly Agree,4 - Agree,4 - Agree,4 - Agree,3 - Neutral,5 - Strongly Agree,4 - Agree,4 - Agree,4 - Agree,4 - Agree,5 - Strongly Agree,5 - Strongly Agree,5 - Strongly Agree,5 - Strongly Agree,5 - Strongly Agree,5 - Strongly Agree,4 - Agree,4 - Agree,5 - Strongly Agree,5 - Strongly Agree,4 - Agree,5 - Strongly Agree,3 - Neutral,5 - Strongly Agree,4 - Agree,They improved trust because the important features influencing the prediction were visible.,The comparison of positive and negative contributing factors was most useful.,"No major disagreement occurred, but I would still review the evidence before acting.","Evidence of fairness, privacy protection, and consistent performance would encourage collaboration.","Support exists through ICT services and staff development programmes, although more AI-specific training is needed.","Hands-on workshops on AI ethics, bias detection, data privacy, and decision-support tools are needed.","They were useful for screening, but should not be used as the only basis for a decision.","They improved my understanding, although some technical terms required further explanation.",The system may appear objective even when historical data contain unfair patterns.,"Improve the dashboard, include clearer local explanations, and allow lecturers to provide feedback on recommendations.",Original sample
2026/06/18 6:04:10 PM GMT,Male,40-49,Pharmaceutical Sciences,Lecturer,More than 15 years,101-200,High,Low,4 - Agree,4 - Agree,3 - Neutral,3 - Neutral,2 - Disagree,4 - Agree,5 - Strongly Agree,3 - Neutral,5 - Strongly Agree,3 - Neutral,4 - Agree,3 - Neutral,3 - Neutral,4 - Agree,5 - Strongly Agree,4 - Agree,4 - Agree,4 - Agree,3 - Neutral,5 - Strongly Agree,4 - Agree,4 - Agree,4 - Agree,3 - Neutral,3 - Neutral,5 - Strongly Agree,2 - Disagree,4 - Agree,3 - Neutral,3 - Neutral,3 - Neutral,4 - Agree,2 - Disagree,3 - Neutral,5 - Strongly Agree,5 - Strongly Agree,3 - Neutral,4 - Agree,4 - Agree,3 - Neutral,3 - Neutral,3 - Neutral,4 - Agree,2 - Disagree,3 - Neutral,4 - Agree,They improved trust because the important features influencing the prediction were visible.,The ranking of the most influential student factors was the most useful aspect.,"No major disagreement occurred, but I would still review the evidence before acting.","Poor infrastructure, limited training, and unexplained recommendations would discourage collaboration.",Current support is moderate and mainly focuses on general educational technology rather than AI.,"Hands-on workshops on AI ethics, bias detection, data privacy, and decision-support tools are needed.","They were useful for screening, but should not be used as the only basis for a decision.","They improved my understanding, although some technical terms required further explanation.",The system may appear objective even when historical data contain unfair patterns.,"Provide role-based access, stronger privacy controls, and an audit trail for decisions.",Original sample
2026/06/18 6:41:11 PM GMT,Male,30-39,Liberal Studies,Lecturer,5-10 years,Less than 50,High,Moderate,4 - Agree,3 - Neutral,4 - Agree,4 - Agree,4 - Agree,3 - Neutral,5 - Strongly Agree,4 - Agree,4 - Agree,3 - Neutral,4 - Agree,4 - Agree,3 - Neutral,4 - Agree,4 - Agree,5 - Strongly Agree,4 - Agree,4 - Agree,3 - Neutral,5 - Strongly Agree,5 - Strongly Agree,4 - Agree,5 - Strongly Agree,2 - Disagree,4 - Agree,4 - Agree,4 - Agree,3 - Neutral,2 - Disagree,4 - Agree,3 - Neutral,3 - Neutral,4 - Agree,3 - Neutral,5 - Strongly Agree,4 - Agree,3 - Neutral,3 - Neutral,3 - Neutral,4 - Agree,3 - Neutral,4 - Agree,4 - Agree,5 - Strongly Agree,4 - Agree,3 - Neutral,The explanations made the recommendations less like a black box and easier to assess.,The comparison of positive and negative contributing factors was most useful.,Occasionally. I relied on professional judgement when the available data were incomplete.,I am encouraged when AI complements rather than replaces professional judgement.,The institution encourages digital learning but formal AI policies and training are still developing.,Scenario-based training using real classroom cases would improve confidence.,The predictions were useful for identifying students who may require early academic support.,"Somewhat. The visual explanation was helpful, but additional contextual guidance would improve understanding.","My main concerns are data privacy, inaccurate records, and possible bias against particular student groups.","The framework should include fairness monitoring, data-quality checks, and regular model validation.",Original sample
2026/06/18 6:43:24 PM GMT,Male,30-39,Food Technology,Lecturer,5-10 years,50-100,Moderate,Moderate,4 - Agree,5 - Strongly Agree,4 - Agree,3 - Neutral,5 - Strongly Agree,4 - Agree,4 - Agree,5 - Strongly Agree,5 - Strongly Agree,4 - Agree,5 - Strongly Agree,4 - Agree,3 - Neutral,4 - Agree,4 - Agree,4 - Agree,3 - Neutral,5 - Strongly Agree,4 - Agree,4 - Agree,5 - Strongly Agree,3 - Neutral,3 - Neutral,5 - Strongly Agree,4 - Agree,5 - Strongly Agree,3 - Neutral,3 - Neutral,2 - Disagree,3 - Neutral,4 - Agree,5 - Strongly Agree,4 - Agree,5 - Strongly Agree,5 - Strongly Agree,5 - Strongly Agree,5 - Strongly Agree,4 - Agree,4 - Agree,5 - Strongly Agree,4 - Agree,5 - Strongly Agree,5 - Strongly Agree,3 - Neutral,3 - Neutral,4 - Agree,They improved trust because the important features influencing the prediction were visible.,The comparison of positive and negative contributing factors was most useful.,Occasionally. I relied on professional judgement when the available data were incomplete.,"Reliable predictions and transparency encourage me, while bias, poor connectivity, and inaccurate data discourage me.","Support exists through ICT services and staff development programmes, although more AI-specific training is needed.","Practical training on responsible AI use, interpretation of SHAP outputs, and classroom application would be helpful.",The results provided an early warning that could guide further investigation.,"Yes, especially when the dashboard displayed both supporting and opposing factors.",There should be clear accountability when an AI-supported recommendation negatively affects a student.,"Provide role-based access, stronger privacy controls, and an audit trail for decisions.",Original sample
2026/06/18 6:56:11 PM GMT,Male,40-49,Liberal Studies,Lecturer,5-10 years,50-100,High,High,4 - Agree,3 - Neutral,3 - Neutral,3 - Neutral,4 - Agree,4 - Agree,3 - Neutral,4 - Agree,4 - Agree,4 - Agree,4 - Agree,4 - Agree,3 - Neutral,4 - Agree,4 - Agree,3 - Neutral,4 - Agree,3 - Neutral,4 - Agree,4 - Agree,4 - Agree,5 - Strongly Agree,3 - Neutral,3 - Neutral,4 - Agree,4 - Agree,3 - Neutral,3 - Neutral,3 - Neutral,3 - Neutral,4 - Agree,5 - Strongly Agree,3 - Neutral,4 - Agree,4 - Agree,4 - Agree,3 - Neutral,4 - Agree,4 - Agree,4 - Agree,4 - Agree,3 - Neutral,5 - Strongly Agree,4 - Agree,3 - Neutral,4 - Agree,"My trust improved, but only when the explanation was clear and supported by accurate student data.",The visual summary showing why a student was classified as at risk was most useful.,Occasionally. I relied on professional judgement when the available data were incomplete.,"Reliable predictions and transparency encourage me, while bias, poor connectivity, and inaccurate data discourage me.","Management supports technology use through infrastructure, technical assistance, and innovation initiatives.",Scenario-based training using real classroom cases would improve confidence.,They were moderately useful and would be stronger when combined with current lecturer observations.,"They improved my understanding, although some technical terms required further explanation.",The system may appear objective even when historical data contain unfair patterns.,"The framework should include fairness monitoring, data-quality checks, and regular model validation.",Original sample
2026/06/19 7:32:11 AM GMT,Male,30-39,Computer Science,Lecturer,5-10 years,Less than 50,Moderate,Low,3 - Neutral,2 - Disagree,3 - Neutral,2 - Disagree,2 - Disagree,3 - Neutral,2 - Disagree,4 - Agree,2 - Disagree,2 - Disagree,2 - Disagree,1 - Strongly Disagree,2 - Disagree,4 - Agree,1 - Strongly Disagree,2 - Disagree,3 - Neutral,4 - Agree,2 - Disagree,4 - Agree,4 - Agree,2 - Disagree,2 - Disagree,3 - Neutral,3 - Neutral,3 - Neutral,4 - Agree,2 - Disagree,2 - Disagree,2 - Disagree,2 - Disagree,5 - Strongly Agree,3 - Neutral,4 - Agree,2 - Disagree,3 - Neutral,2 - Disagree,2 - Disagree,4 - Agree,1 - Strongly Disagree,3 - Neutral,2 - Disagree,3 - Neutral,2 - Disagree,3 - Neutral,3 - Neutral,"Trust increased moderately, although I would still confirm recommendations with my professional judgement.",The ranking of the most influential student factors was the most useful aspect.,"No major disagreement occurred, but I would still review the evidence before acting.",Training and a user-friendly system encourage collaboration; lack of technical support discourages it.,Current support is moderate and mainly focuses on general educational technology rather than AI.,"Regular workshops on data preparation, dashboard use, and responsible intervention planning would be useful.",They were moderately useful and would be stronger when combined with current lecturer observations.,"Yes, especially when the dashboard displayed both supporting and opposing factors.",There should be clear accountability when an AI-supported recommendation negatively affects a student.,"Provide role-based access, stronger privacy controls, and an audit trail for decisions.",Original sample
2026/06/19 8:28:27 AM GMT,Female,30-39,Accounting and Finance,Lecturer,Less than 5 years,101-200,Very High,Very High,5 - Strongly Agree,4 - Agree,3 - Neutral,3 - Neutral,5 - Strongly Agree,4 - Agree,5 - Strongly Agree,3 - Neutral,3 - Neutral,4 - Agree,4 - Agree,3 - Neutral,4 - Agree,4 - Agree,4 - Agree,5 - Strongly Agree,4 - Agree,4 - Agree,4 - Agree,2 - Disagree,4 - Agree,4 - Agree,3 - Neutral,3 - Neutral,3 - Neutral,3 - Neutral,3 - Neutral,5 - Strongly Agree,3 - Neutral,4 - Agree,3 - Neutral,4 - Agree,3 - Neutral,4 - Agree,4 - Agree,4 - Agree,3 - Neutral,3 - Neutral,4 - Agree,4 - Agree,2 - Disagree,4 - Agree,5 - Strongly Agree,3 - Neutral,3 - Neutral,5 - Strongly Agree,They improved trust because the important features influencing the prediction were visible.,The concise dashboard and explanation of individual predictions were helpful.,"No major disagreement occurred, but I would still review the evidence before acting.","Poor infrastructure, limited training, and unexplained recommendations would discourage collaboration.","The institution provides computer laboratories and technical support, but access and connectivity can be improved.",Scenario-based training using real classroom cases would improve confidence.,"They were useful for screening, but should not be used as the only basis for a decision.",Yes. The explanations clarified how each student factor contributed to the final prediction.,"I am concerned about biased training data, unequal treatment of students, and insufficient transparency.","The framework should include fairness monitoring, data-quality checks, and regular model validation.",Original sample
2026/06/19 8:52:30 AM GMT,Male,40-49,Building Technology,Senior Lecturer,5-10 years,Less than 50,Very High,Moderate,3 - Neutral,3 - Neutral,4 - Agree,4 - Agree,3 - Neutral,3 - Neutral,4 - Agree,3 - Neutral,3 - Neutral,4 - Agree,3 - Neutral,4 - Agree,4 - Agree,3 - Neutral,3 - Neutral,2 - Disagree,3 - Neutral,3 - Neutral,4 - Agree,3 - Neutral,4 - Agree,5 - Strongly Agree,3 - Neutral,4 - Agree,3 - Neutral,4 - Agree,2 - Disagree,3 - Neutral,4 - Agree,2 - Disagree,2 - Disagree,3 - Neutral,4 - Agree,4 - Agree,4 - Agree,4 - Agree,5 - Strongly Agree,3 - Neutral,5 - Strongly Agree,3 - Neutral,3 - Neutral,2 - Disagree,4 - Agree,3 - Neutral,4 - Agree,3 - Neutral,The explanations made the recommendations less like a black box and easier to assess.,The visual summary showing why a student was classified as at risk was most useful.,Occasionally. I relied on professional judgement when the available data were incomplete.,I am encouraged when AI complements rather than replaces professional judgement.,The institution encourages digital learning but formal AI policies and training are still developing.,"Training on fairness, transparency, privacy, and combining AI evidence with professional judgement is required.",The predictions helped prioritise students for follow-up and intervention planning.,Yes. The explanations clarified how each student factor contributed to the final prediction.,"I am concerned about biased training data, unequal treatment of students, and insufficient transparency.",Pilot the framework across multiple departments and retrain it regularly with representative institutional data.,Original sample
2026/06/19 11:01:15 AM GMT,Female,30-39,Faculty of Applied Sciences,Assistant Lecturer,Less than 5 years,101-200,Very High,High,5 - Strongly Agree,5 - Strongly Agree,5 - Strongly Agree,5 - Strongly Agree,5 - Strongly Agree,4 - Agree,5 - Strongly Agree,5 - Strongly Agree,5 - Strongly Agree,5 - Strongly Agree,4 - Agree,4 - Agree,4 - Agree,5 - Strongly Agree,5 - Strongly Agree,4 - Agree,5 - Strongly Agree,5 - Strongly Agree,5 - Strongly Agree,5 - Strongly Agree,5 - Strongly Agree,5 - Strongly Agree,4 - Agree,5 - Strongly Agree,5 - Strongly Agree,5 - Strongly Agree,5 - Strongly Agree,3 - Neutral,5 - Strongly Agree,4 - Agree,4 - Agree,5 - Strongly Agree,5 - Strongly Agree,5 - Strongly Agree,5 - Strongly Agree,5 - Strongly Agree,5 - Strongly Agree,4 - Agree,5 - Strongly Agree,5 - Strongly Agree,5 - Strongly Agree,4 - Agree,5 - Strongly Agree,5 - Strongly Agree,4 - Agree,4 - Agree,The explanations made the recommendations less like a black box and easier to assess.,The visual summary showing why a student was classified as at risk was most useful.,"Sometimes, particularly when the prediction did not reflect classroom participation and recent progress.","Evidence of fairness, privacy protection, and consistent performance would encourage collaboration.","Management supports technology use through infrastructure, technical assistance, and innovation initiatives.","Practical training on responsible AI use, interpretation of SHAP outputs, and classroom application would be helpful.","They were useful for screening, but should not be used as the only basis for a decision.","To a large extent, because I could see why the model reached a particular outcome.",The system may appear objective even when historical data contain unfair patterns.,"Provide role-based access, stronger privacy controls, and an audit trail for decisions.",Original sample
2026/06/19 11:37:36 AM GMT,Female,40-49,Mechanical Engineering,Senior Lecturer,5-10 years,50-100,Very High,Moderate,4 - Agree,2 - Disagree,4 - Agree,4 - Agree,4 - Agree,3 - Neutral,4 - Agree,4 - Agree,3 - Neutral,3 - Neutral,4 - Agree,5 - Strongly Agree,2 - Disagree,5 - Strongly Agree,3 - Neutral,4 - Agree,4 - Agree,4 - Agree,4 - Agree,4 - Agree,4 - Agree,5 - Strongly Agree,3 - Neutral,3 - Neutral,4 - Agree,3 - Neutral,3 - Neutral,4 - Agree,5 - Strongly Agree,3 - Neutral,3 - Neutral,5 - Strongly Agree,5 - Strongly Agree,5 - Strongly Agree,3 - Neutral,5 - Strongly Agree,4 - Agree,3 - Neutral,4 - Agree,5 - Strongly Agree,3 - Neutral,4 - Agree,4 - Agree,3 - Neutral,5 - Strongly Agree,5 - Strongly Agree,The explanations increased our confidence by showing the main factors behind each recommendation.,Feature importance and the direction of each factor helped me understand the recommendation.,"Sometimes, particularly when the prediction did not reflect classroom participation and recent progress.",Training and a user-friendly system encourage collaboration; lack of technical support discourages it.,The institution encourages digital learning but formal AI policies and training are still developing.,"Hands-on workshops on AI ethics, bias detection, data privacy, and decision-support tools are needed.",The predictions helped prioritise students for follow-up and intervention planning.,Yes. The explanations clarified how each student factor contributed to the final prediction.,The system may appear objective even when historical data contain unfair patterns.,Pilot the framework across multiple departments and retrain it regularly with representative institutional data.,Original sample
2026/06/19 11:37:45 AM GMT,Female,40-49,Management Studies,Senior Lecturer,5-10 years,101-200,High,High,4 - Agree,4 - Agree,3 - Neutral,4 - Agree,4 - Agree,3 - Neutral,5 - Strongly Agree,3 - Neutral,4 - Agree,5 - Strongly Agree,4 - Agree,3 - Neutral,4 - Agree,4 - Agree,5 - Strongly Agree,4 - Agree,3 - Neutral,5 - Strongly Agree,4 - Agree,5 - Strongly Agree,4 - Agree,4 - Agree,5 - Strongly Agree,3 - Neutral,3 - Neutral,2 - Disagree,5 - Strongly Agree,3 - Neutral,3 - Neutral,2 - Disagree,2 - Disagree,4 - Agree,5 - Strongly Agree,5 - Strongly Agree,3 - Neutral,4 - Agree,3 - Neutral,4 - Agree,5 - Strongly Agree,4 - Agree,2 - Disagree,5 - Strongly Agree,2 - Disagree,4 - Agree,5 - Strongly Agree,3 - Neutral,"Trust increased moderately, although I would still confirm recommendations with my professional judgement.",The visual summary showing why a student was classified as at risk was most useful.,Yes. I disagreed when the model overlooked recent improvements that were not yet captured in the data.,Training and a user-friendly system encourage collaboration; lack of technical support discourages it.,"Management supports technology use through infrastructure, technical assistance, and innovation initiatives.","Training should cover basic AI literacy, model limitations, and how to interpret prediction explanations.",The predictions were useful for identifying students who may require early academic support.,"Somewhat. The visual explanation was helpful, but additional contextual guidance would improve understanding.",I am concerned about overreliance on predictions and limited opportunities for students to challenge decisions.,"Provide role-based access, stronger privacy controls, and an audit trail for decisions.",Original sample
2026/06/19 12:06:49 PM GMT,Male,30-39,Mechanical Engineering,Lecturer,5-10 years,Less than 50,Very High,Moderate,3 - Neutral,4 - Agree,4 - Agree,4 - Agree,5 - Strongly Agree,5 - Strongly Agree,4 - Agree,3 - Neutral,4 - Agree,4 - Agree,3 - Neutral,3 - Neutral,4 - Agree,4 - Agree,4 - Agree,3 - Neutral,4 - Agree,4 - Agree,4 - Agree,5 - Strongly Agree,5 - Strongly Agree,5 - Strongly Agree,3 - Neutral,3 - Neutral,4 - Agree,2 - Disagree,3 - Neutral,4 - Agree,4 - Agree,4 - Agree,3 - Neutral,4 - Agree,4 - Agree,4 - Agree,4 - Agree,5 - Strongly Agree,3 - Neutral,3 - Neutral,2 - Disagree,3 - Neutral,5 - Strongly Agree,3 - Neutral,2 - Disagree,3 - Neutral,3 - Neutral,5 - Strongly Agree,"Trust increased moderately, although I would still confirm recommendations with my professional judgement.",The comparison of positive and negative contributing factors was most useful.,"Yes, especially when my knowledge of the student's personal circumstances contradicted the recommendation.","Reliable predictions and transparency encourage me, while bias, poor connectivity, and inaccurate data discourage me.","Management supports technology use through infrastructure, technical assistance, and innovation initiatives.","Training on fairness, transparency, privacy, and combining AI evidence with professional judgement is required.",The results provided an early warning that could guide further investigation.,Yes. SHAP made the prediction process more transparent and easier to interpret.,There should be clear accountability when an AI-supported recommendation negatively affects a student.,Pilot the framework across multiple departments and retrain it regularly with representative institutional data.,Original sample
2026/06/19 12:22:56 PM GMT,Female,40-49,Food Technology,Senior Lecturer,11-15 years,101-200,Low,Very High,5 - Strongly Agree,3 - Neutral,3 - Neutral,3 - Neutral,3 - Neutral,3 - Neutral,5 - Strongly Agree,3 - Neutral,3 - Neutral,3 - Neutral,3 - Neutral,3 - Neutral,3 - Neutral,4 - Agree,2 - Disagree,3 - Neutral,3 - Neutral,3 - Neutral,2 - Disagree,4 - Agree,2 - Disagree,3 - Neutral,3 - Neutral,2 - Disagree,4 - Agree,1 - Strongly Disagree,4 - Agree,1 - Strongly Disagree,2 - Disagree,4 - Agree,4 - Agree,5 - Strongly Agree,3 - Neutral,3 - Neutral,4 - Agree,4 - Agree,5 - Strongly Agree,3 - Neutral,2 - Disagree,4 - Agree,3 - Neutral,3 - Neutral,3 - Neutral,3 - Neutral,3 - Neutral,3 - Neutral,The explanations made the recommendations less like a black box and easier to assess.,Feature importance and the direction of each factor helped me understand the recommendation.,Yes. I disagreed when the model overlooked recent improvements that were not yet captured in the data.,"Reliable predictions and transparency encourage me, while bias, poor connectivity, and inaccurate data discourage me.","The institution provides LMS platforms, internet access, and occasional digital teaching workshops.","Regular workshops on data preparation, dashboard use, and responsible intervention planning would be useful.",They were helpful in identifying patterns that may not be immediately visible in routine classroom monitoring.,Yes. The explanations clarified how each student factor contributed to the final prediction.,The system may appear objective even when historical data contain unfair patterns.,"The framework should include fairness monitoring, data-quality checks, and regular model validation.",Original sample
2026/06/19 1:36:06 PM GMT,Male,30-39,Accounting and Finance,Senior Lecturer,5-10 years,50-100,High,Moderate,3 - Neutral,5 - Strongly Agree,4 - Agree,3 - Neutral,3 - Neutral,5 - Strongly Agree,3 - Neutral,4 - Agree,5 - Strongly Agree,4 - Agree,5 - Strongly Agree,3 - Neutral,4 - Agree,5 - Strongly Agree,4 - Agree,4 - Agree,3 - Neutral,5 - Strongly Agree,4 - Agree,4 - Agree,4 - Agree,4 - Agree,4 - Agree,4 - Agree,4 - Agree,3 - Neutral,3 - Neutral,4 - Agree,3 - Neutral,4 - Agree,2 - Disagree,4 - Agree,4 - Agree,5 - Strongly Agree,3 - Neutral,3 - Neutral,3 - Neutral,3 - Neutral,4 - Agree,3 - Neutral,2 - Disagree,3 - Neutral,4 - Agree,5 - Strongly Agree,3 - Neutral,3 - Neutral,They improved my confidence when the highlighted factors matched what I knew about the student.,"The clear identification of attendance, assessment scores, and participation patterns supported decision-making.","No major disagreement occurred, but I would still review the evidence before acting.","Accuracy, clear explanations, data quality, institutional support, and respect for teacher judgement encourage collaboration.","The institution provides LMS platforms, internet access, and occasional digital teaching workshops.","Training on fairness, transparency, privacy, and combining AI evidence with professional judgement is required.",The predictions were useful for identifying students who may require early academic support.,"Yes, especially when the dashboard displayed both supporting and opposing factors.",The system may appear objective even when historical data contain unfair patterns.,"Improve the dashboard, include clearer local explanations, and allow lecturers to provide feedback on recommendations.",Original sample
2026/06/19 3:12:40 PM GMT,Female,50 and above,Mechanical Engineering,Senior Lecturer,More than 15 years,101-200,High,High,4 - Agree,5 - Strongly Agree,4 - Agree,3 - Neutral,5 - Strongly Agree,3 - Neutral,3 - Neutral,3 - Neutral,4 - Agree,3 - Neutral,4 - Agree,4 - Agree,4 - Agree,4 - Agree,4 - Agree,4 - Agree,3 - Neutral,3 - Neutral,5 - Strongly Agree,4 - Agree,4 - Agree,3 - Neutral,3 - Neutral,4 - Agree,4 - Agree,4 - Agree,4 - Agree,3 - Neutral,3 - Neutral,2 - Disagree,1 - Strongly Disagree,4 - Agree,4 - Agree,5 - Strongly Agree,4 - Agree,4 - Agree,3 - Neutral,3 - Neutral,4 - Agree,5 - Strongly Agree,4 - Agree,5 - Strongly Agree,5 - Strongly Agree,4 - Agree,3 - Neutral,4 - Agree,They improved my confidence when the highlighted factors matched what I knew about the student.,The ranking of the most influential student factors was the most useful aspect.,"No major disagreement occurred, but I would still review the evidence before acting.","Reliable predictions and transparency encourage me, while bias, poor connectivity, and inaccurate data discourage me.",The institution encourages digital learning but formal AI policies and training are still developing.,"Regular workshops on data preparation, dashboard use, and responsible intervention planning would be useful.",They were helpful in identifying patterns that may not be immediately visible in routine classroom monitoring.,"Yes, especially when the dashboard displayed both supporting and opposing factors.",I am concerned about overreliance on predictions and limited opportunities for students to challenge decisions.,Pilot the framework across multiple departments and retrain it regularly with representative institutional data.,Original sample
2026/06/19 3:57:40 PM GMT,Male,40-49,Chemical Engineering & Technology,Lecturer,5-10 years,101-200,High,Very High,4 - Agree,4 - Agree,3 - Neutral,3 - Neutral,2 - Disagree,3 - Neutral,5 - Strongly Agree,4 - Agree,4 - Agree,5 - Strongly Agree,3 - Neutral,4 - Agree,3 - Neutral,5 - Strongly Agree,2 - Disagree,4 - Agree,3 - Neutral,4 - Agree,3 - Neutral,4 - Agree,3 - Neutral,2 - Disagree,4 - Agree,3 - Neutral,4 - Agree,3 - Neutral,4 - Agree,2 - Disagree,2 - Disagree,3 - Neutral,3 - Neutral,3 - Neutral,4 - Agree,4 - Agree,4 - Agree,5 - Strongly Agree,3 - Neutral,3 - Neutral,4 - Agree,1 - Strongly Disagree,3 - Neutral,4 - Agree,3 - Neutral,2 - Disagree,4 - Agree,4 - Agree,They improved my confidence when the highlighted factors matched what I knew about the student.,The concise dashboard and explanation of individual predictions were helpful.,"Sometimes, particularly when the prediction did not reflect classroom participation and recent progress.",I am encouraged when AI complements rather than replaces professional judgement.,"Support exists through ICT services and staff development programmes, although more AI-specific training is needed.","Training on fairness, transparency, privacy, and combining AI evidence with professional judgement is required.",They were moderately useful and would be stronger when combined with current lecturer observations.,Yes. The explanations clarified how each student factor contributed to the final prediction.,"I am concerned about biased training data, unequal treatment of students, and insufficient transparency.","Provide role-based access, stronger privacy controls, and an audit trail for decisions.",Original sample
2026/06/20 7:14:05 AM GMT,Male,40-49,Food Technology,Associate Professor,5-10 years,50-100,High,Moderate,4 - Agree,3 - Neutral,3 - Neutral,3 - Neutral,3 - Neutral,4 - Agree,4 - Agree,4 - Agree,3 - Neutral,5 - Strongly Agree,4 - Agree,4 - Agree,3 - Neutral,4 - Agree,5 - Strongly Agree,4 - Agree,4 - Agree,4 - Agree,4 - Agree,4 - Agree,5 - Strongly Agree,4 - Agree,3 - Neutral,3 - Neutral,3 - Neutral,4 - Agree,3 - Neutral,2 - Disagree,2 - Disagree,3 - Neutral,4 - Agree,5 - Strongly Agree,4 - Agree,4 - Agree,3 - Neutral,4 - Agree,3 - Neutral,5 - Strongly Agree,4 - Agree,5 - Strongly Agree,3 - Neutral,2 - Disagree,4 - Agree,2 - Disagree,2 - Disagree,4 - Agree,The explanations made the recommendations less like a black box and easier to assess.,The ranking of the most influential student factors was the most useful aspect.,"Yes, especially when my knowledge of the student's personal circumstances contradicted the recommendation.","Accuracy, clear explanations, data quality, institutional support, and respect for teacher judgement encourage collaboration.","The institution provides computer laboratories and technical support, but access and connectivity can be improved.","Practical training on responsible AI use, interpretation of SHAP outputs, and classroom application would be helpful.",The predictions helped prioritise students for follow-up and intervention planning.,"They improved my understanding, although some technical terms required further explanation.","Fairness should be tested across gender, programme, background, and other relevant student groups.","Improve the dashboard, include clearer local explanations, and allow lecturers to provide feedback on recommendations.",Original sample
2026/06/20 7:41:33 AM GMT,Female,50 and above,Computer Science,Senior Lecturer,11-15 years,50-100,High,Moderate,3 - Neutral,4 - Agree,4 - Agree,3 - Neutral,4 - Agree,5 - Strongly Agree,4 - Agree,5 - Strongly Agree,4 - Agree,4 - Agree,3 - Neutral,4 - Agree,4 - Agree,4 - Agree,5 - Strongly Agree,4 - Agree,5 - Strongly Agree,4 - Agree,4 - Agree,5 - Strongly Agree,5 - Strongly Agree,4 - Agree,3 - Neutral,5 - Strongly Agree,5 - Strongly Agree,5 - Strongly Agree,5 - Strongly Agree,3 - Neutral,4 - Agree,3 - Neutral,4 - Agree,4 - Agree,5 - Strongly Agree,4 - Agree,5 - Strongly Agree,3 - Neutral,5 - Strongly Agree,4 - Agree,4 - Agree,4 - Agree,4 - Agree,3 - Neutral,5 - Strongly Agree,5 - Strongly Agree,3 - Neutral,4 - Agree,They improved trust because the important features influencing the prediction were visible.,"The clear identification of attendance, assessment scores, and participation patterns supported decision-making.","Yes, especially when my knowledge of the student's personal circumstances contradicted the recommendation.","Evidence of fairness, privacy protection, and consistent performance would encourage collaboration.","Management supports technology use through infrastructure, technical assistance, and innovation initiatives.","Training should cover basic AI literacy, model limitations, and how to interpret prediction explanations.",The results provided an early warning that could guide further investigation.,"To a large extent, because I could see why the model reached a particular outcome.",I am concerned about overreliance on predictions and limited opportunities for students to challenge decisions.,"The framework should include fairness monitoring, data-quality checks, and regular model validation.",Original sample
2026/06/20 9:01:28 AM GMT,Male,30-39,Electrical and Electronic Engineering,Senior Lecturer,Less than 5 years,50-100,Very High,Very High,5 - Strongly Agree,3 - Neutral,5 - Strongly Agree,4 - Agree,5 - Strongly Agree,4 - Agree,3 - Neutral,3 - Neutral,4 - Agree,4 - Agree,3 - Neutral,4 - Agree,4 - Agree,4 - Agree,4 - Agree,3 - Neutral,4 - Agree,4 - Agree,5 - Strongly Agree,4 - Agree,3 - Neutral,4 - Agree,3 - Neutral,4 - Agree,4 - Agree,4 - Agree,3 - Neutral,3 - Neutral,3 - Neutral,4 - Agree,2 - Disagree,3 - Neutral,5 - Strongly Agree,4 - Agree,4 - Agree,4 - Agree,4 - Agree,3 - Neutral,4 - Agree,4 - Agree,3 - Neutral,2 - Disagree,4 - Agree,4 - Agree,4 - Agree,5 - Strongly Agree,They improved my confidence when the highlighted factors matched what I knew about the student.,The ranking of the most influential student factors was the most useful aspect.,"Sometimes, particularly when the prediction did not reflect classroom participation and recent progress.","Reliable predictions and transparency encourage me, while bias, poor connectivity, and inaccurate data discourage me.","The institution provides computer laboratories and technical support, but access and connectivity can be improved.","Regular workshops on data preparation, dashboard use, and responsible intervention planning would be useful.",The predictions were useful for identifying students who may require early academic support.,"Yes, especially when the dashboard displayed both supporting and opposing factors.","My main concerns are data privacy, inaccurate records, and possible bias against particular student groups.",Pilot the framework across multiple departments and retrain it regularly with representative institutional data.,Original sample
2026/06/20 10:30:45 AM GMT,Male,40-49,Liberal Studies,Lecturer,5-10 years,50-100,Very High,Low,4 - Agree,3 - Neutral,4 - Agree,4 - Agree,3 - Neutral,5 - Strongly Agree,4 - Agree,4 - Agree,4 - Agree,5 - Strongly Agree,4 - Agree,4 - Agree,4 - Agree,4 - Agree,5 - Strongly Agree,5 - Strongly Agree,5 - Strongly Agree,4 - Agree,5 - Strongly Agree,4 - Agree,4 - Agree,4 - Agree,3 - Neutral,4 - Agree,4 - Agree,5 - Strongly Agree,3 - Neutral,4 - Agree,4 - Agree,4 - Agree,2 - Disagree,4 - Agree,4 - Agree,4 - Agree,3 - Neutral,3 - Neutral,3 - Neutral,3 - Neutral,4 - Agree,4 - Agree,5 - Strongly Agree,4 - Agree,5 - Strongly Agree,5 - Strongly Agree,5 - Strongly Agree,4 - Agree,The explanations increased our confidence by showing the main factors behind each recommendation.,The comparison of positive and negative contributing factors was most useful.,Yes. I disagreed when the model overlooked recent improvements that were not yet captured in the data.,"Accuracy, clear explanations, data quality, institutional support, and respect for teacher judgement encourage collaboration.",The institution encourages digital learning but formal AI policies and training are still developing.,"Regular workshops on data preparation, dashboard use, and responsible intervention planning would be useful.",The results provided an early warning that could guide further investigation.,Yes. The explanations clarified how each student factor contributed to the final prediction.,"My main concerns are data privacy, inaccurate records, and possible bias against particular student groups.","Provide role-based access, stronger privacy controls, and an audit trail for decisions.",Original sample
2026/06/20 11:15:10 AM GMT,Male,30-39,Food Technology,Assistant Lecturer,Less than 5 years,50-100,High,Moderate,4 - Agree,4 - Agree,3 - Neutral,5 - Strongly Agree,3 - Neutral,3 - Neutral,3 - Neutral,4 - Agree,3 - Neutral,2 - Disagree,2 - Disagree,4 - Agree,4 - Agree,3 - Neutral,3 - Neutral,4 - Agree,4 - Agree,4 - Agree,4 - Agree,4 - Agree,3 - Neutral,3 - Neutral,4 - Agree,2 - Disagree,3 - Neutral,1 - Strongly Disagree,4 - Agree,2 - Disagree,2 - Disagree,3 - Neutral,4 - Agree,4 - Agree,4 - Agree,4 - Agree,3 - Neutral,5 - Strongly Agree,3 - Neutral,3 - Neutral,3 - Neutral,4 - Agree,3 - Neutral,3 - Neutral,3 - Neutral,3 - Neutral,5 - Strongly Agree,3 - Neutral,They improved my confidence when the highlighted factors matched what I knew about the student.,Feature importance and the direction of each factor helped me understand the recommendation.,"Yes, especially when my knowledge of the student's personal circumstances contradicted the recommendation.","Reliable predictions and transparency encourage me, while bias, poor connectivity, and inaccurate data discourage me.",Current support is moderate and mainly focuses on general educational technology rather than AI.,"Practical training on responsible AI use, interpretation of SHAP outputs, and classroom application would be helpful.",The predictions helped prioritise students for follow-up and intervention planning.,"Yes, especially when the dashboard displayed both supporting and opposing factors.",The system may appear objective even when historical data contain unfair patterns.,"Improve the dashboard, include clearer local explanations, and allow lecturers to provide feedback on recommendations.",Original sample
2026/06/20 3:18:36 PM GMT,Male,40-49,Hospitality and Tourism Management,Assistant Lecturer,11-15 years,101-200,High,Very High,5 - Strongly Agree,4 - Agree,5 - Strongly Agree,4 - Agree,4 - Agree,3 - Neutral,5 - Strongly Agree,5 - Strongly Agree,4 - Agree,5 - Strongly Agree,5 - Strongly Agree,5 - Strongly Agree,4 - Agree,3 - Neutral,4 - Agree,4 - Agree,5 - Strongly Agree,5 - Strongly Agree,3 - Neutral,5 - Strongly Agree,5 - Strongly Agree,3 - Neutral,3 - Neutral,4 - Agree,4 - Agree,4 - Agree,3 - Neutral,3 - Neutral,4 - Agree,3 - Neutral,3 - Neutral,5 - Strongly Agree,4 - Agree,3 - Neutral,5 - Strongly Agree,5 - Strongly Agree,4 - Agree,4 - Agree,4 - Agree,4 - Agree,3 - Neutral,4 - Agree,4 - Agree,3 - Neutral,3 - Neutral,4 - Agree,They improved my confidence when the highlighted factors matched what I knew about the student.,Feature importance and the direction of each factor helped me understand the recommendation.,Yes. Some recommendations appeared too dependent on historical assessment scores.,I am encouraged when AI complements rather than replaces professional judgement.,The institution encourages digital learning but formal AI policies and training are still developing.,"Hands-on workshops on AI ethics, bias detection, data privacy, and decision-support tools are needed.",The results provided an early warning that could guide further investigation.,"Yes, especially when the dashboard displayed both supporting and opposing factors.","My main concerns are data privacy, inaccurate records, and possible bias against particular student groups.","Improve the dashboard, include clearer local explanations, and allow lecturers to provide feedback on recommendations.",Original sample
2026/06/20 4:45:34 PM GMT,Male,50 and above,Liberal Studies,Senior Lecturer,More than 15 years,50-100,High,Very High,4 - Agree,5 - Strongly Agree,5 - Strongly Agree,3 - Neutral,5 - Strongly Agree,4 - Agree,4 - Agree,4 - Agree,4 - Agree,4 - Agree,3 - Neutral,5 - Strongly Agree,5 - Strongly Agree,5 - Strongly Agree,3 - Neutral,5 - Strongly Agree,5 - Strongly Agree,3 - Neutral,5 - Strongly Agree,5 - Strongly Agree,5 - Strongly Agree,4 - Agree,5 - Strongly Agree,3 - Neutral,5 - Strongly Agree,4 - Agree,4 - Agree,3 - Neutral,3 - Neutral,3 - Neutral,3 - Neutral,5 - Strongly Agree,4 - Agree,4 - Agree,5 - Strongly Agree,4 - Agree,3 - Neutral,5 - Strongly Agree,4 - Agree,2 - Disagree,5 - Strongly Agree,4 - Agree,4 - Agree,3 - Neutral,4 - Agree,5 - Strongly Agree,They improved trust because the important features influencing the prediction were visible.,The visual summary showing why a student was classified as at risk was most useful.,"Yes, especially when my knowledge of the student's personal circumstances contradicted the recommendation.","Reliable predictions and transparency encourage me, while bias, poor connectivity, and inaccurate data discourage me.","The institution provides computer laboratories and technical support, but access and connectivity can be improved.","Training on fairness, transparency, privacy, and combining AI evidence with professional judgement is required.",The results provided an early warning that could guide further investigation.,"Somewhat. The visual explanation was helpful, but additional contextual guidance would improve understanding.","My main concerns are data privacy, inaccurate records, and possible bias against particular student groups.",Pilot the framework across multiple departments and retrain it regularly with representative institutional data.,Original sample
2026/06/20 4:48:05 PM GMT,Female,40-49,Food Technology,Lecturer,5-10 years,Less than 50,High,High,5 - Strongly Agree,4 - Agree,4 - Agree,3 - Neutral,4 - Agree,5 - Strongly Agree,4 - Agree,3 - Neutral,4 - Agree,5 - Strongly Agree,3 - Neutral,4 - Agree,4 - Agree,4 - Agree,4 - Agree,3 - Neutral,3 - Neutral,5 - Strongly Agree,5 - Strongly Agree,5 - Strongly Agree,5 - Strongly Agree,5 - Strongly Agree,4 - Agree,3 - Neutral,3 - Neutral,3 - Neutral,4 - Agree,4 - Agree,4 - Agree,3 - Neutral,4 - Agree,5 - Strongly Agree,5 - Strongly Agree,4 - Agree,5 - Strongly Agree,4 - Agree,4 - Agree,3 - Neutral,5 - Strongly Agree,3 - Neutral,4 - Agree,5 - Strongly Agree,3 - Neutral,4 - Agree,5 - Strongly Agree,3 - Neutral,They improved trust because the important features influencing the prediction were visible.,The concise dashboard and explanation of individual predictions were helpful.,"Sometimes, particularly when the prediction did not reflect classroom participation and recent progress.","Reliable predictions and transparency encourage me, while bias, poor connectivity, and inaccurate data discourage me.","The institution provides LMS platforms, internet access, and occasional digital teaching workshops.","Practical training on responsible AI use, interpretation of SHAP outputs, and classroom application would be helpful.",The predictions helped prioritise students for follow-up and intervention planning.,"To a large extent, because I could see why the model reached a particular outcome.","Fairness should be tested across gender, programme, background, and other relevant student groups.","Include recent student progress, lecturer observations, and contextual factors in the model.",Original sample
2026/06/20 6:17:28 PM GMT,Female,50 and above,Mechanical Engineering,Lecturer,More than 15 years,50-100,Very High,Low,3 - Neutral,2 - Disagree,3 - Neutral,2 - Disagree,3 - Neutral,1 - Strongly Disagree,2 - Disagree,2 - Disagree,3 - Neutral,2 - Disagree,3 - Neutral,1 - Strongly Disagree,2 - Disagree,2 - Disagree,2 - Disagree,1 - Strongly Disagree,2 - Disagree,3 - Neutral,1 - Strongly Disagree,2 - Disagree,2 - Disagree,2 - Disagree,3 - Neutral,4 - Agree,2 - Disagree,3 - Neutral,3 - Neutral,1 - Strongly Disagree,2 - Disagree,1 - Strongly Disagree,1 - Strongly Disagree,4 - Agree,3 - Neutral,3 - Neutral,3 - Neutral,2 - Disagree,3 - Neutral,2 - Disagree,1 - Strongly Disagree,3 - Neutral,4 - Agree,3 - Neutral,3 - Neutral,2 - Disagree,3 - Neutral,3 - Neutral,"My trust improved, but only when the explanation was clear and supported by accurate student data.",The comparison of positive and negative contributing factors was most useful.,Yes. I disagreed when the model overlooked recent improvements that were not yet captured in the data.,"Accuracy, clear explanations, data quality, institutional support, and respect for teacher judgement encourage collaboration.",Current support is moderate and mainly focuses on general educational technology rather than AI.,"Training should cover basic AI literacy, model limitations, and how to interpret prediction explanations.",They were helpful in identifying patterns that may not be immediately visible in routine classroom monitoring.,Yes. SHAP made the prediction process more transparent and easier to interpret.,I am concerned about overreliance on predictions and limited opportunities for students to challenge decisions.,Pilot the framework across multiple departments and retrain it regularly with representative institutional data.,Original sample
2026/06/20 6:44:18 PM GMT,Female,40-49,Pharmaceutical Sciences,Lecturer,More than 15 years,50-100,Very High,High,3 - Neutral,4 - Agree,5 - Strongly Agree,4 - Agree,5 - Strongly Agree,5 - Strongly Agree,5 - Strongly Agree,5 - Strongly Agree,5 - Strongly Agree,5 - Strongly Agree,3 - Neutral,5 - Strongly Agree,4 - Agree,4 - Agree,5 - Strongly Agree,5 - Strongly Agree,5 - Strongly Agree,5 - Strongly Agree,5 - Strongly Agree,4 - Agree,5 - Strongly Agree,5 - Strongly Agree,5 - Strongly Agree,5 - Strongly Agree,5 - Strongly Agree,5 - Strongly Agree,5 - Strongly Agree,2 - Disagree,4 - Agree,4 - Agree,5 - Strongly Agree,5 - Strongly Agree,5 - Strongly Agree,5 - Strongly Agree,5 - Strongly Agree,5 - Strongly Agree,5 - Strongly Agree,4 - Agree,5 - Strongly Agree,5 - Strongly Agree,5 - Strongly Agree,5 - Strongly Agree,5 - Strongly Agree,5 - Strongly Agree,5 - Strongly Agree,4 - Agree,The explanations made the recommendations less like a black box and easier to assess.,"The clear identification of attendance, assessment scores, and participation patterns supported decision-making.","No major disagreement occurred, but I would still review the evidence before acting.",Training and a user-friendly system encourage collaboration; lack of technical support discourages it.,"Support exists through ICT services and staff development programmes, although more AI-specific training is needed.","Training should cover basic AI literacy, model limitations, and how to interpret prediction explanations.",They were helpful in identifying patterns that may not be immediately visible in routine classroom monitoring.,"Yes, especially when the dashboard displayed both supporting and opposing factors.","Fairness should be tested across gender, programme, background, and other relevant student groups.","Provide role-based access, stronger privacy controls, and an audit trail for decisions.",Original sample
2026/06/21 7:50:05 AM GMT,Male,50 and above,Mechanical Engineering,Senior Lecturer,11-15 years,Above 200,Very High,Moderate,4 - Agree,5 - Strongly Agree,2 - Disagree,4 - Agree,3 - Neutral,5 - Strongly Agree,3 - Neutral,3 - Neutral,4 - Agree,5 - Strongly Agree,4 - Agree,4 - Agree,3 - Neutral,5 - Strongly Agree,5 - Strongly Agree,4 - Agree,5 - Strongly Agree,3 - Neutral,4 - Agree,5 - Strongly Agree,5 - Strongly Agree,4 - Agree,3 - Neutral,4 - Agree,5 - Strongly Agree,3 - Neutral,3 - Neutral,3 - Neutral,4 - Agree,4 - Agree,4 - Agree,4 - Agree,4 - Agree,5 - Strongly Agree,5 - Strongly Agree,5 - Strongly Agree,5 - Strongly Agree,5 - Strongly Agree,4 - Agree,4 - Agree,3 - Neutral,4 - Agree,4 - Agree,5 - Strongly Agree,5 - Strongly Agree,4 - Agree,They improved my confidence when the highlighted factors matched what I knew about the student.,"The clear identification of attendance, assessment scores, and participation patterns supported decision-making.","Yes, especially when my knowledge of the student's personal circumstances contradicted the recommendation.","Accuracy, clear explanations, data quality, institutional support, and respect for teacher judgement encourage collaboration.",The institution encourages digital learning but formal AI policies and training are still developing.,"Regular workshops on data preparation, dashboard use, and responsible intervention planning would be useful.",The predictions helped prioritise students for follow-up and intervention planning.,"They improved my understanding, although some technical terms required further explanation.",The system may appear objective even when historical data contain unfair patterns.,"Improve the dashboard, include clearer local explanations, and allow lecturers to provide feedback on recommendations.",Original sample
2026/06/21 8:27:08 AM GMT,Female,40-49,Electrical and Electronic Engineering,Senior Lecturer,5-10 years,50-100,High,High,4 - Agree,3 - Neutral,3 - Neutral,4 - Agree,4 - Agree,5 - Strongly Agree,4 - Agree,3 - Neutral,4 - Agree,5 - Strongly Agree,4 - Agree,4 - Agree,4 - Agree,5 - Strongly Agree,3 - Neutral,4 - Agree,4 - Agree,3 - Neutral,4 - Agree,5 - Strongly Agree,4 - Agree,5 - Strongly Agree,5 - Strongly Agree,3 - Neutral,3 - Neutral,4 - Agree,2 - Disagree,2 - Disagree,3 - Neutral,3 - Neutral,4 - Agree,5 - Strongly Agree,4 - Agree,4 - Agree,3 - Neutral,4 - Agree,4 - Agree,5 - Strongly Agree,2 - Disagree,5 - Strongly Agree,5 - Strongly Agree,5 - Strongly Agree,4 - Agree,4 - Agree,5 - Strongly Agree,4 - Agree,They improved my confidence when the highlighted factors matched what I knew about the student.,The ranking of the most influential student factors was the most useful aspect.,"Sometimes, particularly when the prediction did not reflect classroom participation and recent progress.",I am encouraged when AI complements rather than replaces professional judgement.,"The institution provides computer laboratories and technical support, but access and connectivity can be improved.","Training on fairness, transparency, privacy, and combining AI evidence with professional judgement is required.",The predictions were useful for identifying students who may require early academic support.,"Yes, especially when the dashboard displayed both supporting and opposing factors.",I am concerned about overreliance on predictions and limited opportunities for students to challenge decisions.,"Include recent student progress, lecturer observations, and contextual factors in the model.",Original sample
2026/06/21 8:39:28 AM GMT,Male,50 and above,Mechanical Engineering,Associate Professor,More than 15 years,50-100,Moderate,Moderate,4 - Agree,5 - Strongly Agree,4 - Agree,4 - Agree,5 - Strongly Agree,4 - Agree,5 - Strongly Agree,4 - Agree,5 - Strongly Agree,5 - Strongly Agree,5 - Strongly Agree,4 - Agree,5 - Strongly Agree,5 - Strongly Agree,5 - Strongly Agree,4 - Agree,4 - Agree,4 - Agree,5 - Strongly Agree,4 - Agree,4 - Agree,5 - Strongly Agree,4 - Agree,4 - Agree,5 - Strongly Agree,5 - Strongly Agree,3 - Neutral,4 - Agree,4 - Agree,2 - Disagree,3 - Neutral,5 - Strongly Agree,4 - Agree,4 - Agree,5 - Strongly Agree,5 - Strongly Agree,4 - Agree,5 - Strongly Agree,5 - Strongly Agree,5 - Strongly Agree,5 - Strongly Agree,4 - Agree,4 - Agree,4 - Agree,4 - Agree,4 - Agree,They improved my confidence when the highlighted factors matched what I knew about the student.,The concise dashboard and explanation of individual predictions were helpful.,"Sometimes, particularly when the prediction did not reflect classroom participation and recent progress.",Training and a user-friendly system encourage collaboration; lack of technical support discourages it.,Current support is moderate and mainly focuses on general educational technology rather than AI.,"Training should cover basic AI literacy, model limitations, and how to interpret prediction explanations.",They were moderately useful and would be stronger when combined with current lecturer observations.,Yes. SHAP made the prediction process more transparent and easier to interpret.,The system may appear objective even when historical data contain unfair patterns.,"The framework should include fairness monitoring, data-quality checks, and regular model validation.",Original sample
2026/06/21 9:01:46 AM GMT,Female,50 and above,Mechanical Engineering,Senior Lecturer,More than 15 years,101-200,High,Moderate,2 - Disagree,2 - Disagree,5 - Strongly Agree,5 - Strongly Agree,4 - Agree,5 - Strongly Agree,4 - Agree,4 - Agree,5 - Strongly Agree,4 - Agree,2 - Disagree,3 - Neutral,4 - Agree,3 - Neutral,3 - Neutral,4 - Agree,5 - Strongly Agree,4 - Agree,4 - Agree,3 - Neutral,5 - Strongly Agree,4 - Agree,4 - Agree,2 - Disagree,4 - Agree,5 - Strongly Agree,3 - Neutral,2 - Disagree,3 - Neutral,3 - Neutral,3 - Neutral,3 - Neutral,5 - Strongly Agree,4 - Agree,5 - Strongly Agree,5 - Strongly Agree,5 - Strongly Agree,4 - Agree,5 - Strongly Agree,4 - Agree,4 - Agree,4 - Agree,3 - Neutral,4 - Agree,3 - Neutral,3 - Neutral,They improved trust because the important features influencing the prediction were visible.,Feature importance and the direction of each factor helped me understand the recommendation.,Occasionally. I relied on professional judgement when the available data were incomplete.,Training and a user-friendly system encourage collaboration; lack of technical support discourages it.,Current support is moderate and mainly focuses on general educational technology rather than AI.,Scenario-based training using real classroom cases would improve confidence.,The predictions were useful for identifying students who may require early academic support.,"They improved my understanding, although some technical terms required further explanation.","I am concerned about biased training data, unequal treatment of students, and insufficient transparency.","Provide role-based access, stronger privacy controls, and an audit trail for decisions.",Original sample
2026/06/21 10:14:03 AM GMT,Female,40-49,Electrical and Electronic Engineering,Senior Lecturer,11-15 years,50-100,Very High,High,4 - Agree,3 - Neutral,3 - Neutral,4 - Agree,4 - Agree,4 - Agree,4 - Agree,4 - Agree,4 - Agree,5 - Strongly Agree,4 - Agree,2 - Disagree,3 - Neutral,3 - Neutral,4 - Agree,4 - Agree,3 - Neutral,4 - Agree,3 - Neutral,3 - Neutral,4 - Agree,2 - Disagree,3 - Neutral,4 - Agree,2 - Disagree,3 - Neutral,3 - Neutral,3 - Neutral,3 - Neutral,4 - Agree,4 - Agree,5 - Strongly Agree,3 - Neutral,5 - Strongly Agree,4 - Agree,5 - Strongly Agree,4 - Agree,3 - Neutral,4 - Agree,3 - Neutral,3 - Neutral,4 - Agree,3 - Neutral,3 - Neutral,4 - Agree,3 - Neutral,The explanations increased our confidence by showing the main factors behind each recommendation.,Feature importance and the direction of each factor helped me understand the recommendation.,Yes. I disagreed when the model overlooked recent improvements that were not yet captured in the data.,"Accuracy, clear explanations, data quality, institutional support, and respect for teacher judgement encourage collaboration.","The institution provides computer laboratories and technical support, but access and connectivity can be improved.","Regular workshops on data preparation, dashboard use, and responsible intervention planning would be useful.",They were moderately useful and would be stronger when combined with current lecturer observations.,"Somewhat. The visual explanation was helpful, but additional contextual guidance would improve understanding.","My main concerns are data privacy, inaccurate records, and possible bias against particular student groups.","Provide role-based access, stronger privacy controls, and an audit trail for decisions.",Original sample
2026/06/21 10:19:56 AM GMT,Male,50 and above,Faculty of Applied Sciences,Senior Lecturer,11-15 years,Above 200,Very High,High,3 - Neutral,4 - Agree,4 - Agree,2 - Disagree,4 - Agree,5 - Strongly Agree,4 - Agree,4 - Agree,3 - Neutral,4 - Agree,3 - Neutral,4 - Agree,3 - Neutral,3 - Neutral,5 - Strongly Agree,3 - Neutral,2 - Disagree,4 - Agree,4 - Agree,4 - Agree,5 - Strongly Agree,4 - Agree,3 - Neutral,3 - Neutral,2 - Disagree,3 - Neutral,4 - Agree,3 - Neutral,2 - Disagree,2 - Disagree,4 - Agree,5 - Strongly Agree,3 - Neutral,4 - Agree,4 - Agree,4 - Agree,3 - Neutral,4 - Agree,3 - Neutral,5 - Strongly Agree,3 - Neutral,4 - Agree,3 - Neutral,4 - Agree,4 - Agree,5 - Strongly Agree,They improved trust because the important features influencing the prediction were visible.,Feature importance and the direction of each factor helped me understand the recommendation.,Yes. I disagreed when the model overlooked recent improvements that were not yet captured in the data.,"Reliable predictions and transparency encourage me, while bias, poor connectivity, and inaccurate data discourage me.",Current support is moderate and mainly focuses on general educational technology rather than AI.,"Training should cover basic AI literacy, model limitations, and how to interpret prediction explanations.",The predictions were useful for identifying students who may require early academic support.,Yes. SHAP made the prediction process more transparent and easier to interpret.,I am concerned about overreliance on predictions and limited opportunities for students to challenge decisions.,"Improve the dashboard, include clearer local explanations, and allow lecturers to provide feedback on recommendations.",Original sample
2026/06/21 11:06:46 AM GMT,Female,40-49,Electrical and Electronic Engineering,Senior Lecturer,5-10 years,101-200,High,Very High,5 - Strongly Agree,3 - Neutral,4 - Agree,5 - Strongly Agree,5 - Strongly Agree,4 - Agree,3 - Neutral,5 - Strongly Agree,4 - Agree,4 - Agree,4 - Agree,4 - Agree,4 - Agree,4 - Agree,5 - Strongly Agree,5 - Strongly Agree,5 - Strongly Agree,4 - Agree,4 - Agree,5 - Strongly Agree,4 - Agree,4 - Agree,4 - Agree,5 - Strongly Agree,5 - Strongly Agree,4 - Agree,2 - Disagree,5 - Strongly Agree,5 - Strongly Agree,4 - Agree,2 - Disagree,4 - Agree,5 - Strongly Agree,5 - Strongly Agree,4 - Agree,5 - Strongly Agree,4 - Agree,5 - Strongly Agree,5 - Strongly Agree,4 - Agree,4 - Agree,5 - Strongly Agree,5 - Strongly Agree,4 - Agree,5 - Strongly Agree,5 - Strongly Agree,They improved trust because the important features influencing the prediction were visible.,The ranking of the most influential student factors was the most useful aspect.,"Sometimes, particularly when the prediction did not reflect classroom participation and recent progress.","Reliable predictions and transparency encourage me, while bias, poor connectivity, and inaccurate data discourage me.","The institution provides computer laboratories and technical support, but access and connectivity can be improved.","Regular workshops on data preparation, dashboard use, and responsible intervention planning would be useful.",They were helpful in identifying patterns that may not be immediately visible in routine classroom monitoring.,"Somewhat. The visual explanation was helpful, but additional contextual guidance would improve understanding.","I am concerned about biased training data, unequal treatment of students, and insufficient transparency.","Improve the dashboard, include clearer local explanations, and allow lecturers to provide feedback on recommendations.",Original sample
2026/06/21 11:49:30 AM GMT,Female,40-49,Faculty of Applied Sciences,Senior Lecturer,11-15 years,50-100,Very High,Moderate,5 - Strongly Agree,4 - Agree,5 - Strongly Agree,4 - Agree,3 - Neutral,5 - Strongly Agree,4 - Agree,2 - Disagree,4 - Agree,4 - Agree,3 - Neutral,4 - Agree,3 - Neutral,4 - Agree,5 - Strongly Agree,5 - Strongly Agree,5 - Strongly Agree,5 - Strongly Agree,4 - Agree,5 - Strongly Agree,5 - Strongly Agree,3 - Neutral,4 - Agree,5 - Strongly Agree,5 - Strongly Agree,4 - Agree,5 - Strongly Agree,4 - Agree,3 - Neutral,3 - Neutral,3 - Neutral,5 - Strongly Agree,5 - Strongly Agree,5 - Strongly Agree,5 - Strongly Agree,5 - Strongly Agree,4 - Agree,5 - Strongly Agree,5 - Strongly Agree,4 - Agree,4 - Agree,4 - Agree,3 - Neutral,4 - Agree,5 - Strongly Agree,3 - Neutral,"My trust improved, but only when the explanation was clear and supported by accurate student data.",The ranking of the most influential student factors was the most useful aspect.,"No major disagreement occurred, but I would still review the evidence before acting.","Reliable predictions and transparency encourage me, while bias, poor connectivity, and inaccurate data discourage me.",Current support is moderate and mainly focuses on general educational technology rather than AI.,Scenario-based training using real classroom cases would improve confidence.,The predictions helped prioritise students for follow-up and intervention planning.,"To a large extent, because I could see why the model reached a particular outcome.","Fairness should be tested across gender, programme, background, and other relevant student groups.","The framework should include fairness monitoring, data-quality checks, and regular model validation.",Original sample
2026/06/21 12:39:06 PM GMT,Male,40-49,Mechanical Engineering,Senior Lecturer,11-15 years,50-100,High,Moderate,3 - Neutral,4 - Agree,4 - Agree,4 - Agree,3 - Neutral,2 - Disagree,4 - Agree,3 - Neutral,4 - Agree,3 - Neutral,4 - Agree,4 - Agree,3 - Neutral,3 - Neutral,4 - Agree,3 - Neutral,4 - Agree,4 - Agree,4 - Agree,4 - Agree,5 - Strongly Agree,3 - Neutral,4 - Agree,4 - Agree,3 - Neutral,3 - Neutral,3 - Neutral,3 - Neutral,4 - Agree,3 - Neutral,4 - Agree,4 - Agree,4 - Agree,4 - Agree,2 - Disagree,4 - Agree,3 - Neutral,3 - Neutral,3 - Neutral,3 - Neutral,5 - Strongly Agree,4 - Agree,3 - Neutral,3 - Neutral,2 - Disagree,3 - Neutral,They improved trust because the important features influencing the prediction were visible.,The comparison of positive and negative contributing factors was most useful.,Yes. I disagreed when the model overlooked recent improvements that were not yet captured in the data.,"Evidence of fairness, privacy protection, and consistent performance would encourage collaboration.","The institution provides LMS platforms, internet access, and occasional digital teaching workshops.","Hands-on workshops on AI ethics, bias detection, data privacy, and decision-support tools are needed.",The results provided an early warning that could guide further investigation.,"To a large extent, because I could see why the model reached a particular outcome.","Fairness should be tested across gender, programme, background, and other relevant student groups.","Include recent student progress, lecturer observations, and contextual factors in the model.",Original sample
2026/06/21 1:13:27 PM GMT,Male,40-49,Liberal Studies,Lecturer,11-15 years,50-100,High,Low,3 - Neutral,2 - Disagree,3 - Neutral,2 - Disagree,4 - Agree,4 - Agree,3 - Neutral,2 - Disagree,5 - Strongly Agree,4 - Agree,3 - Neutral,2 - Disagree,4 - Agree,5 - Strongly Agree,5 - Strongly Agree,3 - Neutral,4 - Agree,3 - Neutral,4 - Agree,2 - Disagree,4 - Agree,2 - Disagree,4 - Agree,3 - Neutral,3 - Neutral,3 - Neutral,2 - Disagree,4 - Agree,3 - Neutral,3 - Neutral,4 - Agree,5 - Strongly Agree,3 - Neutral,5 - Strongly Agree,4 - Agree,3 - Neutral,3 - Neutral,3 - Neutral,2 - Disagree,3 - Neutral,3 - Neutral,3 - Neutral,3 - Neutral,3 - Neutral,4 - Agree,4 - Agree,They improved trust because the important features influencing the prediction were visible.,The visual summary showing why a student was classified as at risk was most useful.,Occasionally. I relied on professional judgement when the available data were incomplete.,I am encouraged when AI complements rather than replaces professional judgement.,"Management supports technology use through infrastructure, technical assistance, and innovation initiatives.",Scenario-based training using real classroom cases would improve confidence.,The predictions helped prioritise students for follow-up and intervention planning.,"Yes, especially when the dashboard displayed both supporting and opposing factors.","I am concerned about biased training data, unequal treatment of students, and insufficient transparency.","The framework should include fairness monitoring, data-quality checks, and regular model validation.",Original sample
2026/06/21 2:49:59 PM GMT,Female,30-39,Chemical Engineering & Technology,Lecturer,5-10 years,50-100,Very High,High,5 - Strongly Agree,3 - Neutral,4 - Agree,5 - Strongly Agree,4 - Agree,4 - Agree,5 - Strongly Agree,4 - Agree,5 - Strongly Agree,4 - Agree,4 - Agree,4 - Agree,5 - Strongly Agree,4 - Agree,3 - Neutral,5 - Strongly Agree,5 - Strongly Agree,5 - Strongly Agree,4 - Agree,4 - Agree,3 - Neutral,3 - Neutral,4 - Agree,4 - Agree,3 - Neutral,4 - Agree,4 - Agree,3 - Neutral,5 - Strongly Agree,4 - Agree,4 - Agree,4 - Agree,5 - Strongly Agree,5 - Strongly Agree,3 - Neutral,4 - Agree,5 - Strongly Agree,4 - Agree,5 - Strongly Agree,3 - Neutral,5 - Strongly Agree,4 - Agree,3 - Neutral,4 - Agree,5 - Strongly Agree,4 - Agree,They improved my confidence when the highlighted factors matched what I knew about the student.,The visual summary showing why a student was classified as at risk was most useful.,Yes. Some recommendations appeared too dependent on historical assessment scores.,I am encouraged when AI complements rather than replaces professional judgement.,"Management supports technology use through infrastructure, technical assistance, and innovation initiatives.","Training should cover basic AI literacy, model limitations, and how to interpret prediction explanations.",The results provided an early warning that could guide further investigation.,Yes. The explanations clarified how each student factor contributed to the final prediction.,"I am concerned about biased training data, unequal treatment of students, and insufficient transparency.","Add confidence scores, simple language summaries, and links to the evidence supporting each prediction.",Original sample
2026/06/21 2:55:34 PM GMT,Female,40-49,Building Technology,Associate Professor,11-15 years,50-100,Moderate,Moderate,3 - Neutral,3 - Neutral,4 - Agree,4 - Agree,2 - Disagree,4 - Agree,3 - Neutral,4 - Agree,4 - Agree,4 - Agree,3 - Neutral,3 - Neutral,4 - Agree,3 - Neutral,4 - Agree,3 - Neutral,4 - Agree,5 - Strongly Agree,4 - Agree,5 - Strongly Agree,3 - Neutral,4 - Agree,3 - Neutral,3 - Neutral,3 - Neutral,5 - Strongly Agree,3 - Neutral,1 - Strongly Disagree,3 - Neutral,4 - Agree,4 - Agree,4 - Agree,4 - Agree,3 - Neutral,5 - Strongly Agree,5 - Strongly Agree,4 - Agree,2 - Disagree,4 - Agree,4 - Agree,3 - Neutral,4 - Agree,2 - Disagree,3 - Neutral,3 - Neutral,2 - Disagree,The explanations made the recommendations less like a black box and easier to assess.,The concise dashboard and explanation of individual predictions were helpful.,"No major disagreement occurred, but I would still review the evidence before acting.",I am encouraged when AI complements rather than replaces professional judgement.,Current support is moderate and mainly focuses on general educational technology rather than AI.,"Training on fairness, transparency, privacy, and combining AI evidence with professional judgement is required.",They were moderately useful and would be stronger when combined with current lecturer observations.,Yes. SHAP made the prediction process more transparent and easier to interpret.,I am concerned about overreliance on predictions and limited opportunities for students to challenge decisions.,"Improve the dashboard, include clearer local explanations, and allow lecturers to provide feedback on recommendations.",Original sample
2026/06/21 2:56:20 PM GMT,Male,30-39,Electrical and Electronic Engineering,Assistant Lecturer,5-10 years,50-100,Moderate,High,5 - Strongly Agree,3 - Neutral,5 - Strongly Agree,4 - Agree,5 - Strongly Agree,4 - Agree,4 - Agree,3 - Neutral,3 - Neutral,5 - Strongly Agree,4 - Agree,3 - Neutral,4 - Agree,4 - Agree,3 - Neutral,5 - Strongly Agree,4 - Agree,4 - Agree,5 - Strongly Agree,4 - Agree,2 - Disagree,4 - Agree,4 - Agree,3 - Neutral,3 - Neutral,4 - Agree,4 - Agree,2 - Disagree,4 - Agree,3 - Neutral,2 - Disagree,3 - Neutral,5 - Strongly Agree,4 - Agree,3 - Neutral,4 - Agree,4 - Agree,4 - Agree,3 - Neutral,4 - Agree,3 - Neutral,3 - Neutral,4 - Agree,5 - Strongly Agree,4 - Agree,5 - Strongly Agree,"Trust increased moderately, although I would still confirm recommendations with my professional judgement.","The clear identification of attendance, assessment scores, and participation patterns supported decision-making.","Sometimes, particularly when the prediction did not reflect classroom participation and recent progress.",Training and a user-friendly system encourage collaboration; lack of technical support discourages it.,"The institution provides LMS platforms, internet access, and occasional digital teaching workshops.","Training on fairness, transparency, privacy, and combining AI evidence with professional judgement is required.","They were useful for screening, but should not be used as the only basis for a decision.","To a large extent, because I could see why the model reached a particular outcome.",There should be clear accountability when an AI-supported recommendation negatively affects a student.,Pilot the framework across multiple departments and retrain it regularly with representative institutional data.,Original sample
2026/06/21 3:12:27 PM GMT,Female,30-39,Building Technology,Lecturer,Less than 5 years,50-100,High,Low,4 - Agree,4 - Agree,4 - Agree,2 - Disagree,5 - Strongly Agree,3 - Neutral,3 - Neutral,2 - Disagree,4 - Agree,4 - Agree,4 - Agree,2 - Disagree,4 - Agree,5 - Strongly Agree,4 - Agree,4 - Agree,3 - Neutral,4 - Agree,3 - Neutral,3 - Neutral,3 - Neutral,4 - Agree,2 - Disagree,3 - Neutral,3 - Neutral,4 - Agree,4 - Agree,4 - Agree,2 - Disagree,4 - Agree,4 - Agree,3 - Neutral,3 - Neutral,4 - Agree,4 - Agree,5 - Strongly Agree,4 - Agree,5 - Strongly Agree,4 - Agree,4 - Agree,3 - Neutral,3 - Neutral,3 - Neutral,3 - Neutral,2 - Disagree,4 - Agree,The explanations increased our confidence by showing the main factors behind each recommendation.,Feature importance and the direction of each factor helped me understand the recommendation.,"Yes, especially when my knowledge of the student's personal circumstances contradicted the recommendation.","Poor infrastructure, limited training, and unexplained recommendations would discourage collaboration.","The institution provides LMS platforms, internet access, and occasional digital teaching workshops.","Practical training on responsible AI use, interpretation of SHAP outputs, and classroom application would be helpful.","They were useful for screening, but should not be used as the only basis for a decision.","Somewhat. The visual explanation was helpful, but additional contextual guidance would improve understanding.","I am concerned about biased training data, unequal treatment of students, and insufficient transparency.",Pilot the framework across multiple departments and retrain it regularly with representative institutional data.,Original sample
2026/06/21 3:47:37 PM GMT,Female,50 and above,Hospitality and Tourism Management,Senior Lecturer,More than 15 years,50-100,High,Low,4 - Agree,3 - Neutral,4 - Agree,3 - Neutral,3 - Neutral,5 - Strongly Agree,4 - Agree,4 - Agree,3 - Neutral,3 - Neutral,3 - Neutral,4 - Agree,3 - Neutral,4 - Agree,5 - Strongly Agree,5 - Strongly Agree,3 - Neutral,3 - Neutral,4 - Agree,3 - Neutral,5 - Strongly Agree,5 - Strongly Agree,4 - Agree,4 - Agree,5 - Strongly Agree,4 - Agree,3 - Neutral,2 - Disagree,4 - Agree,3 - Neutral,4 - Agree,4 - Agree,4 - Agree,3 - Neutral,5 - Strongly Agree,2 - Disagree,3 - Neutral,5 - Strongly Agree,2 - Disagree,3 - Neutral,3 - Neutral,4 - Agree,4 - Agree,3 - Neutral,3 - Neutral,4 - Agree,"My trust improved, but only when the explanation was clear and supported by accurate student data.",The concise dashboard and explanation of individual predictions were helpful.,Occasionally. I relied on professional judgement when the available data were incomplete.,"Evidence of fairness, privacy protection, and consistent performance would encourage collaboration.","Management supports technology use through infrastructure, technical assistance, and innovation initiatives.","Training should cover basic AI literacy, model limitations, and how to interpret prediction explanations.",The predictions were useful for identifying students who may require early academic support.,Yes. SHAP made the prediction process more transparent and easier to interpret.,I am concerned about overreliance on predictions and limited opportunities for students to challenge decisions.,"The framework should include fairness monitoring, data-quality checks, and regular model validation.",Original sample
2026/06/21 4:43:33 PM GMT,Male,40-49,Pharmaceutical Sciences,Senior Lecturer,More than 15 years,101-200,Very High,Moderate,3 - Neutral,5 - Strongly Agree,3 - Neutral,3 - Neutral,2 - Disagree,3 - Neutral,4 - Agree,2 - Disagree,3 - Neutral,2 - Disagree,3 - Neutral,2 - Disagree,4 - Agree,4 - Agree,3 - Neutral,4 - Agree,4 - Agree,3 - Neutral,3 - Neutral,5 - Strongly Agree,5 - Strongly Agree,3 - Neutral,3 - Neutral,4 - Agree,2 - Disagree,4 - Agree,3 - Neutral,4 - Agree,2 - Disagree,3 - Neutral,4 - Agree,5 - Strongly Agree,5 - Strongly Agree,5 - Strongly Agree,3 - Neutral,4 - Agree,2 - Disagree,5 - Strongly Agree,2 - Disagree,3 - Neutral,3 - Neutral,3 - Neutral,3 - Neutral,5 - Strongly Agree,4 - Agree,4 - Agree,The explanations made the recommendations less like a black box and easier to assess.,"The clear identification of attendance, assessment scores, and participation patterns supported decision-making.",Yes. Some recommendations appeared too dependent on historical assessment scores.,"Accuracy, clear explanations, data quality, institutional support, and respect for teacher judgement encourage collaboration.","The institution provides LMS platforms, internet access, and occasional digital teaching workshops.",Scenario-based training using real classroom cases would improve confidence.,The predictions were useful for identifying students who may require early academic support.,Yes. SHAP made the prediction process more transparent and easier to interpret.,I am concerned about overreliance on predictions and limited opportunities for students to challenge decisions.,"Provide role-based access, stronger privacy controls, and an audit trail for decisions.",Original sample
2026/06/21 4:57:05 PM GMT,Female,30-39,Mechanical Engineering,Lecturer,5-10 years,50-100,Very High,Moderate,3 - Neutral,4 - Agree,3 - Neutral,5 - Strongly Agree,4 - Agree,5 - Strongly Agree,4 - Agree,4 - Agree,3 - Neutral,5 - Strongly Agree,5 - Strongly Agree,5 - Strongly Agree,5 - Strongly Agree,3 - Neutral,5 - Strongly Agree,4 - Agree,4 - Agree,5 - Strongly Agree,3 - Neutral,4 - Agree,5 - Strongly Agree,5 - Strongly Agree,4 - Agree,5 - Strongly Agree,4 - Agree,4 - Agree,4 - Agree,3 - Neutral,3 - Neutral,3 - Neutral,4 - Agree,5 - Strongly Agree,5 - Strongly Agree,5 - Strongly Agree,5 - Strongly Agree,5 - Strongly Agree,5 - Strongly Agree,5 - Strongly Agree,5 - Strongly Agree,3 - Neutral,3 - Neutral,3 - Neutral,4 - Agree,4 - Agree,3 - Neutral,3 - Neutral,The explanations made the recommendations less like a black box and easier to assess.,Feature importance and the direction of each factor helped me understand the recommendation.,Yes. Some recommendations appeared too dependent on historical assessment scores.,"Accuracy, clear explanations, data quality, institutional support, and respect for teacher judgement encourage collaboration.","The institution provides LMS platforms, internet access, and occasional digital teaching workshops.","Training should cover basic AI literacy, model limitations, and how to interpret prediction explanations.",The predictions helped prioritise students for follow-up and intervention planning.,"Somewhat. The visual explanation was helpful, but additional contextual guidance would improve understanding.",I am concerned about overreliance on predictions and limited opportunities for students to challenge decisions.,"Add confidence scores, simple language summaries, and links to the evidence supporting each prediction.",Original sample
2026/06/21 6:29:40 PM GMT,Male,30-39,Management Studies,Lecturer,5-10 years,50-100,Very High,Moderate,4 - Agree,4 - Agree,4 - Agree,3 - Neutral,4 - Agree,4 - Agree,4 - Agree,3 - Neutral,2 - Disagree,3 - Neutral,4 - Agree,3 - Neutral,4 - Agree,3 - Neutral,4 - Agree,4 - Agree,4 - Agree,4 - Agree,4 - Agree,3 - Neutral,4 - Agree,4 - Agree,4 - Agree,4 - Agree,4 - Agree,3 - Neutral,1 - Strongly Disagree,2 - Disagree,2 - Disagree,4 - Agree,3 - Neutral,4 - Agree,4 - Agree,4 - Agree,4 - Agree,3 - Neutral,4 - Agree,4 - Agree,5 - Strongly Agree,3 - Neutral,3 - Neutral,3 - Neutral,3 - Neutral,3 - Neutral,4 - Agree,3 - Neutral,They improved trust because the important features influencing the prediction were visible.,The concise dashboard and explanation of individual predictions were helpful.,"No major disagreement occurred, but I would still review the evidence before acting.",Training and a user-friendly system encourage collaboration; lack of technical support discourages it.,"Support exists through ICT services and staff development programmes, although more AI-specific training is needed.","Hands-on workshops on AI ethics, bias detection, data privacy, and decision-support tools are needed.",They were helpful in identifying patterns that may not be immediately visible in routine classroom monitoring.,"They improved my understanding, although some technical terms required further explanation.","Fairness should be tested across gender, programme, background, and other relevant student groups.","Include recent student progress, lecturer observations, and contextual factors in the model.",Original sample
2026/06/22 7:37:08 AM GMT,Male,50 and above,Chemical Engineering & Technology,Associate Professor,More than 15 years,101-200,Moderate,High,3 - Neutral,3 - Neutral,2 - Disagree,3 - Neutral,3 - Neutral,5 - Strongly Agree,2 - Disagree,5 - Strongly Agree,3 - Neutral,4 - Agree,4 - Agree,2 - Disagree,4 - Agree,4 - Agree,5 - Strongly Agree,2 - Disagree,4 - Agree,3 - Neutral,3 - Neutral,3 - Neutral,2 - Disagree,4 - Agree,3 - Neutral,3 - Neutral,4 - Agree,3 - Neutral,4 - Agree,3 - Neutral,3 - Neutral,2 - Disagree,2 - Disagree,4 - Agree,5 - Strongly Agree,3 - Neutral,3 - Neutral,4 - Agree,3 - Neutral,4 - Agree,3 - Neutral,3 - Neutral,3 - Neutral,3 - Neutral,3 - Neutral,4 - Agree,3 - Neutral,3 - Neutral,"Trust increased moderately, although I would still confirm recommendations with my professional judgement.",The comparison of positive and negative contributing factors was most useful.,"Yes, especially when my knowledge of the student's personal circumstances contradicted the recommendation.","Poor infrastructure, limited training, and unexplained recommendations would discourage collaboration.","Support exists through ICT services and staff development programmes, although more AI-specific training is needed.","Training on fairness, transparency, privacy, and combining AI evidence with professional judgement is required.",The results provided an early warning that could guide further investigation.,"To a large extent, because I could see why the model reached a particular outcome.",The system may appear objective even when historical data contain unfair patterns.,"Include recent student progress, lecturer observations, and contextual factors in the model.",Original sample
2026/06/22 9:57:32 AM GMT,Male,30-39,Mechanical Engineering,Lecturer,Less than 5 years,50-100,Very High,Very High,4 - Agree,3 - Neutral,5 - Strongly Agree,4 - Agree,4 - Agree,5 - Strongly Agree,2 - Disagree,4 - Agree,4 - Agree,4 - Agree,2 - Disagree,4 - Agree,4 - Agree,4 - Agree,4 - Agree,4 - Agree,4 - Agree,3 - Neutral,3 - Neutral,4 - Agree,4 - Agree,4 - Agree,3 - Neutral,4 - Agree,3 - Neutral,3 - Neutral,3 - Neutral,3 - Neutral,5 - Strongly Agree,3 - Neutral,3 - Neutral,4 - Agree,5 - Strongly Agree,5 - Strongly Agree,5 - Strongly Agree,5 - Strongly Agree,4 - Agree,4 - Agree,5 - Strongly Agree,4 - Agree,2 - Disagree,3 - Neutral,3 - Neutral,3 - Neutral,4 - Agree,4 - Agree,The explanations increased our confidence by showing the main factors behind each recommendation.,The visual summary showing why a student was classified as at risk was most useful.,"Sometimes, particularly when the prediction did not reflect classroom participation and recent progress.",Training and a user-friendly system encourage collaboration; lack of technical support discourages it.,Current support is moderate and mainly focuses on general educational technology rather than AI.,"Training should cover basic AI literacy, model limitations, and how to interpret prediction explanations.",The predictions were useful for identifying students who may require early academic support.,"To a large extent, because I could see why the model reached a particular outcome.","My main concerns are data privacy, inaccurate records, and possible bias against particular student groups.","Provide role-based access, stronger privacy controls, and an audit trail for decisions.",Original sample
2026/06/22 11:08:12 AM GMT,Female,40-49,Accounting and Finance,Lecturer,5-10 years,Less than 50,High,Very High,4 - Agree,5 - Strongly Agree,5 - Strongly Agree,5 - Strongly Agree,5 - Strongly Agree,4 - Agree,5 - Strongly Agree,4 - Agree,5 - Strongly Agree,4 - Agree,5 - Strongly Agree,5 - Strongly Agree,3 - Neutral,5 - Strongly Agree,5 - Strongly Agree,5 - Strongly Agree,4 - Agree,5 - Strongly Agree,4 - Agree,5 - Strongly Agree,4 - Agree,5 - Strongly Agree,4 - Agree,4 - Agree,3 - Neutral,5 - Strongly Agree,4 - Agree,4 - Agree,3 - Neutral,3 - Neutral,5 - Strongly Agree,4 - Agree,5 - Strongly Agree,5 - Strongly Agree,4 - Agree,5 - Strongly Agree,4 - Agree,5 - Strongly Agree,5 - Strongly Agree,4 - Agree,4 - Agree,4 - Agree,4 - Agree,5 - Strongly Agree,5 - Strongly Agree,4 - Agree,"My trust improved, but only when the explanation was clear and supported by accurate student data.",Feature importance and the direction of each factor helped me understand the recommendation.,Yes. Some recommendations appeared too dependent on historical assessment scores.,"Reliable predictions and transparency encourage me, while bias, poor connectivity, and inaccurate data discourage me.",The institution encourages digital learning but formal AI policies and training are still developing.,"Training should cover basic AI literacy, model limitations, and how to interpret prediction explanations.",They were moderately useful and would be stronger when combined with current lecturer observations.,"Somewhat. The visual explanation was helpful, but additional contextual guidance would improve understanding.","My main concerns are data privacy, inaccurate records, and possible bias against particular student groups.","Include recent student progress, lecturer observations, and contextual factors in the model.",Original sample
2026/06/22 11:08:33 AM GMT,Female,40-49,Chemical Engineering & Technology,Lecturer,5-10 years,101-200,Moderate,Moderate,4 - Agree,4 - Agree,3 - Neutral,3 - Neutral,4 - Agree,5 - Strongly Agree,5 - Strongly Agree,3 - Neutral,4 - Agree,5 - Strongly Agree,4 - Agree,5 - Strongly Agree,3 - Neutral,4 - Agree,4 - Agree,4 - Agree,4 - Agree,4 - Agree,5 - Strongly Agree,3 - Neutral,4 - Agree,4 - Agree,5 - Strongly Agree,3 - Neutral,5 - Strongly Agree,4 - Agree,2 - Disagree,5 - Strongly Agree,4 - Agree,5 - Strongly Agree,4 - Agree,3 - Neutral,3 - Neutral,4 - Agree,4 - Agree,4 - Agree,5 - Strongly Agree,3 - Neutral,4 - Agree,3 - Neutral,4 - Agree,4 - Agree,5 - Strongly Agree,3 - Neutral,3 - Neutral,3 - Neutral,The explanations made the recommendations less like a black box and easier to assess.,Feature importance and the direction of each factor helped me understand the recommendation.,"Sometimes, particularly when the prediction did not reflect classroom participation and recent progress.",Training and a user-friendly system encourage collaboration; lack of technical support discourages it.,"The institution provides computer laboratories and technical support, but access and connectivity can be improved.","Regular workshops on data preparation, dashboard use, and responsible intervention planning would be useful.",They were helpful in identifying patterns that may not be immediately visible in routine classroom monitoring.,"Somewhat. The visual explanation was helpful, but additional contextual guidance would improve understanding.","Fairness should be tested across gender, programme, background, and other relevant student groups.",Pilot the framework across multiple departments and retrain it regularly with representative institutional data.,Original sample
2026/06/22 1:20:13 PM GMT,Female,50 and above,Computer Science,Associate Professor,11-15 years,50-100,High,High,4 - Agree,3 - Neutral,3 - Neutral,3 - Neutral,3 - Neutral,5 - Strongly Agree,5 - Strongly Agree,5 - Strongly Agree,4 - Agree,4 - Agree,5 - Strongly Agree,4 - Agree,3 - Neutral,4 - Agree,3 - Neutral,4 - Agree,3 - Neutral,4 - Agree,3 - Neutral,4 - Agree,3 - Neutral,4 - Agree,3 - Neutral,4 - Agree,5 - Strongly Agree,3 - Neutral,4 - Agree,3 - Neutral,4 - Agree,3 - Neutral,2 - Disagree,5 - Strongly Agree,5 - Strongly Agree,5 - Strongly Agree,5 - Strongly Agree,4 - Agree,4 - Agree,3 - Neutral,3 - Neutral,4 - Agree,3 - Neutral,4 - Agree,5 - Strongly Agree,3 - Neutral,4 - Agree,4 - Agree,"My trust improved, but only when the explanation was clear and supported by accurate student data.",The ranking of the most influential student factors was the most useful aspect.,"Yes, especially when my knowledge of the student's personal circumstances contradicted the recommendation.","Reliable predictions and transparency encourage me, while bias, poor connectivity, and inaccurate data discourage me.",The institution encourages digital learning but formal AI policies and training are still developing.,"Regular workshops on data preparation, dashboard use, and responsible intervention planning would be useful.",The predictions helped prioritise students for follow-up and intervention planning.,Yes. SHAP made the prediction process more transparent and easier to interpret.,"My main concerns are data privacy, inaccurate records, and possible bias against particular student groups.","Improve the dashboard, include clearer local explanations, and allow lecturers to provide feedback on recommendations.",Original sample
2026/06/22 4:23:43 PM GMT,Male,50 and above,Accounting and Finance,Lecturer,11-15 years,50-100,Moderate,High,3 - Neutral,3 - Neutral,3 - Neutral,3 - Neutral,3 - Neutral,3 - Neutral,3 - Neutral,3 - Neutral,4 - Agree,2 - Disagree,4 - Agree,3 - Neutral,4 - Agree,4 - Agree,2 - Disagree,5 - Strongly Agree,4 - Agree,4 - Agree,4 - Agree,4 - Agree,3 - Neutral,4 - Agree,1 - Strongly Disagree,3 - Neutral,4 - Agree,2 - Disagree,2 - Disagree,2 - Disagree,3 - Neutral,2 - Disagree,2 - Disagree,4 - Agree,4 - Agree,4 - Agree,4 - Agree,4 - Agree,4 - Agree,2 - Disagree,3 - Neutral,4 - Agree,5 - Strongly Agree,3 - Neutral,4 - Agree,4 - Agree,4 - Agree,3 - Neutral,The explanations made the recommendations less like a black box and easier to assess.,Feature importance and the direction of each factor helped me understand the recommendation.,Occasionally. I relied on professional judgement when the available data were incomplete.,Training and a user-friendly system encourage collaboration; lack of technical support discourages it.,Current support is moderate and mainly focuses on general educational technology rather than AI.,"Training should cover basic AI literacy, model limitations, and how to interpret prediction explanations.","They were useful for screening, but should not be used as the only basis for a decision.","Yes, especially when the dashboard displayed both supporting and opposing factors.",I am concerned about overreliance on predictions and limited opportunities for students to challenge decisions.,"Improve the dashboard, include clearer local explanations, and allow lecturers to provide feedback on recommendations.",Original sample
2026/06/22 4:38:18 PM GMT,Female,50 and above,Hospitality and Tourism Management,Senior Lecturer,More than 15 years,Above 200,High,High,4 - Agree,4 - Agree,4 - Agree,3 - Neutral,3 - Neutral,3 - Neutral,4 - Agree,2 - Disagree,3 - Neutral,3 - Neutral,4 - Agree,3 - Neutral,3 - Neutral,3 - Neutral,4 - Agree,2 - Disagree,3 - Neutral,5 - Strongly Agree,2 - Disagree,5 - Strongly Agree,2 - Disagree,3 - Neutral,3 - Neutral,4 - Agree,3 - Neutral,3 - Neutral,2 - Disagree,3 - Neutral,2 - Disagree,3 - Neutral,3 - Neutral,5 - Strongly Agree,3 - Neutral,4 - Agree,3 - Neutral,4 - Agree,3 - Neutral,3 - Neutral,4 - Agree,3 - Neutral,2 - Disagree,3 - Neutral,3 - Neutral,3 - Neutral,5 - Strongly Agree,4 - Agree,The explanations increased our confidence by showing the main factors behind each recommendation.,"The clear identification of attendance, assessment scores, and participation patterns supported decision-making.",Yes. I disagreed when the model overlooked recent improvements that were not yet captured in the data.,"Reliable predictions and transparency encourage me, while bias, poor connectivity, and inaccurate data discourage me.","The institution provides LMS platforms, internet access, and occasional digital teaching workshops.","Training should cover basic AI literacy, model limitations, and how to interpret prediction explanations.",They were helpful in identifying patterns that may not be immediately visible in routine classroom monitoring.,"To a large extent, because I could see why the model reached a particular outcome.",There should be clear accountability when an AI-supported recommendation negatively affects a student.,"Add confidence scores, simple language summaries, and links to the evidence supporting each prediction.",Original sample
2026/06/22 4:47:27 PM GMT,Male,40-49,Liberal Studies,Lecturer,5-10 years,50-100,Very High,Moderate,3 - Neutral,3 - Neutral,3 - Neutral,4 - Agree,4 - Agree,5 - Strongly Agree,3 - Neutral,3 - Neutral,4 - Agree,5 - Strongly Agree,4 - Agree,4 - Agree,5 - Strongly Agree,4 - Agree,4 - Agree,4 - Agree,4 - Agree,4 - Agree,2 - Disagree,4 - Agree,4 - Agree,4 - Agree,4 - Agree,4 - Agree,4 - Agree,5 - Strongly Agree,3 - Neutral,5 - Strongly Agree,3 - Neutral,3 - Neutral,3 - Neutral,5 - Strongly Agree,5 - Strongly Agree,4 - Agree,5 - Strongly Agree,3 - Neutral,5 - Strongly Agree,5 - Strongly Agree,3 - Neutral,5 - Strongly Agree,4 - Agree,4 - Agree,5 - Strongly Agree,3 - Neutral,5 - Strongly Agree,3 - Neutral,"My trust improved, but only when the explanation was clear and supported by accurate student data.",Feature importance and the direction of each factor helped me understand the recommendation.,"Sometimes, particularly when the prediction did not reflect classroom participation and recent progress.",Training and a user-friendly system encourage collaboration; lack of technical support discourages it.,"The institution provides LMS platforms, internet access, and occasional digital teaching workshops.","Training should cover basic AI literacy, model limitations, and how to interpret prediction explanations.",The predictions were useful for identifying students who may require early academic support.,"Yes, especially when the dashboard displayed both supporting and opposing factors.","My main concerns are data privacy, inaccurate records, and possible bias against particular student groups.","Add confidence scores, simple language summaries, and links to the evidence supporting each prediction.",Original sample
2026/06/22 6:22:14 PM GMT,Female,30-39,Electrical and Electronic Engineering,Lecturer,Less than 5 years,Less than 50,High,Moderate,5 - Strongly Agree,5 - Strongly Agree,5 - Strongly Agree,5 - Strongly Agree,3 - Neutral,5 - Strongly Agree,4 - Agree,3 - Neutral,4 - Agree,4 - Agree,4 - Agree,3 - Neutral,3 - Neutral,3 - Neutral,4 - Agree,4 - Agree,4 - Agree,4 - Agree,4 - Agree,4 - Agree,4 - Agree,4 - Agree,4 - Agree,3 - Neutral,3 - Neutral,4 - Agree,3 - Neutral,2 - Disagree,3 - Neutral,4 - Agree,3 - Neutral,5 - Strongly Agree,5 - Strongly Agree,5 - Strongly Agree,3 - Neutral,5 - Strongly Agree,3 - Neutral,3 - Neutral,4 - Agree,4 - Agree,3 - Neutral,5 - Strongly Agree,4 - Agree,4 - Agree,4 - Agree,4 - Agree,They improved my confidence when the highlighted factors matched what I knew about the student.,Feature importance and the direction of each factor helped me understand the recommendation.,"Yes, especially when my knowledge of the student's personal circumstances contradicted the recommendation.","Reliable predictions and transparency encourage me, while bias, poor connectivity, and inaccurate data discourage me.","Support exists through ICT services and staff development programmes, although more AI-specific training is needed.","Training should cover basic AI literacy, model limitations, and how to interpret prediction explanations.",The predictions were useful for identifying students who may require early academic support.,Yes. SHAP made the prediction process more transparent and easier to interpret.,There should be clear accountability when an AI-supported recommendation negatively affects a student.,"Provide role-based access, stronger privacy controls, and an audit trail for decisions.",Original sample
2026/06/22 6:47:04 PM GMT,Male,30-39,Pharmaceutical Sciences,Associate Professor,5-10 years,50-100,Moderate,High,4 - Agree,3 - Neutral,4 - Agree,4 - Agree,3 - Neutral,4 - Agree,4 - Agree,4 - Agree,3 - Neutral,3 - Neutral,2 - Disagree,3 - Neutral,3 - Neutral,4 - Agree,4 - Agree,2 - Disagree,3 - Neutral,5 - Strongly Agree,3 - Neutral,4 - Agree,3 - Neutral,4 - Agree,4 - Agree,4 - Agree,4 - Agree,3 - Neutral,3 - Neutral,4 - Agree,4 - Agree,2 - Disagree,3 - Neutral,3 - Neutral,4 - Agree,4 - Agree,4 - Agree,3 - Neutral,3 - Neutral,3 - Neutral,4 - Agree,4 - Agree,3 - Neutral,3 - Neutral,4 - Agree,3 - Neutral,3 - Neutral,3 - Neutral,"My trust improved, but only when the explanation was clear and supported by accurate student data.",Feature importance and the direction of each factor helped me understand the recommendation.,Occasionally. I relied on professional judgement when the available data were incomplete.,"Evidence of fairness, privacy protection, and consistent performance would encourage collaboration.","The institution provides computer laboratories and technical support, but access and connectivity can be improved.","Training should cover basic AI literacy, model limitations, and how to interpret prediction explanations.","They were useful for screening, but should not be used as the only basis for a decision.",Yes. SHAP made the prediction process more transparent and easier to interpret.,"Fairness should be tested across gender, programme, background, and other relevant student groups.","Improve the dashboard, include clearer local explanations, and allow lecturers to provide feedback on recommendations.",Original sample
2026/06/23 7:32:01 AM GMT,Male,40-49,Chemical Engineering & Technology,Senior Lecturer,More than 15 years,Less than 50,Very High,High,4 - Agree,5 - Strongly Agree,4 - Agree,3 - Neutral,4 - Agree,4 - Agree,5 - Strongly Agree,5 - Strongly Agree,4 - Agree,5 - Strongly Agree,3 - Neutral,5 - Strongly Agree,4 - Agree,5 - Strongly Agree,5 - Strongly Agree,5 - Strongly Agree,4 - Agree,5 - Strongly Agree,5 - Strongly Agree,5 - Strongly Agree,5 - Strongly Agree,3 - Neutral,5 - Strongly Agree,5 - Strongly Agree,4 - Agree,4 - Agree,3 - Neutral,4 - Agree,5 - Strongly Agree,3 - Neutral,4 - Agree,5 - Strongly Agree,5 - Strongly Agree,5 - Strongly Agree,5 - Strongly Agree,5 - Strongly Agree,5 - Strongly Agree,4 - Agree,4 - Agree,5 - Strongly Agree,5 - Strongly Agree,4 - Agree,5 - Strongly Agree,5 - Strongly Agree,5 - Strongly Agree,4 - Agree,"My trust improved, but only when the explanation was clear and supported by accurate student data.",The ranking of the most influential student factors was the most useful aspect.,Yes. Some recommendations appeared too dependent on historical assessment scores.,Training and a user-friendly system encourage collaboration; lack of technical support discourages it.,"Support exists through ICT services and staff development programmes, although more AI-specific training is needed.","Training should cover basic AI literacy, model limitations, and how to interpret prediction explanations.","They were useful for screening, but should not be used as the only basis for a decision.",Yes. The explanations clarified how each student factor contributed to the final prediction.,I am concerned about overreliance on predictions and limited opportunities for students to challenge decisions.,"The framework should include fairness monitoring, data-quality checks, and regular model validation.",Original sample
2026/06/23 7:34:56 AM GMT,Male,40-49,Accounting and Finance,Lecturer,11-15 years,50-100,High,Moderate,3 - Neutral,3 - Neutral,5 - Strongly Agree,4 - Agree,3 - Neutral,4 - Agree,4 - Agree,3 - Neutral,5 - Strongly Agree,3 - Neutral,4 - Agree,3 - Neutral,4 - Agree,3 - Neutral,4 - Agree,2 - Disagree,4 - Agree,3 - Neutral,4 - Agree,3 - Neutral,4 - Agree,5 - Strongly Agree,4 - Agree,4 - Agree,4 - Agree,5 - Strongly Agree,3 - Neutral,3 - Neutral,4 - Agree,3 - Neutral,4 - Agree,4 - Agree,5 - Strongly Agree,5 - Strongly Agree,4 - Agree,4 - Agree,3 - Neutral,3 - Neutral,4 - Agree,3 - Neutral,4 - Agree,3 - Neutral,3 - Neutral,3 - Neutral,3 - Neutral,4 - Agree,The explanations increased our confidence by showing the main factors behind each recommendation.,The ranking of the most influential student factors was the most useful aspect.,"No major disagreement occurred, but I would still review the evidence before acting.","Accuracy, clear explanations, data quality, institutional support, and respect for teacher judgement encourage collaboration.","Support exists through ICT services and staff development programmes, although more AI-specific training is needed.",Scenario-based training using real classroom cases would improve confidence.,They were moderately useful and would be stronger when combined with current lecturer observations.,"They improved my understanding, although some technical terms required further explanation.","I am concerned about biased training data, unequal treatment of students, and insufficient transparency.",Pilot the framework across multiple departments and retrain it regularly with representative institutional data.,Original sample
2026/06/23 7:54:13 AM GMT,Female,40-49,Computer Science,Lecturer,11-15 years,101-200,High,Moderate,4 - Agree,5 - Strongly Agree,3 - Neutral,5 - Strongly Agree,3 - Neutral,4 - Agree,5 - Strongly Agree,4 - Agree,5 - Strongly Agree,4 - Agree,4 - Agree,4 - Agree,3 - Neutral,4 - Agree,5 - Strongly Agree,4 - Agree,4 - Agree,5 - Strongly Agree,3 - Neutral,4 - Agree,4 - Agree,4 - Agree,3 - Neutral,2 - Disagree,3 - Neutral,4 - Agree,3 - Neutral,3 - Neutral,2 - Disagree,2 - Disagree,2 - Disagree,4 - Agree,4 - Agree,5 - Strongly Agree,5 - Strongly Agree,5 - Strongly Agree,4 - Agree,4 - Agree,4 - Agree,4 - Agree,4 - Agree,4 - Agree,5 - Strongly Agree,3 - Neutral,4 - Agree,3 - Neutral,"My trust improved, but only when the explanation was clear and supported by accurate student data.",The ranking of the most influential student factors was the most useful aspect.,Yes. Some recommendations appeared too dependent on historical assessment scores.,Training and a user-friendly system encourage collaboration; lack of technical support discourages it.,Current support is moderate and mainly focuses on general educational technology rather than AI.,"Practical training on responsible AI use, interpretation of SHAP outputs, and classroom application would be helpful.",The predictions were useful for identifying students who may require early academic support.,Yes. The explanations clarified how each student factor contributed to the final prediction.,The system may appear objective even when historical data contain unfair patterns.,"Include recent student progress, lecturer observations, and contextual factors in the model.",Original sample
2026/06/23 8:44:04 AM GMT,Male,40-49,Mechanical Engineering,Assistant Lecturer,11-15 years,50-100,Very High,High,3 - Neutral,4 - Agree,5 - Strongly Agree,4 - Agree,5 - Strongly Agree,3 - Neutral,5 - Strongly Agree,4 - Agree,3 - Neutral,4 - Agree,4 - Agree,4 - Agree,3 - Neutral,3 - Neutral,5 - Strongly Agree,3 - Neutral,4 - Agree,3 - Neutral,5 - Strongly Agree,3 - Neutral,4 - Agree,3 - Neutral,3 - Neutral,4 - Agree,4 - Agree,4 - Agree,2 - Disagree,2 - Disagree,2 - Disagree,3 - Neutral,4 - Agree,3 - Neutral,3 - Neutral,4 - Agree,4 - Agree,3 - Neutral,3 - Neutral,4 - Agree,3 - Neutral,4 - Agree,4 - Agree,4 - Agree,4 - Agree,4 - Agree,2 - Disagree,4 - Agree,"Trust increased moderately, although I would still confirm recommendations with my professional judgement.",The concise dashboard and explanation of individual predictions were helpful.,"Sometimes, particularly when the prediction did not reflect classroom participation and recent progress.","Accuracy, clear explanations, data quality, institutional support, and respect for teacher judgement encourage collaboration.","Support exists through ICT services and staff development programmes, although more AI-specific training is needed.","Hands-on workshops on AI ethics, bias detection, data privacy, and decision-support tools are needed.",The results provided an early warning that could guide further investigation.,"To a large extent, because I could see why the model reached a particular outcome.","Fairness should be tested across gender, programme, background, and other relevant student groups.","Add confidence scores, simple language summaries, and links to the evidence supporting each prediction.",Original sample
2026/06/23 8:51:34 AM GMT,Female,30-39,Computer Science,Senior Lecturer,Less than 5 years,Less than 50,High,High,2 - Disagree,3 - Neutral,3 - Neutral,3 - Neutral,2 - Disagree,3 - Neutral,3 - Neutral,4 - Agree,2 - Disagree,4 - Agree,4 - Agree,3 - Neutral,3 - Neutral,3 - Neutral,3 - Neutral,4 - Agree,5 - Strongly Agree,3 - Neutral,3 - Neutral,4 - Agree,4 - Agree,2 - Disagree,3 - Neutral,3 - Neutral,3 - Neutral,2 - Disagree,3 - Neutral,2 - Disagree,2 - Disagree,3 - Neutral,3 - Neutral,4 - Agree,4 - Agree,3 - Neutral,4 - Agree,3 - Neutral,3 - Neutral,2 - Disagree,1 - Strongly Disagree,1 - Strongly Disagree,2 - Disagree,4 - Agree,3 - Neutral,1 - Strongly Disagree,3 - Neutral,3 - Neutral,The explanations made the recommendations less like a black box and easier to assess.,Feature importance and the direction of each factor helped me understand the recommendation.,"No major disagreement occurred, but I would still review the evidence before acting.","Reliable predictions and transparency encourage me, while bias, poor connectivity, and inaccurate data discourage me.","The institution provides LMS platforms, internet access, and occasional digital teaching workshops.","Hands-on workshops on AI ethics, bias detection, data privacy, and decision-support tools are needed.","They were useful for screening, but should not be used as the only basis for a decision.","They improved my understanding, although some technical terms required further explanation.",There should be clear accountability when an AI-supported recommendation negatively affects a student.,"Include recent student progress, lecturer observations, and contextual factors in the model.",Original sample
2026/06/23 9:12:44 AM GMT,Male,40-49,Food Technology,Senior Lecturer,5-10 years,50-100,High,Moderate,5 - Strongly Agree,3 - Neutral,4 - Agree,4 - Agree,5 - Strongly Agree,4 - Agree,5 - Strongly Agree,4 - Agree,4 - Agree,5 - Strongly Agree,5 - Strongly Agree,3 - Neutral,4 - Agree,3 - Neutral,5 - Strongly Agree,4 - Agree,3 - Neutral,4 - Agree,5 - Strongly Agree,5 - Strongly Agree,4 - Agree,4 - Agree,4 - Agree,5 - Strongly Agree,4 - Agree,4 - Agree,3 - Neutral,3 - Neutral,4 - Agree,4 - Agree,4 - Agree,4 - Agree,5 - Strongly Agree,4 - Agree,4 - Agree,5 - Strongly Agree,3 - Neutral,4 - Agree,4 - Agree,5 - Strongly Agree,3 - Neutral,4 - Agree,4 - Agree,5 - Strongly Agree,3 - Neutral,4 - Agree,They improved trust because the important features influencing the prediction were visible.,The comparison of positive and negative contributing factors was most useful.,"Sometimes, particularly when the prediction did not reflect classroom participation and recent progress.",Training and a user-friendly system encourage collaboration; lack of technical support discourages it.,"Management supports technology use through infrastructure, technical assistance, and innovation initiatives.","Regular workshops on data preparation, dashboard use, and responsible intervention planning would be useful.",The predictions helped prioritise students for follow-up and intervention planning.,Yes. The explanations clarified how each student factor contributed to the final prediction.,There should be clear accountability when an AI-supported recommendation negatively affects a student.,"The framework should include fairness monitoring, data-quality checks, and regular model validation.",Original sample
2026/06/23 12:06:32 PM GMT,Female,40-49,Mechanical Engineering,Lecturer,More than 15 years,50-100,Moderate,Low,3 - Neutral,3 - Neutral,4 - Agree,4 - Agree,3 - Neutral,3 - Neutral,2 - Disagree,3 - Neutral,3 - Neutral,3 - Neutral,3 - Neutral,4 - Agree,4 - Agree,3 - Neutral,4 - Agree,4 - Agree,3 - Neutral,3 - Neutral,5 - Strongly Agree,5 - Strongly Agree,4 - Agree,4 - Agree,3 - Neutral,4 - Agree,3 - Neutral,3 - Neutral,3 - Neutral,3 - Neutral,3 - Neutral,5 - Strongly Agree,3 - Neutral,5 - Strongly Agree,5 - Strongly Agree,5 - Strongly Agree,5 - Strongly Agree,5 - Strongly Agree,4 - Agree,3 - Neutral,5 - Strongly Agree,3 - Neutral,3 - Neutral,4 - Agree,4 - Agree,3 - Neutral,2 - Disagree,3 - Neutral,"Trust increased moderately, although I would still confirm recommendations with my professional judgement.",Feature importance and the direction of each factor helped me understand the recommendation.,Yes. I disagreed when the model overlooked recent improvements that were not yet captured in the data.,Training and a user-friendly system encourage collaboration; lack of technical support discourages it.,Current support is moderate and mainly focuses on general educational technology rather than AI.,"Hands-on workshops on AI ethics, bias detection, data privacy, and decision-support tools are needed.",The predictions were useful for identifying students who may require early academic support.,Yes. The explanations clarified how each student factor contributed to the final prediction.,The system may appear objective even when historical data contain unfair patterns.,Pilot the framework across multiple departments and retrain it regularly with representative institutional data.,Original sample
2026/06/23 3:58:27 PM GMT,Male,30-39,Accounting and Finance,Lecturer,Less than 5 years,50-100,High,High,5 - Strongly Agree,5 - Strongly Agree,3 - Neutral,5 - Strongly Agree,5 - Strongly Agree,3 - Neutral,5 - Strongly Agree,3 - Neutral,5 - Strongly Agree,3 - Neutral,3 - Neutral,4 - Agree,4 - Agree,4 - Agree,4 - Agree,5 - Strongly Agree,4 - Agree,3 - Neutral,4 - Agree,4 - Agree,4 - Agree,3 - Neutral,5 - Strongly Agree,5 - Strongly Agree,4 - Agree,2 - Disagree,4 - Agree,4 - Agree,3 - Neutral,3 - Neutral,2 - Disagree,5 - Strongly Agree,5 - Strongly Agree,4 - Agree,4 - Agree,5 - Strongly Agree,2 - Disagree,4 - Agree,4 - Agree,4 - Agree,4 - Agree,4 - Agree,3 - Neutral,3 - Neutral,5 - Strongly Agree,5 - Strongly Agree,They improved trust because the important features influencing the prediction were visible.,The concise dashboard and explanation of individual predictions were helpful.,Occasionally. I relied on professional judgement when the available data were incomplete.,"Evidence of fairness, privacy protection, and consistent performance would encourage collaboration.","Support exists through ICT services and staff development programmes, although more AI-specific training is needed.","Regular workshops on data preparation, dashboard use, and responsible intervention planning would be useful.",The predictions helped prioritise students for follow-up and intervention planning.,"They improved my understanding, although some technical terms required further explanation.","My main concerns are data privacy, inaccurate records, and possible bias against particular student groups.","Improve the dashboard, include clearer local explanations, and allow lecturers to provide feedback on recommendations.",Original sample
2026/06/23 4:30:03 PM GMT,Male,30-39,Liberal Studies,Assistant Lecturer,5-10 years,50-100,Moderate,Moderate,4 - Agree,5 - Strongly Agree,4 - Agree,4 - Agree,5 - Strongly Agree,3 - Neutral,5 - Strongly Agree,2 - Disagree,4 - Agree,4 - Agree,4 - Agree,4 - Agree,4 - Agree,5 - Strongly Agree,3 - Neutral,4 - Agree,3 - Neutral,5 - Strongly Agree,3 - Neutral,5 - Strongly Agree,4 - Agree,3 - Neutral,4 - Agree,2 - Disagree,4 - Agree,2 - Disagree,4 - Agree,3 - Neutral,2 - Disagree,3 - Neutral,4 - Agree,3 - Neutral,5 - Strongly Agree,4 - Agree,5 - Strongly Agree,5 - Strongly Agree,3 - Neutral,4 - Agree,3 - Neutral,3 - Neutral,4 - Agree,4 - Agree,5 - Strongly Agree,4 - Agree,4 - Agree,4 - Agree,They improved my confidence when the highlighted factors matched what I knew about the student.,The comparison of positive and negative contributing factors was most useful.,Occasionally. I relied on professional judgement when the available data were incomplete.,I am encouraged when AI complements rather than replaces professional judgement.,Current support is moderate and mainly focuses on general educational technology rather than AI.,Scenario-based training using real classroom cases would improve confidence.,The results provided an early warning that could guide further investigation.,Yes. SHAP made the prediction process more transparent and easier to interpret.,There should be clear accountability when an AI-supported recommendation negatively affects a student.,"Provide role-based access, stronger privacy controls, and an audit trail for decisions.",Original sample
2026/06/24 8:59:55 AM GMT,Female,40-49,Pharmaceutical Sciences,Lecturer,More than 15 years,50-100,High,Low,4 - Agree,4 - Agree,3 - Neutral,5 - Strongly Agree,3 - Neutral,4 - Agree,3 - Neutral,4 - Agree,4 - Agree,4 - Agree,4 - Agree,3 - Neutral,4 - Agree,5 - Strongly Agree,4 - Agree,4 - Agree,3 - Neutral,4 - Agree,4 - Agree,5 - Strongly Agree,5 - Strongly Agree,4 - Agree,2 - Disagree,3 - Neutral,3 - Neutral,5 - Strongly Agree,4 - Agree,3 - Neutral,2 - Disagree,4 - Agree,4 - Agree,5 - Strongly Agree,4 - Agree,4 - Agree,5 - Strongly Agree,4 - Agree,5 - Strongly Agree,4 - Agree,5 - Strongly Agree,4 - Agree,4 - Agree,3 - Neutral,3 - Neutral,4 - Agree,5 - Strongly Agree,4 - Agree,"Trust increased moderately, although I would still confirm recommendations with my professional judgement.",The comparison of positive and negative contributing factors was most useful.,Yes. Some recommendations appeared too dependent on historical assessment scores.,"Accuracy, clear explanations, data quality, institutional support, and respect for teacher judgement encourage collaboration.","The institution provides LMS platforms, internet access, and occasional digital teaching workshops.","Regular workshops on data preparation, dashboard use, and responsible intervention planning would be useful.",The predictions helped prioritise students for follow-up and intervention planning.,"To a large extent, because I could see why the model reached a particular outcome.","My main concerns are data privacy, inaccurate records, and possible bias against particular student groups.","Improve the dashboard, include clearer local explanations, and allow lecturers to provide feedback on recommendations.",Original sample
2026/06/24 9:08:20 AM GMT,Male,30-39,Management Studies,Lecturer,5-10 years,50-100,High,High,4 - Agree,4 - Agree,5 - Strongly Agree,5 - Strongly Agree,4 - Agree,5 - Strongly Agree,3 - Neutral,4 - Agree,4 - Agree,3 - Neutral,5 - Strongly Agree,3 - Neutral,4 - Agree,5 - Strongly Agree,3 - Neutral,5 - Strongly Agree,5 - Strongly Agree,4 - Agree,4 - Agree,5 - Strongly Agree,4 - Agree,5 - Strongly Agree,3 - Neutral,4 - Agree,3 - Neutral,5 - Strongly Agree,3 - Neutral,4 - Agree,4 - Agree,2 - Disagree,3 - Neutral,5 - Strongly Agree,5 - Strongly Agree,5 - Strongly Agree,5 - Strongly Agree,5 - Strongly Agree,5 - Strongly Agree,5 - Strongly Agree,5 - Strongly Agree,5 - Strongly Agree,4 - Agree,3 - Neutral,5 - Strongly Agree,4 - Agree,4 - Agree,2 - Disagree,"Trust increased moderately, although I would still confirm recommendations with my professional judgement.",The visual summary showing why a student was classified as at risk was most useful.,"Sometimes, particularly when the prediction did not reflect classroom participation and recent progress.",I am encouraged when AI complements rather than replaces professional judgement.,"Management supports technology use through infrastructure, technical assistance, and innovation initiatives.","Practical training on responsible AI use, interpretation of SHAP outputs, and classroom application would be helpful.","They were useful for screening, but should not be used as the only basis for a decision.","Somewhat. The visual explanation was helpful, but additional contextual guidance would improve understanding.",The system may appear objective even when historical data contain unfair patterns.,"Add confidence scores, simple language summaries, and links to the evidence supporting each prediction.",Original sample
2026/06/24 10:45:43 AM GMT,Female,50 and above,Accounting and Finance,Senior Lecturer,More than 15 years,Less than 50,High,Low,3 - Neutral,4 - Agree,3 - Neutral,3 - Neutral,4 - Agree,5 - Strongly Agree,3 - Neutral,3 - Neutral,4 - Agree,3 - Neutral,3 - Neutral,4 - Agree,4 - Agree,4 - Agree,3 - Neutral,4 - Agree,3 - Neutral,3 - Neutral,3 - Neutral,3 - Neutral,5 - Strongly Agree,4 - Agree,3 - Neutral,4 - Agree,2 - Disagree,3 - Neutral,4 - Agree,3 - Neutral,2 - Disagree,3 - Neutral,3 - Neutral,4 - Agree,4 - Agree,3 - Neutral,3 - Neutral,4 - Agree,3 - Neutral,2 - Disagree,3 - Neutral,2 - Disagree,4 - Agree,3 - Neutral,4 - Agree,3 - Neutral,4 - Agree,3 - Neutral,The explanations made the recommendations less like a black box and easier to assess.,Feature importance and the direction of each factor helped me understand the recommendation.,Yes. I disagreed when the model overlooked recent improvements that were not yet captured in the data.,I am encouraged when AI complements rather than replaces professional judgement.,Current support is moderate and mainly focuses on general educational technology rather than AI.,"Hands-on workshops on AI ethics, bias detection, data privacy, and decision-support tools are needed.",The predictions were useful for identifying students who may require early academic support.,"Yes, especially when the dashboard displayed both supporting and opposing factors.","I am concerned about biased training data, unequal treatment of students, and insufficient transparency.","The framework should include fairness monitoring, data-quality checks, and regular model validation.",Original sample
2026/06/24 12:12:30 PM GMT,Female,40-49,Computer Science,Lecturer,11-15 years,50-100,Moderate,High,4 - Agree,3 - Neutral,5 - Strongly Agree,3 - Neutral,4 - Agree,4 - Agree,3 - Neutral,4 - Agree,4 - Agree,3 - Neutral,4 - Agree,4 - Agree,5 - Strongly Agree,4 - Agree,4 - Agree,4 - Agree,5 - Strongly Agree,4 - Agree,4 - Agree,5 - Strongly Agree,5 - Strongly Agree,5 - Strongly Agree,4 - Agree,4 - Agree,3 - Neutral,4 - Agree,4 - Agree,2 - Disagree,2 - Disagree,3 - Neutral,4 - Agree,4 - Agree,4 - Agree,5 - Strongly Agree,4 - Agree,5 - Strongly Agree,5 - Strongly Agree,4 - Agree,4 - Agree,5 - Strongly Agree,3 - Neutral,3 - Neutral,5 - Strongly Agree,4 - Agree,4 - Agree,3 - Neutral,They improved my confidence when the highlighted factors matched what I knew about the student.,The comparison of positive and negative contributing factors was most useful.,Occasionally. I relied on professional judgement when the available data were incomplete.,"Poor infrastructure, limited training, and unexplained recommendations would discourage collaboration.","Support exists through ICT services and staff development programmes, although more AI-specific training is needed.",Scenario-based training using real classroom cases would improve confidence.,They were moderately useful and would be stronger when combined with current lecturer observations.,"Somewhat. The visual explanation was helpful, but additional contextual guidance would improve understanding.","Fairness should be tested across gender, programme, background, and other relevant student groups.","The framework should include fairness monitoring, data-quality checks, and regular model validation.",Original sample
2026/06/24 2:36:06 PM GMT,Male,40-49,Chemical Engineering & Technology,Associate Professor,11-15 years,50-100,High,Very High,5 - Strongly Agree,3 - Neutral,4 - Agree,3 - Neutral,4 - Agree,5 - Strongly Agree,5 - Strongly Agree,5 - Strongly Agree,5 - Strongly Agree,4 - Agree,3 - Neutral,4 - Agree,3 - Neutral,4 - Agree,3 - Neutral,5 - Strongly Agree,5 - Strongly Agree,4 - Agree,4 - Agree,5 - Strongly Agree,3 - Neutral,5 - Strongly Agree,5 - Strongly Agree,4 - Agree,4 - Agree,5 - Strongly Agree,3 - Neutral,2 - Disagree,4 - Agree,3 - Neutral,5 - Strongly Agree,4 - Agree,5 - Strongly Agree,5 - Strongly Agree,5 - Strongly Agree,5 - Strongly Agree,3 - Neutral,4 - Agree,3 - Neutral,4 - Agree,5 - Strongly Agree,5 - Strongly Agree,5 - Strongly Agree,3 - Neutral,4 - Agree,4 - Agree,They improved trust because the important features influencing the prediction were visible.,The visual summary showing why a student was classified as at risk was most useful.,"No major disagreement occurred, but I would still review the evidence before acting.","Reliable predictions and transparency encourage me, while bias, poor connectivity, and inaccurate data discourage me.","The institution provides computer laboratories and technical support, but access and connectivity can be improved.",Scenario-based training using real classroom cases would improve confidence.,The predictions were useful for identifying students who may require early academic support.,Yes. The explanations clarified how each student factor contributed to the final prediction.,The system may appear objective even when historical data contain unfair patterns.,"Improve the dashboard, include clearer local explanations, and allow lecturers to provide feedback on recommendations.",Original sample
2026/06/24 3:13:52 PM GMT,Male,40-49,Liberal Studies,Lecturer,Less than 5 years,50-100,Low,Moderate,4 - Agree,4 - Agree,4 - Agree,4 - Agree,4 - Agree,4 - Agree,4 - Agree,4 - Agree,5 - Strongly Agree,5 - Strongly Agree,4 - Agree,5 - Strongly Agree,5 - Strongly Agree,4 - Agree,4 - Agree,4 - Agree,4 - Agree,4 - Agree,4 - Agree,5 - Strongly Agree,5 - Strongly Agree,5 - Strongly Agree,5 - Strongly Agree,4 - Agree,4 - Agree,4 - Agree,2 - Disagree,2 - Disagree,4 - Agree,2 - Disagree,2 - Disagree,5 - Strongly Agree,5 - Strongly Agree,5 - Strongly Agree,5 - Strongly Agree,5 - Strongly Agree,4 - Agree,4 - Agree,4 - Agree,5 - Strongly Agree,5 - Strongly Agree,5 - Strongly Agree,5 - Strongly Agree,5 - Strongly Agree,5 - Strongly Agree,5 - Strongly Agree,The explanations increased our confidence by showing the main factors behind each recommendation.,Feature importance and the direction of each factor helped me understand the recommendation.,Yes. I disagreed when the model overlooked recent improvements that were not yet captured in the data.,"Evidence of fairness, privacy protection, and consistent performance would encourage collaboration.","Support exists through ICT services and staff development programmes, although more AI-specific training is needed.","Hands-on workshops on AI ethics, bias detection, data privacy, and decision-support tools are needed.",They were moderately useful and would be stronger when combined with current lecturer observations.,"They improved my understanding, although some technical terms required further explanation.","My main concerns are data privacy, inaccurate records, and possible bias against particular student groups.","Include recent student progress, lecturer observations, and contextual factors in the model.",Original sample
2026/06/24 3:19:19 PM GMT,Male,50 and above,Liberal Studies ,Lecturer,More than 15 years,Above 200,Moderate,Low,1 - Strongly Disagree,1 - Strongly Disagree,1 - Strongly Disagree,3 - Neutral,3 - Neutral,2 - Disagree,2 - Disagree,3 - Neutral,4 - Agree,4 - Agree,4 - Agree,4 - Agree,4 - Agree,4 - Agree,4 - Agree,4 - Agree,4 - Agree,4 - Agree,4 - Agree,4 - Agree,5 - Strongly Agree,4 - Agree,5 - Strongly Agree,3 - Neutral,3 - Neutral,3 - Neutral,1 - Strongly Disagree,1 - Strongly Disagree,1 - Strongly Disagree,1 - Strongly Disagree,1 - Strongly Disagree,5 - Strongly Agree,5 - Strongly Agree,5 - Strongly Agree,5 - Strongly Agree,5 - Strongly Agree,4 - Agree,4 - Agree,4 - Agree,4 - Agree,4 - Agree,4 - Agree,4 - Agree,4 - Agree,4 - Agree,4 - Agree,The explanations increased our confidence by showing the main factors behind each recommendation.,The concise dashboard and explanation of individual predictions were helpful.,"Yes, especially when my knowledge of the student's personal circumstances contradicted the recommendation.",Training and a user-friendly system encourage collaboration; lack of technical support discourages it.,"The institution provides computer laboratories and technical support, but access and connectivity can be improved.","Regular workshops on data preparation, dashboard use, and responsible intervention planning would be useful.",They were moderately useful and would be stronger when combined with current lecturer observations.,"Yes, especially when the dashboard displayed both supporting and opposing factors.",I am concerned about overreliance on predictions and limited opportunities for students to challenge decisions.,Pilot the framework across multiple departments and retrain it regularly with representative institutional data.,Original sample
2026/06/24 3:39:18 PM GMT,Female,40-49,Food Technology,Senior Lecturer,More than 15 years,Less than 50,Low,High,3 - Neutral,4 - Agree,4 - Agree,3 - Neutral,5 - Strongly Agree,4 - Agree,4 - Agree,5 - Strongly Agree,3 - Neutral,3 - Neutral,4 - Agree,4 - Agree,5 - Strongly Agree,3 - Neutral,3 - Neutral,3 - Neutral,4 - Agree,4 - Agree,4 - Agree,4 - Agree,4 - Agree,3 - Neutral,5 - Strongly Agree,3 - Neutral,2 - Disagree,3 - Neutral,4 - Agree,2 - Disagree,4 - Agree,3 - Neutral,4 - Agree,4 - Agree,4 - Agree,5 - Strongly Agree,4 - Agree,5 - Strongly Agree,4 - Agree,3 - Neutral,2 - Disagree,4 - Agree,4 - Agree,4 - Agree,3 - Neutral,3 - Neutral,4 - Agree,3 - Neutral,The explanations made the recommendations less like a black box and easier to assess.,The comparison of positive and negative contributing factors was most useful.,Yes. Some recommendations appeared too dependent on historical assessment scores.,"Accuracy, clear explanations, data quality, institutional support, and respect for teacher judgement encourage collaboration.","Management supports technology use through infrastructure, technical assistance, and innovation initiatives.","Regular workshops on data preparation, dashboard use, and responsible intervention planning would be useful.","They were useful for screening, but should not be used as the only basis for a decision.",Yes. The explanations clarified how each student factor contributed to the final prediction.,There should be clear accountability when an AI-supported recommendation negatively affects a student.,"Improve the dashboard, include clearer local explanations, and allow lecturers to provide feedback on recommendations.",Original sample
2026/06/24 3:40:03 PM GMT,Male,40-49,Faculty of Applied Sciences,Senior Lecturer,11-15 years,Above 200,Very High,Moderate,4 - Agree,3 - Neutral,3 - Neutral,4 - Agree,4 - Agree,3 - Neutral,5 - Strongly Agree,3 - Neutral,3 - Neutral,3 - Neutral,5 - Strongly Agree,3 - Neutral,3 - Neutral,4 - Agree,4 - Agree,5 - Strongly Agree,4 - Agree,5 - Strongly Agree,5 - Strongly Agree,3 - Neutral,2 - Disagree,3 - Neutral,5 - Strongly Agree,5 - Strongly Agree,4 - Agree,4 - Agree,3 - Neutral,3 - Neutral,3 - Neutral,2 - Disagree,4 - Agree,4 - Agree,3 - Neutral,5 - Strongly Agree,5 - Strongly Agree,3 - Neutral,4 - Agree,4 - Agree,3 - Neutral,3 - Neutral,4 - Agree,4 - Agree,3 - Neutral,3 - Neutral,3 - Neutral,3 - Neutral,"My trust improved, but only when the explanation was clear and supported by accurate student data.",The concise dashboard and explanation of individual predictions were helpful.,"No major disagreement occurred, but I would still review the evidence before acting.","Reliable predictions and transparency encourage me, while bias, poor connectivity, and inaccurate data discourage me.","The institution provides computer laboratories and technical support, but access and connectivity can be improved.","Training on fairness, transparency, privacy, and combining AI evidence with professional judgement is required.","They were useful for screening, but should not be used as the only basis for a decision.","To a large extent, because I could see why the model reached a particular outcome.",There should be clear accountability when an AI-supported recommendation negatively affects a student.,"Provide role-based access, stronger privacy controls, and an audit trail for decisions.",Original sample
2026/06/24 3:46:56 PM GMT,Male,40-49,Chemical Engineering & Technology,Associate Professor,5-10 years,Less than 50,Very High,Moderate,3 - Neutral,3 - Neutral,4 - Agree,3 - Neutral,2 - Disagree,4 - Agree,4 - Agree,3 - Neutral,5 - Strongly Agree,4 - Agree,3 - Neutral,3 - Neutral,3 - Neutral,3 - Neutral,4 - Agree,3 - Neutral,3 - Neutral,3 - Neutral,3 - Neutral,2 - Disagree,4 - Agree,4 - Agree,4 - Agree,4 - Agree,4 - Agree,3 - Neutral,4 - Agree,4 - Agree,3 - Neutral,2 - Disagree,4 - Agree,4 - Agree,4 - Agree,4 - Agree,4 - Agree,5 - Strongly Agree,3 - Neutral,2 - Disagree,3 - Neutral,4 - Agree,2 - Disagree,4 - Agree,3 - Neutral,4 - Agree,3 - Neutral,2 - Disagree,The explanations made the recommendations less like a black box and easier to assess.,The comparison of positive and negative contributing factors was most useful.,"Sometimes, particularly when the prediction did not reflect classroom participation and recent progress.","Poor infrastructure, limited training, and unexplained recommendations would discourage collaboration.","Management supports technology use through infrastructure, technical assistance, and innovation initiatives.","Hands-on workshops on AI ethics, bias detection, data privacy, and decision-support tools are needed.",They were helpful in identifying patterns that may not be immediately visible in routine classroom monitoring.,"Somewhat. The visual explanation was helpful, but additional contextual guidance would improve understanding.","I am concerned about biased training data, unequal treatment of students, and insufficient transparency.","Provide role-based access, stronger privacy controls, and an audit trail for decisions.",Original sample
2026/06/24 4:58:22 PM GMT,Male,30-39,Building Technology,Professor,Less than 5 years,50-100,Moderate,Moderate,5 - Strongly Agree,4 - Agree,5 - Strongly Agree,5 - Strongly Agree,4 - Agree,4 - Agree,4 - Agree,3 - Neutral,5 - Strongly Agree,5 - Strongly Agree,5 - Strongly Agree,5 - Strongly Agree,4 - Agree,5 - Strongly Agree,2 - Disagree,4 - Agree,5 - Strongly Agree,5 - Strongly Agree,4 - Agree,5 - Strongly Agree,5 - Strongly Agree,3 - Neutral,5 - Strongly Agree,5 - Strongly Agree,4 - Agree,5 - Strongly Agree,3 - Neutral,3 - Neutral,4 - Agree,5 - Strongly Agree,4 - Agree,4 - Agree,4 - Agree,5 - Strongly Agree,5 - Strongly Agree,5 - Strongly Agree,4 - Agree,4 - Agree,5 - Strongly Agree,5 - Strongly Agree,3 - Neutral,3 - Neutral,4 - Agree,3 - Neutral,3 - Neutral,4 - Agree,The explanations increased our confidence by showing the main factors behind each recommendation.,The ranking of the most influential student factors was the most useful aspect.,"Sometimes, particularly when the prediction did not reflect classroom participation and recent progress.","Poor infrastructure, limited training, and unexplained recommendations would discourage collaboration.",Current support is moderate and mainly focuses on general educational technology rather than AI.,"Practical training on responsible AI use, interpretation of SHAP outputs, and classroom application would be helpful.",The predictions helped prioritise students for follow-up and intervention planning.,Yes. The explanations clarified how each student factor contributed to the final prediction.,There should be clear accountability when an AI-supported recommendation negatively affects a student.,Pilot the framework across multiple departments and retrain it regularly with representative institutional data.,Original sample
2026/06/24 6:06:49 PM GMT,Male,30-39,Hospitality and Tourism Management,Lecturer,5-10 years,50-100,Very High,Moderate,4 - Agree,4 - Agree,3 - Neutral,4 - Agree,5 - Strongly Agree,4 - Agree,4 - Agree,5 - Strongly Agree,4 - Agree,5 - Strongly Agree,5 - Strongly Agree,3 - Neutral,3 - Neutral,5 - Strongly Agree,4 - Agree,5 - Strongly Agree,4 - Agree,5 - Strongly Agree,5 - Strongly Agree,3 - Neutral,4 - Agree,4 - Agree,5 - Strongly Agree,5 - Strongly Agree,5 - Strongly Agree,3 - Neutral,3 - Neutral,4 - Agree,4 - Agree,4 - Agree,4 - Agree,5 - Strongly Agree,3 - Neutral,5 - Strongly Agree,5 - Strongly Agree,5 - Strongly Agree,4 - Agree,5 - Strongly Agree,3 - Neutral,4 - Agree,4 - Agree,5 - Strongly Agree,3 - Neutral,3 - Neutral,3 - Neutral,3 - Neutral,They improved my confidence when the highlighted factors matched what I knew about the student.,The concise dashboard and explanation of individual predictions were helpful.,Yes. Some recommendations appeared too dependent on historical assessment scores.,"Accuracy, clear explanations, data quality, institutional support, and respect for teacher judgement encourage collaboration.",The institution encourages digital learning but formal AI policies and training are still developing.,"Regular workshops on data preparation, dashboard use, and responsible intervention planning would be useful.","They were useful for screening, but should not be used as the only basis for a decision.",Yes. SHAP made the prediction process more transparent and easier to interpret.,"My main concerns are data privacy, inaccurate records, and possible bias against particular student groups.","Provide role-based access, stronger privacy controls, and an audit trail for decisions.",Original sample
2026/06/25 7:33:01 AM GMT,Male,30-39,Faculty of Applied Sciences,Assistant Lecturer,11-15 years,101-200,Moderate,High,5 - Strongly Agree,5 - Strongly Agree,4 - Agree,4 - Agree,4 - Agree,4 - Agree,3 - Neutral,4 - Agree,4 - Agree,4 - Agree,5 - Strongly Agree,3 - Neutral,4 - Agree,5 - Strongly Agree,3 - Neutral,4 - Agree,4 - Agree,4 - Agree,4 - Agree,4 - Agree,3 - Neutral,4 - Agree,4 - Agree,4 - Agree,5 - Strongly Agree,3 - Neutral,3 - Neutral,3 - Neutral,3 - Neutral,3 - Neutral,2 - Disagree,5 - Strongly Agree,5 - Strongly Agree,5 - Strongly Agree,5 - Strongly Agree,4 - Agree,4 - Agree,4 - Agree,5 - Strongly Agree,3 - Neutral,5 - Strongly Agree,4 - Agree,4 - Agree,4 - Agree,4 - Agree,2 - Disagree,They improved my confidence when the highlighted factors matched what I knew about the student.,The concise dashboard and explanation of individual predictions were helpful.,"No major disagreement occurred, but I would still review the evidence before acting.","Reliable predictions and transparency encourage me, while bias, poor connectivity, and inaccurate data discourage me.","Management supports technology use through infrastructure, technical assistance, and innovation initiatives.","Training on fairness, transparency, privacy, and combining AI evidence with professional judgement is required.",The predictions helped prioritise students for follow-up and intervention planning.,"To a large extent, because I could see why the model reached a particular outcome.","I am concerned about biased training data, unequal treatment of students, and insufficient transparency.",Pilot the framework across multiple departments and retrain it regularly with representative institutional data.,Original sample
2026/06/25 10:33:25 AM GMT,Male,40-49,Food Technology,Associate Professor,More than 15 years,50-100,Moderate,Moderate,4 - Agree,4 - Agree,3 - Neutral,5 - Strongly Agree,5 - Strongly Agree,4 - Agree,4 - Agree,5 - Strongly Agree,5 - Strongly Agree,5 - Strongly Agree,4 - Agree,2 - Disagree,4 - Agree,4 - Agree,3 - Neutral,5 - Strongly Agree,4 - Agree,3 - Neutral,4 - Agree,3 - Neutral,3 - Neutral,4 - Agree,4 - Agree,4 - Agree,3 - Neutral,5 - Strongly Agree,4 - Agree,4 - Agree,3 - Neutral,2 - Disagree,4 - Agree,5 - Strongly Agree,4 - Agree,4 - Agree,5 - Strongly Agree,5 - Strongly Agree,5 - Strongly Agree,4 - Agree,4 - Agree,4 - Agree,3 - Neutral,3 - Neutral,2 - Disagree,4 - Agree,3 - Neutral,4 - Agree,"Trust increased moderately, although I would still confirm recommendations with my professional judgement.",The comparison of positive and negative contributing factors was most useful.,"Yes, especially when my knowledge of the student's personal circumstances contradicted the recommendation.","Accuracy, clear explanations, data quality, institutional support, and respect for teacher judgement encourage collaboration.","Management supports technology use through infrastructure, technical assistance, and innovation initiatives.","Practical training on responsible AI use, interpretation of SHAP outputs, and classroom application would be helpful.",The results provided an early warning that could guide further investigation.,"To a large extent, because I could see why the model reached a particular outcome.",The system may appear objective even when historical data contain unfair patterns.,Pilot the framework across multiple departments and retrain it regularly with representative institutional data.,Original sample
2026/06/25 10:39:07 AM GMT,Female,40-49,Liberal Studies,Associate Professor,5-10 years,Less than 50,Very High,High,4 - Agree,5 - Strongly Agree,4 - Agree,4 - Agree,4 - Agree,5 - Strongly Agree,4 - Agree,5 - Strongly Agree,4 - Agree,4 - Agree,4 - Agree,5 - Strongly Agree,4 - Agree,4 - Agree,5 - Strongly Agree,5 - Strongly Agree,4 - Agree,5 - Strongly Agree,5 - Strongly Agree,5 - Strongly Agree,5 - Strongly Agree,3 - Neutral,5 - Strongly Agree,4 - Agree,5 - Strongly Agree,4 - Agree,5 - Strongly Agree,5 - Strongly Agree,3 - Neutral,3 - Neutral,3 - Neutral,5 - Strongly Agree,5 - Strongly Agree,5 - Strongly Agree,5 - Strongly Agree,5 - Strongly Agree,5 - Strongly Agree,3 - Neutral,5 - Strongly Agree,3 - Neutral,5 - Strongly Agree,3 - Neutral,5 - Strongly Agree,2 - Disagree,4 - Agree,5 - Strongly Agree,"My trust improved, but only when the explanation was clear and supported by accurate student data.",The concise dashboard and explanation of individual predictions were helpful.,"Yes, especially when my knowledge of the student's personal circumstances contradicted the recommendation.","Evidence of fairness, privacy protection, and consistent performance would encourage collaboration.","Management supports technology use through infrastructure, technical assistance, and innovation initiatives.","Training on fairness, transparency, privacy, and combining AI evidence with professional judgement is required.",The predictions helped prioritise students for follow-up and intervention planning.,Yes. The explanations clarified how each student factor contributed to the final prediction.,There should be clear accountability when an AI-supported recommendation negatively affects a student.,"Add confidence scores, simple language summaries, and links to the evidence supporting each prediction.",Original sample
2026/06/25 10:50:48 AM GMT,Male,40-49,Management Studies,Associate Professor,5-10 years,Less than 50,Moderate,Very High,4 - Agree,5 - Strongly Agree,4 - Agree,5 - Strongly Agree,4 - Agree,4 - Agree,5 - Strongly Agree,5 - Strongly Agree,5 - Strongly Agree,4 - Agree,3 - Neutral,4 - Agree,4 - Agree,5 - Strongly Agree,4 - Agree,4 - Agree,5 - Strongly Agree,5 - Strongly Agree,5 - Strongly Agree,4 - Agree,4 - Agree,3 - Neutral,3 - Neutral,3 - Neutral,4 - Agree,4 - Agree,4 - Agree,5 - Strongly Agree,4 - Agree,4 - Agree,2 - Disagree,3 - Neutral,5 - Strongly Agree,5 - Strongly Agree,5 - Strongly Agree,5 - Strongly Agree,5 - Strongly Agree,5 - Strongly Agree,4 - Agree,3 - Neutral,4 - Agree,4 - Agree,5 - Strongly Agree,4 - Agree,5 - Strongly Agree,5 - Strongly Agree,"My trust improved, but only when the explanation was clear and supported by accurate student data.",Feature importance and the direction of each factor helped me understand the recommendation.,"Sometimes, particularly when the prediction did not reflect classroom participation and recent progress.","Reliable predictions and transparency encourage me, while bias, poor connectivity, and inaccurate data discourage me.","The institution provides computer laboratories and technical support, but access and connectivity can be improved.",Scenario-based training using real classroom cases would improve confidence.,The predictions were useful for identifying students who may require early academic support.,Yes. SHAP made the prediction process more transparent and easier to interpret.,"I am concerned about biased training data, unequal treatment of students, and insufficient transparency.","Include recent student progress, lecturer observations, and contextual factors in the model.",Original sample
2026/06/25 12:05:31 PM GMT,Male,30-39,Chemical Engineering & Technology,Lecturer,Less than 5 years,50-100,High,Low,3 - Neutral,3 - Neutral,4 - Agree,4 - Agree,4 - Agree,5 - Strongly Agree,2 - Disagree,2 - Disagree,3 - Neutral,5 - Strongly Agree,5 - Strongly Agree,3 - Neutral,2 - Disagree,4 - Agree,3 - Neutral,3 - Neutral,4 - Agree,4 - Agree,3 - Neutral,5 - Strongly Agree,3 - Neutral,3 - Neutral,3 - Neutral,3 - Neutral,3 - Neutral,2 - Disagree,3 - Neutral,4 - Agree,2 - Disagree,3 - Neutral,2 - Disagree,4 - Agree,4 - Agree,3 - Neutral,4 - Agree,3 - Neutral,3 - Neutral,3 - Neutral,3 - Neutral,5 - Strongly Agree,2 - Disagree,2 - Disagree,2 - Disagree,3 - Neutral,2 - Disagree,4 - Agree,"Trust increased moderately, although I would still confirm recommendations with my professional judgement.",The comparison of positive and negative contributing factors was most useful.,Yes. I disagreed when the model overlooked recent improvements that were not yet captured in the data.,Training and a user-friendly system encourage collaboration; lack of technical support discourages it.,The institution encourages digital learning but formal AI policies and training are still developing.,"Training on fairness, transparency, privacy, and combining AI evidence with professional judgement is required.","They were useful for screening, but should not be used as the only basis for a decision.","To a large extent, because I could see why the model reached a particular outcome.",There should be clear accountability when an AI-supported recommendation negatively affects a student.,"Improve the dashboard, include clearer local explanations, and allow lecturers to provide feedback on recommendations.",Original sample
2026/06/25 12:41:46 PM GMT,Male,40-49,Electrical and Electronic Engineering,Associate Professor,5-10 years,50-100,High,Very High,4 - Agree,4 - Agree,3 - Neutral,4 - Agree,3 - Neutral,4 - Agree,4 - Agree,2 - Disagree,2 - Disagree,4 - Agree,4 - Agree,4 - Agree,3 - Neutral,4 - Agree,4 - Agree,5 - Strongly Agree,5 - Strongly Agree,4 - Agree,3 - Neutral,4 - Agree,4 - Agree,3 - Neutral,3 - Neutral,4 - Agree,4 - Agree,5 - Strongly Agree,3 - Neutral,4 - Agree,2 - Disagree,4 - Agree,5 - Strongly Agree,5 - Strongly Agree,4 - Agree,5 - Strongly Agree,4 - Agree,4 - Agree,3 - Neutral,3 - Neutral,3 - Neutral,3 - Neutral,4 - Agree,3 - Neutral,3 - Neutral,4 - Agree,3 - Neutral,4 - Agree,The explanations increased our confidence by showing the main factors behind each recommendation.,The comparison of positive and negative contributing factors was most useful.,Yes. Some recommendations appeared too dependent on historical assessment scores.,"Accuracy, clear explanations, data quality, institutional support, and respect for teacher judgement encourage collaboration.",The institution encourages digital learning but formal AI policies and training are still developing.,"Training should cover basic AI literacy, model limitations, and how to interpret prediction explanations.",The predictions helped prioritise students for follow-up and intervention planning.,Yes. The explanations clarified how each student factor contributed to the final prediction.,The system may appear objective even when historical data contain unfair patterns.,"Improve the dashboard, include clearer local explanations, and allow lecturers to provide feedback on recommendations.",Original sample
2026/06/25 1:22:50 PM GMT,Male,40-49,Electrical and Electronic Engineering,Senior Lecturer,5-10 years,Less than 50,High,High,3 - Neutral,5 - Strongly Agree,3 - Neutral,4 - Agree,3 - Neutral,3 - Neutral,3 - Neutral,5 - Strongly Agree,4 - Agree,5 - Strongly Agree,4 - Agree,5 - Strongly Agree,3 - Neutral,5 - Strongly Agree,5 - Strongly Agree,4 - Agree,5 - Strongly Agree,5 - Strongly Agree,4 - Agree,3 - Neutral,4 - Agree,3 - Neutral,3 - Neutral,4 - Agree,3 - Neutral,4 - Agree,3 - Neutral,3 - Neutral,3 - Neutral,4 - Agree,3 - Neutral,5 - Strongly Agree,5 - Strongly Agree,5 - Strongly Agree,4 - Agree,5 - Strongly Agree,3 - Neutral,4 - Agree,4 - Agree,4 - Agree,4 - Agree,4 - Agree,3 - Neutral,4 - Agree,2 - Disagree,5 - Strongly Agree,"My trust improved, but only when the explanation was clear and supported by accurate student data.",The concise dashboard and explanation of individual predictions were helpful.,Occasionally. I relied on professional judgement when the available data were incomplete.,I am encouraged when AI complements rather than replaces professional judgement.,"Management supports technology use through infrastructure, technical assistance, and innovation initiatives.","Training should cover basic AI literacy, model limitations, and how to interpret prediction explanations.",The results provided an early warning that could guide further investigation.,Yes. The explanations clarified how each student factor contributed to the final prediction.,The system may appear objective even when historical data contain unfair patterns.,"Include recent student progress, lecturer observations, and contextual factors in the model.",Original sample
2026/06/25 3:20:14 PM GMT,Male,40-49,Computer Science,Senior Lecturer,More than 15 years,Above 200,Very High,Very High,4 - Agree,2 - Disagree,4 - Agree,4 - Agree,3 - Neutral,3 - Neutral,4 - Agree,5 - Strongly Agree,4 - Agree,4 - Agree,4 - Agree,4 - Agree,3 - Neutral,4 - Agree,5 - Strongly Agree,4 - Agree,3 - Neutral,4 - Agree,4 - Agree,4 - Agree,4 - Agree,3 - Neutral,4 - Agree,4 - Agree,4 - Agree,2 - Disagree,2 - Disagree,3 - Neutral,3 - Neutral,4 - Agree,2 - Disagree,5 - Strongly Agree,4 - Agree,5 - Strongly Agree,4 - Agree,5 - Strongly Agree,3 - Neutral,4 - Agree,4 - Agree,3 - Neutral,5 - Strongly Agree,3 - Neutral,5 - Strongly Agree,3 - Neutral,4 - Agree,4 - Agree,The explanations increased our confidence by showing the main factors behind each recommendation.,The concise dashboard and explanation of individual predictions were helpful.,"Sometimes, particularly when the prediction did not reflect classroom participation and recent progress.","Accuracy, clear explanations, data quality, institutional support, and respect for teacher judgement encourage collaboration.",The institution encourages digital learning but formal AI policies and training are still developing.,"Training on fairness, transparency, privacy, and combining AI evidence with professional judgement is required.","They were useful for screening, but should not be used as the only basis for a decision.",Yes. SHAP made the prediction process more transparent and easier to interpret.,The system may appear objective even when historical data contain unfair patterns.,"Provide role-based access, stronger privacy controls, and an audit trail for decisions.",Original sample
2026/06/25 4:06:54 PM GMT,Male,40-49,Building Technology,Lecturer,5-10 years,50-100,High,Moderate,4 - Agree,3 - Neutral,4 - Agree,3 - Neutral,2 - Disagree,4 - Agree,3 - Neutral,3 - Neutral,2 - Disagree,2 - Disagree,4 - Agree,5 - Strongly Agree,3 - Neutral,4 - Agree,3 - Neutral,4 - Agree,3 - Neutral,3 - Neutral,4 - Agree,4 - Agree,2 - Disagree,4 - Agree,3 - Neutral,1 - Strongly Disagree,3 - Neutral,3 - Neutral,2 - Disagree,3 - Neutral,3 - Neutral,2 - Disagree,1 - Strongly Disagree,4 - Agree,4 - Agree,2 - Disagree,5 - Strongly Agree,3 - Neutral,3 - Neutral,3 - Neutral,3 - Neutral,3 - Neutral,1 - Strongly Disagree,2 - Disagree,4 - Agree,2 - Disagree,3 - Neutral,3 - Neutral,"Trust increased moderately, although I would still confirm recommendations with my professional judgement.","The clear identification of attendance, assessment scores, and participation patterns supported decision-making.","Sometimes, particularly when the prediction did not reflect classroom participation and recent progress.",I am encouraged when AI complements rather than replaces professional judgement.,"Support exists through ICT services and staff development programmes, although more AI-specific training is needed.",Scenario-based training using real classroom cases would improve confidence.,"They were useful for screening, but should not be used as the only basis for a decision.","To a large extent, because I could see why the model reached a particular outcome.",I am concerned about overreliance on predictions and limited opportunities for students to challenge decisions.,"Add confidence scores, simple language summaries, and links to the evidence supporting each prediction.",Original sample
2026/06/25 4:14:01 PM GMT,Male,40-49,Accounting and Finance,Lecturer,5-10 years,101-200,High,Very High,4 - Agree,4 - Agree,4 - Agree,4 - Agree,4 - Agree,4 - Agree,3 - Neutral,4 - Agree,3 - Neutral,4 - Agree,3 - Neutral,5 - Strongly Agree,3 - Neutral,3 - Neutral,4 - Agree,4 - Agree,5 - Strongly Agree,4 - Agree,4 - Agree,5 - Strongly Agree,5 - Strongly Agree,4 - Agree,3 - Neutral,4 - Agree,4 - Agree,3 - Neutral,5 - Strongly Agree,3 - Neutral,3 - Neutral,5 - Strongly Agree,2 - Disagree,4 - Agree,5 - Strongly Agree,4 - Agree,5 - Strongly Agree,3 - Neutral,4 - Agree,4 - Agree,5 - Strongly Agree,3 - Neutral,3 - Neutral,3 - Neutral,5 - Strongly Agree,3 - Neutral,3 - Neutral,4 - Agree,"Trust increased moderately, although I would still confirm recommendations with my professional judgement.",The comparison of positive and negative contributing factors was most useful.,Yes. I disagreed when the model overlooked recent improvements that were not yet captured in the data.,I am encouraged when AI complements rather than replaces professional judgement.,"The institution provides computer laboratories and technical support, but access and connectivity can be improved.","Hands-on workshops on AI ethics, bias detection, data privacy, and decision-support tools are needed.",They were moderately useful and would be stronger when combined with current lecturer observations.,"They improved my understanding, although some technical terms required further explanation.","Fairness should be tested across gender, programme, background, and other relevant student groups.","Provide role-based access, stronger privacy controls, and an audit trail for decisions.",Original sample
2026/06/25 4:43:50 PM GMT,Female,30-39,Building Technology,Lecturer,Less than 5 years,50-100,Moderate,High,2 - Disagree,2 - Disagree,3 - Neutral,3 - Neutral,2 - Disagree,3 - Neutral,4 - Agree,2 - Disagree,4 - Agree,3 - Neutral,3 - Neutral,1 - Strongly Disagree,2 - Disagree,4 - Agree,4 - Agree,2 - Disagree,3 - Neutral,3 - Neutral,4 - Agree,3 - Neutral,3 - Neutral,3 - Neutral,3 - Neutral,2 - Disagree,3 - Neutral,2 - Disagree,3 - Neutral,3 - Neutral,2 - Disagree,3 - Neutral,2 - Disagree,4 - Agree,3 - Neutral,4 - Agree,3 - Neutral,3 - Neutral,3 - Neutral,2 - Disagree,2 - Disagree,4 - Agree,2 - Disagree,3 - Neutral,2 - Disagree,3 - Neutral,3 - Neutral,2 - Disagree,The explanations made the recommendations less like a black box and easier to assess.,The visual summary showing why a student was classified as at risk was most useful.,Yes. I disagreed when the model overlooked recent improvements that were not yet captured in the data.,"Reliable predictions and transparency encourage me, while bias, poor connectivity, and inaccurate data discourage me.",The institution encourages digital learning but formal AI policies and training are still developing.,"Hands-on workshops on AI ethics, bias detection, data privacy, and decision-support tools are needed.",They were moderately useful and would be stronger when combined with current lecturer observations.,"Yes, especially when the dashboard displayed both supporting and opposing factors.","Fairness should be tested across gender, programme, background, and other relevant student groups.","Include recent student progress, lecturer observations, and contextual factors in the model.",Original sample
2026/06/26 9:58:54 AM GMT,Female,40-49,Computer Science,Lecturer,11-15 years,50-100,Moderate,High,5 - Strongly Agree,4 - Agree,4 - Agree,3 - Neutral,2 - Disagree,3 - Neutral,3 - Neutral,3 - Neutral,5 - Strongly Agree,2 - Disagree,1 - Strongly Disagree,4 - Agree,3 - Neutral,4 - Agree,4 - Agree,4 - Agree,4 - Agree,3 - Neutral,4 - Agree,4 - Agree,2 - Disagree,3 - Neutral,4 - Agree,3 - Neutral,3 - Neutral,3 - Neutral,3 - Neutral,3 - Neutral,2 - Disagree,3 - Neutral,2 - Disagree,3 - Neutral,3 - Neutral,5 - Strongly Agree,4 - Agree,4 - Agree,3 - Neutral,2 - Disagree,4 - Agree,2 - Disagree,5 - Strongly Agree,4 - Agree,4 - Agree,2 - Disagree,3 - Neutral,3 - Neutral,The explanations increased our confidence by showing the main factors behind each recommendation.,The concise dashboard and explanation of individual predictions were helpful.,"Yes, especially when my knowledge of the student's personal circumstances contradicted the recommendation.","Evidence of fairness, privacy protection, and consistent performance would encourage collaboration.","The institution provides LMS platforms, internet access, and occasional digital teaching workshops.",Scenario-based training using real classroom cases would improve confidence.,They were helpful in identifying patterns that may not be immediately visible in routine classroom monitoring.,"Somewhat. The visual explanation was helpful, but additional contextual guidance would improve understanding.","I am concerned about biased training data, unequal treatment of students, and insufficient transparency.","Provide role-based access, stronger privacy controls, and an audit trail for decisions.",Original sample
2026/06/26 10:14:53 AM GMT,Male,40-49,Building Technology,Senior Lecturer,5-10 years,50-100,Moderate,Moderate,3 - Neutral,3 - Neutral,4 - Agree,4 - Agree,4 - Agree,4 - Agree,4 - Agree,5 - Strongly Agree,5 - Strongly Agree,4 - Agree,3 - Neutral,3 - Neutral,3 - Neutral,3 - Neutral,4 - Agree,5 - Strongly Agree,2 - Disagree,3 - Neutral,3 - Neutral,4 - Agree,5 - Strongly Agree,3 - Neutral,3 - Neutral,2 - Disagree,4 - Agree,4 - Agree,3 - Neutral,4 - Agree,4 - Agree,3 - Neutral,3 - Neutral,5 - Strongly Agree,5 - Strongly Agree,5 - Strongly Agree,4 - Agree,5 - Strongly Agree,3 - Neutral,4 - Agree,4 - Agree,3 - Neutral,3 - Neutral,3 - Neutral,4 - Agree,5 - Strongly Agree,3 - Neutral,3 - Neutral,They improved my confidence when the highlighted factors matched what I knew about the student.,The comparison of positive and negative contributing factors was most useful.,"No major disagreement occurred, but I would still review the evidence before acting.","Reliable predictions and transparency encourage me, while bias, poor connectivity, and inaccurate data discourage me.","Support exists through ICT services and staff development programmes, although more AI-specific training is needed.","Regular workshops on data preparation, dashboard use, and responsible intervention planning would be useful.",They were moderately useful and would be stronger when combined with current lecturer observations.,"They improved my understanding, although some technical terms required further explanation.",I am concerned about overreliance on predictions and limited opportunities for students to challenge decisions.,"Improve the dashboard, include clearer local explanations, and allow lecturers to provide feedback on recommendations.",Original sample
2026/06/26 11:30:17 AM GMT,Male,30-39,Accounting and Finance,Lecturer,5-10 years,50-100,Moderate,High,4 - Agree,4 - Agree,3 - Neutral,5 - Strongly Agree,3 - Neutral,5 - Strongly Agree,4 - Agree,3 - Neutral,3 - Neutral,4 - Agree,5 - Strongly Agree,4 - Agree,4 - Agree,4 - Agree,4 - Agree,4 - Agree,5 - Strongly Agree,4 - Agree,4 - Agree,3 - Neutral,3 - Neutral,3 - Neutral,4 - Agree,4 - Agree,3 - Neutral,3 - Neutral,4 - Agree,1 - Strongly Disagree,4 - Agree,3 - Neutral,4 - Agree,5 - Strongly Agree,3 - Neutral,5 - Strongly Agree,4 - Agree,5 - Strongly Agree,4 - Agree,4 - Agree,4 - Agree,4 - Agree,3 - Neutral,3 - Neutral,3 - Neutral,3 - Neutral,4 - Agree,3 - Neutral,The explanations made the recommendations less like a black box and easier to assess.,The comparison of positive and negative contributing factors was most useful.,Yes. Some recommendations appeared too dependent on historical assessment scores.,"Poor infrastructure, limited training, and unexplained recommendations would discourage collaboration.","Management supports technology use through infrastructure, technical assistance, and innovation initiatives.","Training should cover basic AI literacy, model limitations, and how to interpret prediction explanations.",The predictions were useful for identifying students who may require early academic support.,"Somewhat. The visual explanation was helpful, but additional contextual guidance would improve understanding.","My main concerns are data privacy, inaccurate records, and possible bias against particular student groups.","The framework should include fairness monitoring, data-quality checks, and regular model validation.",Original sample
2026/06/26 11:47:29 AM GMT,Female,40-49,Management Studies,Senior Lecturer,5-10 years,50-100,Very High,Moderate,5 - Strongly Agree,5 - Strongly Agree,5 - Strongly Agree,5 - Strongly Agree,5 - Strongly Agree,4 - Agree,4 - Agree,5 - Strongly Agree,5 - Strongly Agree,5 - Strongly Agree,3 - Neutral,5 - Strongly Agree,5 - Strongly Agree,5 - Strongly Agree,5 - Strongly Agree,5 - Strongly Agree,5 - Strongly Agree,5 - Strongly Agree,5 - Strongly Agree,5 - Strongly Agree,5 - Strongly Agree,5 - Strongly Agree,5 - Strongly Agree,4 - Agree,5 - Strongly Agree,5 - Strongly Agree,4 - Agree,5 - Strongly Agree,4 - Agree,4 - Agree,5 - Strongly Agree,5 - Strongly Agree,5 - Strongly Agree,5 - Strongly Agree,5 - Strongly Agree,5 - Strongly Agree,5 - Strongly Agree,5 - Strongly Agree,5 - Strongly Agree,5 - Strongly Agree,4 - Agree,5 - Strongly Agree,5 - Strongly Agree,5 - Strongly Agree,5 - Strongly Agree,4 - Agree,They improved trust because the important features influencing the prediction were visible.,"The clear identification of attendance, assessment scores, and participation patterns supported decision-making.",Occasionally. I relied on professional judgement when the available data were incomplete.,I am encouraged when AI complements rather than replaces professional judgement.,The institution encourages digital learning but formal AI policies and training are still developing.,"Training should cover basic AI literacy, model limitations, and how to interpret prediction explanations.",The predictions were useful for identifying students who may require early academic support.,Yes. SHAP made the prediction process more transparent and easier to interpret.,"Fairness should be tested across gender, programme, background, and other relevant student groups.","Provide role-based access, stronger privacy controls, and an audit trail for decisions.",Original sample
2026/06/26 12:13:38 PM GMT,Male,40-49,Hospitality and Tourism Management,Senior Lecturer,11-15 years,101-200,Very High,Moderate,3 - Neutral,5 - Strongly Agree,5 - Strongly Agree,4 - Agree,3 - Neutral,5 - Strongly Agree,3 - Neutral,4 - Agree,4 - Agree,3 - Neutral,3 - Neutral,3 - Neutral,5 - Strongly Agree,4 - Agree,4 - Agree,3 - Neutral,3 - Neutral,4 - Agree,4 - Agree,4 - Agree,4 - Agree,3 - Neutral,4 - Agree,5 - Strongly Agree,4 - Agree,4 - Agree,3 - Neutral,4 - Agree,3 - Neutral,4 - Agree,1 - Strongly Disagree,4 - Agree,5 - Strongly Agree,5 - Strongly Agree,5 - Strongly Agree,4 - Agree,3 - Neutral,4 - Agree,4 - Agree,2 - Disagree,4 - Agree,4 - Agree,3 - Neutral,4 - Agree,4 - Agree,3 - Neutral,They improved trust because the important features influencing the prediction were visible.,"The clear identification of attendance, assessment scores, and participation patterns supported decision-making.",Occasionally. I relied on professional judgement when the available data were incomplete.,"Reliable predictions and transparency encourage me, while bias, poor connectivity, and inaccurate data discourage me.","The institution provides LMS platforms, internet access, and occasional digital teaching workshops.","Practical training on responsible AI use, interpretation of SHAP outputs, and classroom application would be helpful.",The predictions helped prioritise students for follow-up and intervention planning.,Yes. The explanations clarified how each student factor contributed to the final prediction.,"My main concerns are data privacy, inaccurate records, and possible bias against particular student groups.","Add confidence scores, simple language summaries, and links to the evidence supporting each prediction.",Original sample
2026/06/26 12:17:30 PM GMT,Male,30-39,Faculty of Applied Sciences,Lecturer,Less than 5 years,50-100,High,High,4 - Agree,4 - Agree,4 - Agree,5 - Strongly Agree,5 - Strongly Agree,5 - Strongly Agree,5 - Strongly Agree,5 - Strongly Agree,4 - Agree,4 - Agree,4 - Agree,4 - Agree,5 - Strongly Agree,4 - Agree,5 - Strongly Agree,5 - Strongly Agree,5 - Strongly Agree,5 - Strongly Agree,4 - Agree,5 - Strongly Agree,5 - Strongly Agree,5 - Strongly Agree,5 - Strongly Agree,5 - Strongly Agree,5 - Strongly Agree,5 - Strongly Agree,4 - Agree,4 - Agree,5 - Strongly Agree,5 - Strongly Agree,4 - Agree,4 - Agree,5 - Strongly Agree,5 - Strongly Agree,5 - Strongly Agree,5 - Strongly Agree,4 - Agree,5 - Strongly Agree,5 - Strongly Agree,4 - Agree,4 - Agree,5 - Strongly Agree,4 - Agree,4 - Agree,5 - Strongly Agree,4 - Agree,They improved my confidence when the highlighted factors matched what I knew about the student.,Feature importance and the direction of each factor helped me understand the recommendation.,"Sometimes, particularly when the prediction did not reflect classroom participation and recent progress.","Evidence of fairness, privacy protection, and consistent performance would encourage collaboration.","Management supports technology use through infrastructure, technical assistance, and innovation initiatives.",Scenario-based training using real classroom cases would improve confidence.,They were moderately useful and would be stronger when combined with current lecturer observations.,Yes. The explanations clarified how each student factor contributed to the final prediction.,"My main concerns are data privacy, inaccurate records, and possible bias against particular student groups.",Pilot the framework across multiple departments and retrain it regularly with representative institutional data.,Original sample
2026/06/26 1:29:05 PM GMT,Male,40-49,Electrical and Electronic Engineering,Lecturer,5-10 years,Less than 50,High,Very High,5 - Strongly Agree,5 - Strongly Agree,5 - Strongly Agree,4 - Agree,5 - Strongly Agree,4 - Agree,4 - Agree,5 - Strongly Agree,4 - Agree,3 - Neutral,5 - Strongly Agree,4 - Agree,4 - Agree,4 - Agree,2 - Disagree,4 - Agree,5 - Strongly Agree,5 - Strongly Agree,4 - Agree,4 - Agree,4 - Agree,5 - Strongly Agree,4 - Agree,4 - Agree,3 - Neutral,4 - Agree,5 - Strongly Agree,4 - Agree,4 - Agree,4 - Agree,4 - Agree,4 - Agree,4 - Agree,4 - Agree,5 - Strongly Agree,5 - Strongly Agree,4 - Agree,5 - Strongly Agree,4 - Agree,4 - Agree,4 - Agree,4 - Agree,3 - Neutral,4 - Agree,5 - Strongly Agree,5 - Strongly Agree,The explanations made the recommendations less like a black box and easier to assess.,The ranking of the most influential student factors was the most useful aspect.,"No major disagreement occurred, but I would still review the evidence before acting.","Poor infrastructure, limited training, and unexplained recommendations would discourage collaboration.","The institution provides computer laboratories and technical support, but access and connectivity can be improved.","Hands-on workshops on AI ethics, bias detection, data privacy, and decision-support tools are needed.",They were moderately useful and would be stronger when combined with current lecturer observations.,"To a large extent, because I could see why the model reached a particular outcome.","Fairness should be tested across gender, programme, background, and other relevant student groups.","Add confidence scores, simple language summaries, and links to the evidence supporting each prediction.",Original sample
2026/06/26 2:36:54 PM GMT,Male,30-39,Pharmaceutical Sciences,Senior Lecturer,5-10 years,50-100,High,Moderate,3 - Neutral,4 - Agree,2 - Disagree,4 - Agree,3 - Neutral,4 - Agree,3 - Neutral,4 - Agree,4 - Agree,4 - Agree,3 - Neutral,3 - Neutral,5 - Strongly Agree,4 - Agree,2 - Disagree,3 - Neutral,3 - Neutral,5 - Strongly Agree,5 - Strongly Agree,5 - Strongly Agree,3 - Neutral,3 - Neutral,4 - Agree,5 - Strongly Agree,4 - Agree,3 - Neutral,4 - Agree,2 - Disagree,3 - Neutral,2 - Disagree,3 - Neutral,5 - Strongly Agree,5 - Strongly Agree,5 - Strongly Agree,3 - Neutral,4 - Agree,4 - Agree,3 - Neutral,3 - Neutral,3 - Neutral,2 - Disagree,4 - Agree,4 - Agree,3 - Neutral,5 - Strongly Agree,3 - Neutral,"My trust improved, but only when the explanation was clear and supported by accurate student data.",The comparison of positive and negative contributing factors was most useful.,Yes. I disagreed when the model overlooked recent improvements that were not yet captured in the data.,Training and a user-friendly system encourage collaboration; lack of technical support discourages it.,"The institution provides LMS platforms, internet access, and occasional digital teaching workshops.","Training on fairness, transparency, privacy, and combining AI evidence with professional judgement is required.","They were useful for screening, but should not be used as the only basis for a decision.",Yes. SHAP made the prediction process more transparent and easier to interpret.,"Fairness should be tested across gender, programme, background, and other relevant student groups.","Improve the dashboard, include clearer local explanations, and allow lecturers to provide feedback on recommendations.",Original sample
2026/06/26 4:28:55 PM GMT,Male,30-39,Pharmaceutical Sciences,Senior Lecturer,5-10 years,Less than 50,Moderate,High,4 - Agree,3 - Neutral,5 - Strongly Agree,4 - Agree,4 - Agree,3 - Neutral,3 - Neutral,4 - Agree,4 - Agree,4 - Agree,4 - Agree,5 - Strongly Agree,4 - Agree,4 - Agree,4 - Agree,4 - Agree,4 - Agree,3 - Neutral,5 - Strongly Agree,4 - Agree,4 - Agree,3 - Neutral,4 - Agree,4 - Agree,4 - Agree,4 - Agree,4 - Agree,3 - Neutral,4 - Agree,4 - Agree,4 - Agree,4 - Agree,5 - Strongly Agree,5 - Strongly Agree,5 - Strongly Agree,5 - Strongly Agree,3 - Neutral,4 - Agree,3 - Neutral,4 - Agree,3 - Neutral,4 - Agree,5 - Strongly Agree,2 - Disagree,3 - Neutral,4 - Agree,They improved trust because the important features influencing the prediction were visible.,The concise dashboard and explanation of individual predictions were helpful.,Yes. I disagreed when the model overlooked recent improvements that were not yet captured in the data.,"Reliable predictions and transparency encourage me, while bias, poor connectivity, and inaccurate data discourage me.","The institution provides LMS platforms, internet access, and occasional digital teaching workshops.","Hands-on workshops on AI ethics, bias detection, data privacy, and decision-support tools are needed.",They were moderately useful and would be stronger when combined with current lecturer observations.,"Somewhat. The visual explanation was helpful, but additional contextual guidance would improve understanding.",I am concerned about overreliance on predictions and limited opportunities for students to challenge decisions.,"The framework should include fairness monitoring, data-quality checks, and regular model validation.",Original sample
2026/06/26 4:50:38 PM GMT,Male,50 and above,Liberal Studies,Professor,More than 15 years,50-100,Moderate,Moderate,4 - Agree,4 - Agree,5 - Strongly Agree,4 - Agree,4 - Agree,4 - Agree,4 - Agree,5 - Strongly Agree,5 - Strongly Agree,5 - Strongly Agree,3 - Neutral,3 - Neutral,4 - Agree,4 - Agree,5 - Strongly Agree,3 - Neutral,5 - Strongly Agree,5 - Strongly Agree,4 - Agree,3 - Neutral,4 - Agree,4 - Agree,5 - Strongly Agree,4 - Agree,5 - Strongly Agree,3 - Neutral,5 - Strongly Agree,3 - Neutral,4 - Agree,4 - Agree,4 - Agree,5 - Strongly Agree,4 - Agree,4 - Agree,4 - Agree,5 - Strongly Agree,3 - Neutral,5 - Strongly Agree,4 - Agree,4 - Agree,4 - Agree,5 - Strongly Agree,4 - Agree,4 - Agree,4 - Agree,3 - Neutral,The explanations made the recommendations less like a black box and easier to assess.,The comparison of positive and negative contributing factors was most useful.,"No major disagreement occurred, but I would still review the evidence before acting.","Reliable predictions and transparency encourage me, while bias, poor connectivity, and inaccurate data discourage me.",Current support is moderate and mainly focuses on general educational technology rather than AI.,"Training on fairness, transparency, privacy, and combining AI evidence with professional judgement is required.",They were helpful in identifying patterns that may not be immediately visible in routine classroom monitoring.,Yes. SHAP made the prediction process more transparent and easier to interpret.,"I am concerned about biased training data, unequal treatment of students, and insufficient transparency.","Add confidence scores, simple language summaries, and links to the evidence supporting each prediction.",Original sample
2026/06/26 5:18:32 PM GMT,Female,40-49,Computer Science,Professor,Less than 5 years,50-100,Moderate,Very High,5 - Strongly Agree,3 - Neutral,5 - Strongly Agree,3 - Neutral,5 - Strongly Agree,4 - Agree,5 - Strongly Agree,4 - Agree,5 - Strongly Agree,5 - Strongly Agree,3 - Neutral,2 - Disagree,5 - Strongly Agree,4 - Agree,4 - Agree,5 - Strongly Agree,3 - Neutral,5 - Strongly Agree,5 - Strongly Agree,4 - Agree,4 - Agree,4 - Agree,4 - Agree,5 - Strongly Agree,5 - Strongly Agree,4 - Agree,2 - Disagree,4 - Agree,4 - Agree,3 - Neutral,4 - Agree,4 - Agree,3 - Neutral,4 - Agree,5 - Strongly Agree,5 - Strongly Agree,5 - Strongly Agree,3 - Neutral,5 - Strongly Agree,3 - Neutral,3 - Neutral,5 - Strongly Agree,5 - Strongly Agree,4 - Agree,4 - Agree,3 - Neutral,They improved my confidence when the highlighted factors matched what I knew about the student.,The concise dashboard and explanation of individual predictions were helpful.,Yes. I disagreed when the model overlooked recent improvements that were not yet captured in the data.,"Poor infrastructure, limited training, and unexplained recommendations would discourage collaboration.","The institution provides LMS platforms, internet access, and occasional digital teaching workshops.","Hands-on workshops on AI ethics, bias detection, data privacy, and decision-support tools are needed.",The predictions helped prioritise students for follow-up and intervention planning.,"They improved my understanding, although some technical terms required further explanation.",There should be clear accountability when an AI-supported recommendation negatively affects a student.,"Include recent student progress, lecturer observations, and contextual factors in the model.",Original sample
2026/06/26 6:19:24 PM GMT,Female,50 and above,Accounting and Finance,Senior Lecturer,11-15 years,101-200,Very High,High,4 - Agree,5 - Strongly Agree,5 - Strongly Agree,4 - Agree,5 - Strongly Agree,5 - Strongly Agree,4 - Agree,4 - Agree,3 - Neutral,3 - Neutral,3 - Neutral,4 - Agree,3 - Neutral,4 - Agree,5 - Strongly Agree,3 - Neutral,5 - Strongly Agree,4 - Agree,5 - Strongly Agree,5 - Strongly Agree,4 - Agree,4 - Agree,5 - Strongly Agree,4 - Agree,4 - Agree,5 - Strongly Agree,3 - Neutral,3 - Neutral,5 - Strongly Agree,4 - Agree,5 - Strongly Agree,4 - Agree,5 - Strongly Agree,5 - Strongly Agree,3 - Neutral,5 - Strongly Agree,4 - Agree,3 - Neutral,3 - Neutral,2 - Disagree,4 - Agree,4 - Agree,4 - Agree,3 - Neutral,4 - Agree,4 - Agree,They improved my confidence when the highlighted factors matched what I knew about the student.,The ranking of the most influential student factors was the most useful aspect.,"Sometimes, particularly when the prediction did not reflect classroom participation and recent progress.",I am encouraged when AI complements rather than replaces professional judgement.,"The institution provides LMS platforms, internet access, and occasional digital teaching workshops.","Regular workshops on data preparation, dashboard use, and responsible intervention planning would be useful.",They were helpful in identifying patterns that may not be immediately visible in routine classroom monitoring.,Yes. SHAP made the prediction process more transparent and easier to interpret.,"Fairness should be tested across gender, programme, background, and other relevant student groups.","Add confidence scores, simple language summaries, and links to the evidence supporting each prediction.",Original sample
2026/06/26 6:20:53 PM GMT,Female,50 and above,Liberal Studies,Associate Professor,11-15 years,50-100,Moderate,High,5 - Strongly Agree,3 - Neutral,4 - Agree,4 - Agree,5 - Strongly Agree,5 - Strongly Agree,4 - Agree,5 - Strongly Agree,3 - Neutral,5 - Strongly Agree,4 - Agree,4 - Agree,5 - Strongly Agree,4 - Agree,4 - Agree,4 - Agree,5 - Strongly Agree,4 - Agree,3 - Neutral,4 - Agree,4 - Agree,3 - Neutral,4 - Agree,4 - Agree,4 - Agree,5 - Strongly Agree,2 - Disagree,4 - Agree,3 - Neutral,3 - Neutral,4 - Agree,4 - Agree,5 - Strongly Agree,5 - Strongly Agree,4 - Agree,5 - Strongly Agree,2 - Disagree,5 - Strongly Agree,4 - Agree,3 - Neutral,5 - Strongly Agree,3 - Neutral,4 - Agree,4 - Agree,3 - Neutral,4 - Agree,They improved my confidence when the highlighted factors matched what I knew about the student.,The concise dashboard and explanation of individual predictions were helpful.,Yes. Some recommendations appeared too dependent on historical assessment scores.,I am encouraged when AI complements rather than replaces professional judgement.,"Support exists through ICT services and staff development programmes, although more AI-specific training is needed.","Practical training on responsible AI use, interpretation of SHAP outputs, and classroom application would be helpful.",The predictions helped prioritise students for follow-up and intervention planning.,"Yes, especially when the dashboard displayed both supporting and opposing factors.","I am concerned about biased training data, unequal treatment of students, and insufficient transparency.","Provide role-based access, stronger privacy controls, and an audit trail for decisions.",Original sample
2026/06/27 9:33:00 AM GMT,Female,40-49,Management Studies,Senior Lecturer,Less than 5 years,50-100,High,High,4 - Agree,4 - Agree,4 - Agree,5 - Strongly Agree,5 - Strongly Agree,5 - Strongly Agree,4 - Agree,4 - Agree,4 - Agree,5 - Strongly Agree,3 - Neutral,5 - Strongly Agree,4 - Agree,3 - Neutral,3 - Neutral,4 - Agree,3 - Neutral,5 - Strongly Agree,3 - Neutral,5 - Strongly Agree,4 - Agree,5 - Strongly Agree,4 - Agree,3 - Neutral,3 - Neutral,4 - Agree,4 - Agree,3 - Neutral,3 - Neutral,2 - Disagree,4 - Agree,4 - Agree,5 - Strongly Agree,4 - Agree,4 - Agree,4 - Agree,5 - Strongly Agree,5 - Strongly Agree,3 - Neutral,4 - Agree,5 - Strongly Agree,3 - Neutral,3 - Neutral,2 - Disagree,4 - Agree,5 - Strongly Agree,"Trust increased moderately, although I would still confirm recommendations with my professional judgement.",The comparison of positive and negative contributing factors was most useful.,Yes. Some recommendations appeared too dependent on historical assessment scores.,"Reliable predictions and transparency encourage me, while bias, poor connectivity, and inaccurate data discourage me.","Management supports technology use through infrastructure, technical assistance, and innovation initiatives.","Practical training on responsible AI use, interpretation of SHAP outputs, and classroom application would be helpful.","They were useful for screening, but should not be used as the only basis for a decision.","Yes, especially when the dashboard displayed both supporting and opposing factors.","Fairness should be tested across gender, programme, background, and other relevant student groups.","Provide role-based access, stronger privacy controls, and an audit trail for decisions.",Original sample
2026/06/27 9:33:53 AM GMT,Female,30-39,Hospitality and Tourism Management,Lecturer,5-10 years,50-100,High,High,5 - Strongly Agree,3 - Neutral,3 - Neutral,4 - Agree,3 - Neutral,4 - Agree,5 - Strongly Agree,4 - Agree,4 - Agree,4 - Agree,4 - Agree,3 - Neutral,4 - Agree,5 - Strongly Agree,3 - Neutral,5 - Strongly Agree,5 - Strongly Agree,3 - Neutral,4 - Agree,5 - Strongly Agree,5 - Strongly Agree,5 - Strongly Agree,4 - Agree,5 - Strongly Agree,4 - Agree,4 - Agree,3 - Neutral,3 - Neutral,3 - Neutral,2 - Disagree,3 - Neutral,5 - Strongly Agree,3 - Neutral,4 - Agree,4 - Agree,5 - Strongly Agree,5 - Strongly Agree,5 - Strongly Agree,4 - Agree,3 - Neutral,4 - Agree,4 - Agree,4 - Agree,2 - Disagree,4 - Agree,3 - Neutral,The explanations increased our confidence by showing the main factors behind each recommendation.,The comparison of positive and negative contributing factors was most useful.,Yes. I disagreed when the model overlooked recent improvements that were not yet captured in the data.,Training and a user-friendly system encourage collaboration; lack of technical support discourages it.,"Management supports technology use through infrastructure, technical assistance, and innovation initiatives.","Hands-on workshops on AI ethics, bias detection, data privacy, and decision-support tools are needed.",The results provided an early warning that could guide further investigation.,"To a large extent, because I could see why the model reached a particular outcome.","Fairness should be tested across gender, programme, background, and other relevant student groups.","Improve the dashboard, include clearer local explanations, and allow lecturers to provide feedback on recommendations.",Original sample
2026/06/27 9:36:36 AM GMT,Male,50 and above,Electrical and Electronic Engineering,Professor,11-15 years,Above 200,Moderate,High,5 - Strongly Agree,5 - Strongly Agree,3 - Neutral,4 - Agree,4 - Agree,4 - Agree,5 - Strongly Agree,4 - Agree,4 - Agree,4 - Agree,4 - Agree,5 - Strongly Agree,4 - Agree,4 - Agree,3 - Neutral,5 - Strongly Agree,5 - Strongly Agree,3 - Neutral,4 - Agree,3 - Neutral,4 - Agree,3 - Neutral,4 - Agree,5 - Strongly Agree,4 - Agree,4 - Agree,3 - Neutral,3 - Neutral,4 - Agree,2 - Disagree,4 - Agree,4 - Agree,5 - Strongly Agree,5 - Strongly Agree,3 - Neutral,5 - Strongly Agree,3 - Neutral,5 - Strongly Agree,3 - Neutral,4 - Agree,5 - Strongly Agree,3 - Neutral,5 - Strongly Agree,4 - Agree,4 - Agree,3 - Neutral,They improved trust because the important features influencing the prediction were visible.,"The clear identification of attendance, assessment scores, and participation patterns supported decision-making.",Occasionally. I relied on professional judgement when the available data were incomplete.,"Accuracy, clear explanations, data quality, institutional support, and respect for teacher judgement encourage collaboration.","Management supports technology use through infrastructure, technical assistance, and innovation initiatives.","Training should cover basic AI literacy, model limitations, and how to interpret prediction explanations.",The predictions helped prioritise students for follow-up and intervention planning.,Yes. The explanations clarified how each student factor contributed to the final prediction.,"Fairness should be tested across gender, programme, background, and other relevant student groups.","The framework should include fairness monitoring, data-quality checks, and regular model validation.",Original sample
2026/06/27 10:00:56 AM GMT,Male,40-49,Computer Science,Lecturer,11-15 years,101-200,Very High,High,5 - Strongly Agree,5 - Strongly Agree,4 - Agree,5 - Strongly Agree,4 - Agree,5 - Strongly Agree,5 - Strongly Agree,5 - Strongly Agree,5 - Strongly Agree,4 - Agree,3 - Neutral,4 - Agree,5 - Strongly Agree,4 - Agree,5 - Strongly Agree,5 - Strongly Agree,5 - Strongly Agree,4 - Agree,5 - Strongly Agree,5 - Strongly Agree,4 - Agree,5 - Strongly Agree,5 - Strongly Agree,5 - Strongly Agree,4 - Agree,5 - Strongly Agree,2 - Disagree,3 - Neutral,4 - Agree,4 - Agree,4 - Agree,5 - Strongly Agree,5 - Strongly Agree,4 - Agree,5 - Strongly Agree,5 - Strongly Agree,5 - Strongly Agree,5 - Strongly Agree,3 - Neutral,5 - Strongly Agree,4 - Agree,4 - Agree,4 - Agree,5 - Strongly Agree,4 - Agree,4 - Agree,They improved trust because the important features influencing the prediction were visible.,The comparison of positive and negative contributing factors was most useful.,Occasionally. I relied on professional judgement when the available data were incomplete.,"Accuracy, clear explanations, data quality, institutional support, and respect for teacher judgement encourage collaboration.","Management supports technology use through infrastructure, technical assistance, and innovation initiatives.",Scenario-based training using real classroom cases would improve confidence.,"They were useful for screening, but should not be used as the only basis for a decision.",Yes. The explanations clarified how each student factor contributed to the final prediction.,The system may appear objective even when historical data contain unfair patterns.,"Include recent student progress, lecturer observations, and contextual factors in the model.",Original sample
2026/06/27 10:55:40 AM GMT,Female,50 and above,Electrical and Electronic Engineering,Senior Lecturer,5-10 years,101-200,Moderate,High,4 - Agree,3 - Neutral,3 - Neutral,2 - Disagree,4 - Agree,3 - Neutral,4 - Agree,3 - Neutral,2 - Disagree,2 - Disagree,2 - Disagree,4 - Agree,5 - Strongly Agree,3 - Neutral,3 - Neutral,4 - Agree,3 - Neutral,4 - Agree,3 - Neutral,4 - Agree,3 - Neutral,4 - Agree,3 - Neutral,4 - Agree,3 - Neutral,2 - Disagree,2 - Disagree,2 - Disagree,3 - Neutral,2 - Disagree,3 - Neutral,4 - Agree,4 - Agree,4 - Agree,4 - Agree,4 - Agree,4 - Agree,2 - Disagree,3 - Neutral,4 - Agree,3 - Neutral,3 - Neutral,3 - Neutral,3 - Neutral,5 - Strongly Agree,3 - Neutral,The explanations made the recommendations less like a black box and easier to assess.,The comparison of positive and negative contributing factors was most useful.,"No major disagreement occurred, but I would still review the evidence before acting.","Poor infrastructure, limited training, and unexplained recommendations would discourage collaboration.",Current support is moderate and mainly focuses on general educational technology rather than AI.,"Training on fairness, transparency, privacy, and combining AI evidence with professional judgement is required.",The results provided an early warning that could guide further investigation.,"They improved my understanding, although some technical terms required further explanation.","Fairness should be tested across gender, programme, background, and other relevant student groups.","Add confidence scores, simple language summaries, and links to the evidence supporting each prediction.",Original sample
2026/06/27 12:17:25 PM GMT,Male,40-49,Accounting and Finance,Lecturer,5-10 years,50-100,Moderate,Moderate,4 - Agree,5 - Strongly Agree,3 - Neutral,3 - Neutral,5 - Strongly Agree,3 - Neutral,5 - Strongly Agree,4 - Agree,4 - Agree,4 - Agree,4 - Agree,5 - Strongly Agree,3 - Neutral,5 - Strongly Agree,4 - Agree,4 - Agree,4 - Agree,4 - Agree,5 - Strongly Agree,4 - Agree,3 - Neutral,4 - Agree,4 - Agree,5 - Strongly Agree,4 - Agree,3 - Neutral,4 - Agree,4 - Agree,3 - Neutral,3 - Neutral,4 - Agree,5 - Strongly Agree,4 - Agree,4 - Agree,5 - Strongly Agree,5 - Strongly Agree,5 - Strongly Agree,3 - Neutral,4 - Agree,3 - Neutral,4 - Agree,4 - Agree,5 - Strongly Agree,5 - Strongly Agree,4 - Agree,5 - Strongly Agree,They improved my confidence when the highlighted factors matched what I knew about the student.,The visual summary showing why a student was classified as at risk was most useful.,"Sometimes, particularly when the prediction did not reflect classroom participation and recent progress.","Accuracy, clear explanations, data quality, institutional support, and respect for teacher judgement encourage collaboration.",Current support is moderate and mainly focuses on general educational technology rather than AI.,"Hands-on workshops on AI ethics, bias detection, data privacy, and decision-support tools are needed.","They were useful for screening, but should not be used as the only basis for a decision.","They improved my understanding, although some technical terms required further explanation.","Fairness should be tested across gender, programme, background, and other relevant student groups.","The framework should include fairness monitoring, data-quality checks, and regular model validation.",Original sample
2026/06/27 2:51:55 PM GMT,Male,30-39,Computer Science,Lecturer,11-15 years,Less than 50,Very High,Very High,5 - Strongly Agree,5 - Strongly Agree,4 - Agree,4 - Agree,5 - Strongly Agree,5 - Strongly Agree,3 - Neutral,5 - Strongly Agree,4 - Agree,5 - Strongly Agree,5 - Strongly Agree,3 - Neutral,3 - Neutral,5 - Strongly Agree,5 - Strongly Agree,5 - Strongly Agree,4 - Agree,4 - Agree,5 - Strongly Agree,4 - Agree,5 - Strongly Agree,5 - Strongly Agree,3 - Neutral,5 - Strongly Agree,5 - Strongly Agree,5 - Strongly Agree,5 - Strongly Agree,4 - Agree,4 - Agree,3 - Neutral,3 - Neutral,5 - Strongly Agree,4 - Agree,4 - Agree,5 - Strongly Agree,4 - Agree,4 - Agree,4 - Agree,4 - Agree,3 - Neutral,4 - Agree,4 - Agree,3 - Neutral,3 - Neutral,4 - Agree,4 - Agree,They improved trust because the important features influencing the prediction were visible.,"The clear identification of attendance, assessment scores, and participation patterns supported decision-making.","Sometimes, particularly when the prediction did not reflect classroom participation and recent progress.","Poor infrastructure, limited training, and unexplained recommendations would discourage collaboration.","The institution provides computer laboratories and technical support, but access and connectivity can be improved.",Scenario-based training using real classroom cases would improve confidence.,The predictions helped prioritise students for follow-up and intervention planning.,"To a large extent, because I could see why the model reached a particular outcome.",There should be clear accountability when an AI-supported recommendation negatively affects a student.,"Provide role-based access, stronger privacy controls, and an audit trail for decisions.",Original sample
2026/06/27 3:50:43 PM GMT,Male,40-49,Computer Science,Lecturer,11-15 years,101-200,Moderate,Moderate,4 - Agree,4 - Agree,3 - Neutral,4 - Agree,3 - Neutral,5 - Strongly Agree,4 - Agree,4 - Agree,5 - Strongly Agree,3 - Neutral,4 - Agree,5 - Strongly Agree,3 - Neutral,3 - Neutral,4 - Agree,4 - Agree,5 - Strongly Agree,4 - Agree,4 - Agree,2 - Disagree,5 - Strongly Agree,5 - Strongly Agree,3 - Neutral,2 - Disagree,4 - Agree,4 - Agree,3 - Neutral,4 - Agree,3 - Neutral,4 - Agree,4 - Agree,5 - Strongly Agree,4 - Agree,4 - Agree,5 - Strongly Agree,4 - Agree,5 - Strongly Agree,3 - Neutral,3 - Neutral,4 - Agree,4 - Agree,3 - Neutral,4 - Agree,3 - Neutral,4 - Agree,3 - Neutral,The explanations made the recommendations less like a black box and easier to assess.,"The clear identification of attendance, assessment scores, and participation patterns supported decision-making.","Sometimes, particularly when the prediction did not reflect classroom participation and recent progress.","Evidence of fairness, privacy protection, and consistent performance would encourage collaboration.","The institution provides computer laboratories and technical support, but access and connectivity can be improved.","Training on fairness, transparency, privacy, and combining AI evidence with professional judgement is required.",The predictions were useful for identifying students who may require early academic support.,"Yes, especially when the dashboard displayed both supporting and opposing factors.","Fairness should be tested across gender, programme, background, and other relevant student groups.","The framework should include fairness monitoring, data-quality checks, and regular model validation.",Original sample
2026/06/27 4:41:10 PM GMT,Female,50 and above,Liberal Studies,Assistant Lecturer,11-15 years,50-100,High,High,4 - Agree,3 - Neutral,5 - Strongly Agree,4 - Agree,5 - Strongly Agree,4 - Agree,4 - Agree,5 - Strongly Agree,5 - Strongly Agree,3 - Neutral,5 - Strongly Agree,5 - Strongly Agree,5 - Strongly Agree,5 - Strongly Agree,5 - Strongly Agree,5 - Strongly Agree,5 - Strongly Agree,4 - Agree,5 - Strongly Agree,5 - Strongly Agree,5 - Strongly Agree,3 - Neutral,4 - Agree,4 - Agree,4 - Agree,4 - Agree,4 - Agree,3 - Neutral,3 - Neutral,4 - Agree,4 - Agree,5 - Strongly Agree,5 - Strongly Agree,5 - Strongly Agree,5 - Strongly Agree,4 - Agree,3 - Neutral,4 - Agree,4 - Agree,5 - Strongly Agree,5 - Strongly Agree,5 - Strongly Agree,5 - Strongly Agree,5 - Strongly Agree,5 - Strongly Agree,5 - Strongly Agree,They improved my confidence when the highlighted factors matched what I knew about the student.,The visual summary showing why a student was classified as at risk was most useful.,"Yes, especially when my knowledge of the student's personal circumstances contradicted the recommendation.",I am encouraged when AI complements rather than replaces professional judgement.,"Support exists through ICT services and staff development programmes, although more AI-specific training is needed.","Hands-on workshops on AI ethics, bias detection, data privacy, and decision-support tools are needed.",They were helpful in identifying patterns that may not be immediately visible in routine classroom monitoring.,Yes. SHAP made the prediction process more transparent and easier to interpret.,"I am concerned about biased training data, unequal treatment of students, and insufficient transparency.","Provide role-based access, stronger privacy controls, and an audit trail for decisions.",Original sample
2026/06/27 5:01:57 PM GMT,Female,30-39,Food Technology,Senior Lecturer,11-15 years,50-100,Very High,Low,5 - Strongly Agree,4 - Agree,3 - Neutral,4 - Agree,4 - Agree,4 - Agree,3 - Neutral,5 - Strongly Agree,4 - Agree,5 - Strongly Agree,5 - Strongly Agree,4 - Agree,5 - Strongly Agree,3 - Neutral,5 - Strongly Agree,5 - Strongly Agree,4 - Agree,4 - Agree,5 - Strongly Agree,4 - Agree,5 - Strongly Agree,5 - Strongly Agree,4 - Agree,4 - Agree,5 - Strongly Agree,4 - Agree,4 - Agree,4 - Agree,4 - Agree,5 - Strongly Agree,4 - Agree,5 - Strongly Agree,5 - Strongly Agree,4 - Agree,5 - Strongly Agree,5 - Strongly Agree,5 - Strongly Agree,4 - Agree,4 - Agree,4 - Agree,3 - Neutral,4 - Agree,5 - Strongly Agree,4 - Agree,5 - Strongly Agree,3 - Neutral,They improved my confidence when the highlighted factors matched what I knew about the student.,Feature importance and the direction of each factor helped me understand the recommendation.,"No major disagreement occurred, but I would still review the evidence before acting.","Poor infrastructure, limited training, and unexplained recommendations would discourage collaboration.",The institution encourages digital learning but formal AI policies and training are still developing.,"Regular workshops on data preparation, dashboard use, and responsible intervention planning would be useful.",The results provided an early warning that could guide further investigation.,Yes. The explanations clarified how each student factor contributed to the final prediction.,"Fairness should be tested across gender, programme, background, and other relevant student groups.","The framework should include fairness monitoring, data-quality checks, and regular model validation.",Original sample
2026/06/27 5:52:06 PM GMT,Male,40-49,Pharmaceutical Sciences,Lecturer,11-15 years,50-100,Moderate,High,4 - Agree,4 - Agree,5 - Strongly Agree,4 - Agree,5 - Strongly Agree,5 - Strongly Agree,4 - Agree,4 - Agree,3 - Neutral,5 - Strongly Agree,5 - Strongly Agree,4 - Agree,5 - Strongly Agree,4 - Agree,5 - Strongly Agree,5 - Strongly Agree,5 - Strongly Agree,4 - Agree,4 - Agree,3 - Neutral,5 - Strongly Agree,5 - Strongly Agree,4 - Agree,4 - Agree,5 - Strongly Agree,4 - Agree,5 - Strongly Agree,3 - Neutral,2 - Disagree,4 - Agree,3 - Neutral,5 - Strongly Agree,5 - Strongly Agree,4 - Agree,4 - Agree,5 - Strongly Agree,5 - Strongly Agree,4 - Agree,4 - Agree,4 - Agree,3 - Neutral,4 - Agree,4 - Agree,3 - Neutral,5 - Strongly Agree,4 - Agree,The explanations made the recommendations less like a black box and easier to assess.,"The clear identification of attendance, assessment scores, and participation patterns supported decision-making.","Sometimes, particularly when the prediction did not reflect classroom participation and recent progress.",I am encouraged when AI complements rather than replaces professional judgement.,"The institution provides computer laboratories and technical support, but access and connectivity can be improved.","Practical training on responsible AI use, interpretation of SHAP outputs, and classroom application would be helpful.",They were moderately useful and would be stronger when combined with current lecturer observations.,"Yes, especially when the dashboard displayed both supporting and opposing factors.",There should be clear accountability when an AI-supported recommendation negatively affects a student.,"The framework should include fairness monitoring, data-quality checks, and regular model validation.",Original sample
2026/06/27 6:21:19 PM GMT,Female,40-49,Management Studies,Senior Lecturer,11-15 years,50-100,Moderate,Very High,4 - Agree,5 - Strongly Agree,4 - Agree,5 - Strongly Agree,5 - Strongly Agree,5 - Strongly Agree,3 - Neutral,4 - Agree,2 - Disagree,4 - Agree,2 - Disagree,5 - Strongly Agree,5 - Strongly Agree,4 - Agree,2 - Disagree,3 - Neutral,4 - Agree,3 - Neutral,5 - Strongly Agree,4 - Agree,4 - Agree,4 - Agree,3 - Neutral,4 - Agree,5 - Strongly Agree,3 - Neutral,3 - Neutral,3 - Neutral,2 - Disagree,3 - Neutral,4 - Agree,5 - Strongly Agree,5 - Strongly Agree,5 - Strongly Agree,4 - Agree,4 - Agree,3 - Neutral,5 - Strongly Agree,3 - Neutral,4 - Agree,5 - Strongly Agree,5 - Strongly Agree,4 - Agree,5 - Strongly Agree,5 - Strongly Agree,3 - Neutral,"My trust improved, but only when the explanation was clear and supported by accurate student data.",The concise dashboard and explanation of individual predictions were helpful.,Yes. Some recommendations appeared too dependent on historical assessment scores.,Training and a user-friendly system encourage collaboration; lack of technical support discourages it.,"Support exists through ICT services and staff development programmes, although more AI-specific training is needed.","Hands-on workshops on AI ethics, bias detection, data privacy, and decision-support tools are needed.",The predictions helped prioritise students for follow-up and intervention planning.,"Yes, especially when the dashboard displayed both supporting and opposing factors.",I am concerned about overreliance on predictions and limited opportunities for students to challenge decisions.,"Add confidence scores, simple language summaries, and links to the evidence supporting each prediction.",Original sample
2026/06/27 6:30:29 PM GMT,Male,30-39,Hospitality and Tourism Management,Lecturer,5-10 years,Less than 50,Moderate,Moderate,5 - Strongly Agree,4 - Agree,4 - Agree,5 - Strongly Agree,3 - Neutral,5 - Strongly Agree,5 - Strongly Agree,4 - Agree,5 - Strongly Agree,3 - Neutral,4 - Agree,4 - Agree,4 - Agree,4 - Agree,4 - Agree,3 - Neutral,4 - Agree,5 - Strongly Agree,4 - Agree,5 - Strongly Agree,4 - Agree,4 - Agree,4 - Agree,5 - Strongly Agree,5 - Strongly Agree,4 - Agree,2 - Disagree,4 - Agree,3 - Neutral,4 - Agree,4 - Agree,5 - Strongly Agree,5 - Strongly Agree,5 - Strongly Agree,5 - Strongly Agree,5 - Strongly Agree,3 - Neutral,3 - Neutral,5 - Strongly Agree,3 - Neutral,4 - Agree,4 - Agree,4 - Agree,3 - Neutral,4 - Agree,4 - Agree,They improved my confidence when the highlighted factors matched what I knew about the student.,Feature importance and the direction of each factor helped me understand the recommendation.,"Yes, especially when my knowledge of the student's personal circumstances contradicted the recommendation.","Poor infrastructure, limited training, and unexplained recommendations would discourage collaboration.",Current support is moderate and mainly focuses on general educational technology rather than AI.,"Training should cover basic AI literacy, model limitations, and how to interpret prediction explanations.",The predictions helped prioritise students for follow-up and intervention planning.,Yes. The explanations clarified how each student factor contributed to the final prediction.,The system may appear objective even when historical data contain unfair patterns.,"The framework should include fairness monitoring, data-quality checks, and regular model validation.",Original sample
2026/06/28 8:28:15 AM GMT,Male,50 and above,Management Studies,Lecturer,More than 15 years,101-200,Very High,High,4 - Agree,5 - Strongly Agree,4 - Agree,4 - Agree,5 - Strongly Agree,3 - Neutral,5 - Strongly Agree,4 - Agree,4 - Agree,4 - Agree,4 - Agree,4 - Agree,4 - Agree,5 - Strongly Agree,4 - Agree,4 - Agree,4 - Agree,4 - Agree,4 - Agree,5 - Strongly Agree,4 - Agree,3 - Neutral,4 - Agree,4 - Agree,5 - Strongly Agree,3 - Neutral,4 - Agree,4 - Agree,4 - Agree,2 - Disagree,3 - Neutral,4 - Agree,4 - Agree,5 - Strongly Agree,5 - Strongly Agree,5 - Strongly Agree,3 - Neutral,5 - Strongly Agree,4 - Agree,3 - Neutral,4 - Agree,4 - Agree,4 - Agree,4 - Agree,4 - Agree,4 - Agree,They improved trust because the important features influencing the prediction were visible.,The ranking of the most influential student factors was the most useful aspect.,Occasionally. I relied on professional judgement when the available data were incomplete.,"Accuracy, clear explanations, data quality, institutional support, and respect for teacher judgement encourage collaboration.","Management supports technology use through infrastructure, technical assistance, and innovation initiatives.","Regular workshops on data preparation, dashboard use, and responsible intervention planning would be useful.",The results provided an early warning that could guide further investigation.,"Somewhat. The visual explanation was helpful, but additional contextual guidance would improve understanding.",I am concerned about overreliance on predictions and limited opportunities for students to challenge decisions.,"Include recent student progress, lecturer observations, and contextual factors in the model.",Original sample
2026/06/28 9:41:55 AM GMT,Male,40-49,Management Studies,Senior Lecturer,11-15 years,101-200,High,Moderate,3 - Neutral,4 - Agree,3 - Neutral,3 - Neutral,4 - Agree,3 - Neutral,3 - Neutral,3 - Neutral,3 - Neutral,3 - Neutral,3 - Neutral,3 - Neutral,3 - Neutral,2 - Disagree,4 - Agree,4 - Agree,4 - Agree,3 - Neutral,2 - Disagree,4 - Agree,2 - Disagree,3 - Neutral,2 - Disagree,3 - Neutral,2 - Disagree,3 - Neutral,2 - Disagree,2 - Disagree,2 - Disagree,2 - Disagree,2 - Disagree,4 - Agree,4 - Agree,4 - Agree,3 - Neutral,3 - Neutral,3 - Neutral,3 - Neutral,3 - Neutral,3 - Neutral,3 - Neutral,2 - Disagree,2 - Disagree,3 - Neutral,2 - Disagree,4 - Agree,"My trust improved, but only when the explanation was clear and supported by accurate student data.","The clear identification of attendance, assessment scores, and participation patterns supported decision-making.","Yes, especially when my knowledge of the student's personal circumstances contradicted the recommendation.",I am encouraged when AI complements rather than replaces professional judgement.,"The institution provides LMS platforms, internet access, and occasional digital teaching workshops.","Training should cover basic AI literacy, model limitations, and how to interpret prediction explanations.",The results provided an early warning that could guide further investigation.,Yes. The explanations clarified how each student factor contributed to the final prediction.,There should be clear accountability when an AI-supported recommendation negatively affects a student.,"Provide role-based access, stronger privacy controls, and an audit trail for decisions.",Original sample
2026/06/28 10:46:19 AM GMT,Male,30-39,Hospitality and Tourism Management,Lecturer,5-10 years,Less than 50,High,Moderate,4 - Agree,4 - Agree,4 - Agree,5 - Strongly Agree,4 - Agree,4 - Agree,5 - Strongly Agree,5 - Strongly Agree,4 - Agree,5 - Strongly Agree,5 - Strongly Agree,5 - Strongly Agree,4 - Agree,5 - Strongly Agree,5 - Strongly Agree,4 - Agree,4 - Agree,4 - Agree,4 - Agree,3 - Neutral,4 - Agree,5 - Strongly Agree,4 - Agree,3 - Neutral,4 - Agree,5 - Strongly Agree,3 - Neutral,4 - Agree,3 - Neutral,2 - Disagree,3 - Neutral,5 - Strongly Agree,5 - Strongly Agree,5 - Strongly Agree,5 - Strongly Agree,4 - Agree,3 - Neutral,3 - Neutral,5 - Strongly Agree,5 - Strongly Agree,4 - Agree,5 - Strongly Agree,4 - Agree,5 - Strongly Agree,5 - Strongly Agree,4 - Agree,The explanations made the recommendations less like a black box and easier to assess.,Feature importance and the direction of each factor helped me understand the recommendation.,"No major disagreement occurred, but I would still review the evidence before acting.","Poor infrastructure, limited training, and unexplained recommendations would discourage collaboration.",The institution encourages digital learning but formal AI policies and training are still developing.,"Regular workshops on data preparation, dashboard use, and responsible intervention planning would be useful.","They were useful for screening, but should not be used as the only basis for a decision.","To a large extent, because I could see why the model reached a particular outcome.",There should be clear accountability when an AI-supported recommendation negatively affects a student.,Pilot the framework across multiple departments and retrain it regularly with representative institutional data.,Original sample
2026/06/28 11:50:00 AM GMT,Female,40-49,Management Studies,Associate Professor,11-15 years,50-100,Moderate,Moderate,4 - Agree,5 - Strongly Agree,4 - Agree,5 - Strongly Agree,4 - Agree,4 - Agree,4 - Agree,4 - Agree,5 - Strongly Agree,3 - Neutral,3 - Neutral,3 - Neutral,4 - Agree,5 - Strongly Agree,4 - Agree,4 - Agree,3 - Neutral,3 - Neutral,5 - Strongly Agree,4 - Agree,5 - Strongly Agree,4 - Agree,3 - Neutral,4 - Agree,5 - Strongly Agree,5 - Strongly Agree,3 - Neutral,4 - Agree,3 - Neutral,2 - Disagree,3 - Neutral,4 - Agree,4 - Agree,4 - Agree,3 - Neutral,5 - Strongly Agree,5 - Strongly Agree,4 - Agree,4 - Agree,4 - Agree,4 - Agree,5 - Strongly Agree,4 - Agree,4 - Agree,4 - Agree,4 - Agree,"Trust increased moderately, although I would still confirm recommendations with my professional judgement.","The clear identification of attendance, assessment scores, and participation patterns supported decision-making.",Yes. Some recommendations appeared too dependent on historical assessment scores.,"Evidence of fairness, privacy protection, and consistent performance would encourage collaboration.","Support exists through ICT services and staff development programmes, although more AI-specific training is needed.","Regular workshops on data preparation, dashboard use, and responsible intervention planning would be useful.",The predictions were useful for identifying students who may require early academic support.,"Yes, especially when the dashboard displayed both supporting and opposing factors.","I am concerned about biased training data, unequal treatment of students, and insufficient transparency.","Include recent student progress, lecturer observations, and contextual factors in the model.",Original sample
2026/06/28 3:13:38 PM GMT,Female,50 and above,Food Technology,Lecturer,5-10 years,Less than 50,High,High,5 - Strongly Agree,5 - Strongly Agree,3 - Neutral,4 - Agree,4 - Agree,2 - Disagree,5 - Strongly Agree,5 - Strongly Agree,3 - Neutral,5 - Strongly Agree,4 - Agree,4 - Agree,3 - Neutral,3 - Neutral,3 - Neutral,4 - Agree,3 - Neutral,4 - Agree,3 - Neutral,4 - Agree,4 - Agree,3 - Neutral,3 - Neutral,4 - Agree,4 - Agree,3 - Neutral,4 - Agree,1 - Strongly Disagree,2 - Disagree,5 - Strongly Agree,3 - Neutral,5 - Strongly Agree,5 - Strongly Agree,5 - Strongly Agree,5 - Strongly Agree,3 - Neutral,5 - Strongly Agree,4 - Agree,5 - Strongly Agree,5 - Strongly Agree,5 - Strongly Agree,4 - Agree,5 - Strongly Agree,3 - Neutral,3 - Neutral,5 - Strongly Agree,The explanations increased our confidence by showing the main factors behind each recommendation.,Feature importance and the direction of each factor helped me understand the recommendation.,"Yes, especially when my knowledge of the student's personal circumstances contradicted the recommendation.","Evidence of fairness, privacy protection, and consistent performance would encourage collaboration.",Current support is moderate and mainly focuses on general educational technology rather than AI.,"Training on fairness, transparency, privacy, and combining AI evidence with professional judgement is required.",They were helpful in identifying patterns that may not be immediately visible in routine classroom monitoring.,"Yes, especially when the dashboard displayed both supporting and opposing factors.","My main concerns are data privacy, inaccurate records, and possible bias against particular student groups.",Pilot the framework across multiple departments and retrain it regularly with representative institutional data.,Original sample
2026/06/28 3:26:39 PM GMT,Male,30-39,Building Technology,Lecturer,Less than 5 years,Above 200,High,Moderate,3 - Neutral,3 - Neutral,3 - Neutral,4 - Agree,3 - Neutral,3 - Neutral,4 - Agree,4 - Agree,3 - Neutral,4 - Agree,3 - Neutral,2 - Disagree,3 - Neutral,3 - Neutral,3 - Neutral,4 - Agree,2 - Disagree,2 - Disagree,3 - Neutral,3 - Neutral,2 - Disagree,3 - Neutral,4 - Agree,3 - Neutral,3 - Neutral,3 - Neutral,2 - Disagree,3 - Neutral,3 - Neutral,1 - Strongly Disagree,2 - Disagree,4 - Agree,4 - Agree,4 - Agree,3 - Neutral,4 - Agree,4 - Agree,3 - Neutral,3 - Neutral,4 - Agree,3 - Neutral,4 - Agree,4 - Agree,3 - Neutral,4 - Agree,4 - Agree,The explanations made the recommendations less like a black box and easier to assess.,The visual summary showing why a student was classified as at risk was most useful.,Occasionally. I relied on professional judgement when the available data were incomplete.,I am encouraged when AI complements rather than replaces professional judgement.,The institution encourages digital learning but formal AI policies and training are still developing.,"Hands-on workshops on AI ethics, bias detection, data privacy, and decision-support tools are needed.",They were moderately useful and would be stronger when combined with current lecturer observations.,"To a large extent, because I could see why the model reached a particular outcome.","Fairness should be tested across gender, programme, background, and other relevant student groups.","Improve the dashboard, include clearer local explanations, and allow lecturers to provide feedback on recommendations.",Original sample
2026/06/28 3:58:51 PM GMT,Male,30-39,Food Technology,Assistant Lecturer,Less than 5 years,50-100,High,Low,4 - Agree,4 - Agree,4 - Agree,4 - Agree,3 - Neutral,5 - Strongly Agree,4 - Agree,5 - Strongly Agree,4 - Agree,3 - Neutral,4 - Agree,4 - Agree,4 - Agree,5 - Strongly Agree,4 - Agree,4 - Agree,4 - Agree,2 - Disagree,3 - Neutral,3 - Neutral,4 - Agree,4 - Agree,4 - Agree,4 - Agree,4 - Agree,3 - Neutral,3 - Neutral,2 - Disagree,2 - Disagree,3 - Neutral,3 - Neutral,3 - Neutral,5 - Strongly Agree,4 - Agree,5 - Strongly Agree,5 - Strongly Agree,4 - Agree,3 - Neutral,4 - Agree,4 - Agree,3 - Neutral,4 - Agree,3 - Neutral,4 - Agree,4 - Agree,4 - Agree,The explanations increased our confidence by showing the main factors behind each recommendation.,The visual summary showing why a student was classified as at risk was most useful.,"No major disagreement occurred, but I would still review the evidence before acting.","Poor infrastructure, limited training, and unexplained recommendations would discourage collaboration.",The institution encourages digital learning but formal AI policies and training are still developing.,"Training should cover basic AI literacy, model limitations, and how to interpret prediction explanations.",The results provided an early warning that could guide further investigation.,Yes. The explanations clarified how each student factor contributed to the final prediction.,The system may appear objective even when historical data contain unfair patterns.,"Provide role-based access, stronger privacy controls, and an audit trail for decisions.",Original sample
2026/06/28 6:06:06 PM GMT,Female,40-49,Liberal Studies,Lecturer,5-10 years,101-200,High,Moderate,5 - Strongly Agree,5 - Strongly Agree,4 - Agree,4 - Agree,4 - Agree,5 - Strongly Agree,5 - Strongly Agree,5 - Strongly Agree,5 - Strongly Agree,4 - Agree,4 - Agree,4 - Agree,4 - Agree,5 - Strongly Agree,4 - Agree,3 - Neutral,4 - Agree,4 - Agree,3 - Neutral,4 - Agree,4 - Agree,4 - Agree,3 - Neutral,5 - Strongly Agree,3 - Neutral,3 - Neutral,3 - Neutral,4 - Agree,4 - Agree,4 - Agree,3 - Neutral,5 - Strongly Agree,5 - Strongly Agree,4 - Agree,5 - Strongly Agree,4 - Agree,4 - Agree,4 - Agree,4 - Agree,4 - Agree,4 - Agree,5 - Strongly Agree,4 - Agree,3 - Neutral,3 - Neutral,4 - Agree,"My trust improved, but only when the explanation was clear and supported by accurate student data.",The visual summary showing why a student was classified as at risk was most useful.,"No major disagreement occurred, but I would still review the evidence before acting.","Accuracy, clear explanations, data quality, institutional support, and respect for teacher judgement encourage collaboration.",The institution encourages digital learning but formal AI policies and training are still developing.,Scenario-based training using real classroom cases would improve confidence.,The predictions were useful for identifying students who may require early academic support.,"To a large extent, because I could see why the model reached a particular outcome.",The system may appear objective even when historical data contain unfair patterns.,"Improve the dashboard, include clearer local explanations, and allow lecturers to provide feedback on recommendations.",Original sample
2026/06/28 6:40:10 PM GMT,Male,40-49,Management Studies,Professor,Less than 5 years,50-100,Very High,High,3 - Neutral,5 - Strongly Agree,4 - Agree,4 - Agree,3 - Neutral,3 - Neutral,5 - Strongly Agree,5 - Strongly Agree,2 - Disagree,5 - Strongly Agree,4 - Agree,4 - Agree,4 - Agree,3 - Neutral,3 - Neutral,4 - Agree,3 - Neutral,4 - Agree,4 - Agree,4 - Agree,4 - Agree,3 - Neutral,3 - Neutral,4 - Agree,4 - Agree,3 - Neutral,4 - Agree,3 - Neutral,2 - Disagree,3 - Neutral,2 - Disagree,5 - Strongly Agree,4 - Agree,5 - Strongly Agree,3 - Neutral,3 - Neutral,3 - Neutral,4 - Agree,5 - Strongly Agree,4 - Agree,4 - Agree,4 - Agree,3 - Neutral,4 - Agree,4 - Agree,3 - Neutral,"Trust increased moderately, although I would still confirm recommendations with my professional judgement.",Feature importance and the direction of each factor helped me understand the recommendation.,Occasionally. I relied on professional judgement when the available data were incomplete.,Training and a user-friendly system encourage collaboration; lack of technical support discourages it.,"The institution provides computer laboratories and technical support, but access and connectivity can be improved.","Training should cover basic AI literacy, model limitations, and how to interpret prediction explanations.",The predictions helped prioritise students for follow-up and intervention planning.,"To a large extent, because I could see why the model reached a particular outcome.",The system may appear objective even when historical data contain unfair patterns.,"Improve the dashboard, include clearer local explanations, and allow lecturers to provide feedback on recommendations.",Original sample
2026/06/29 8:09:41 AM GMT,Male,30-39,Management Studies,Assistant Lecturer,Less than 5 years,50-100,High,High,3 - Neutral,3 - Neutral,3 - Neutral,2 - Disagree,3 - Neutral,3 - Neutral,4 - Agree,3 - Neutral,4 - Agree,4 - Agree,3 - Neutral,4 - Agree,4 - Agree,3 - Neutral,5 - Strongly Agree,3 - Neutral,5 - Strongly Agree,3 - Neutral,5 - Strongly Agree,4 - Agree,4 - Agree,4 - Agree,4 - Agree,3 - Neutral,4 - Agree,3 - Neutral,2 - Disagree,3 - Neutral,3 - Neutral,3 - Neutral,3 - Neutral,5 - Strongly Agree,4 - Agree,4 - Agree,3 - Neutral,5 - Strongly Agree,4 - Agree,3 - Neutral,4 - Agree,5 - Strongly Agree,4 - Agree,3 - Neutral,4 - Agree,3 - Neutral,5 - Strongly Agree,4 - Agree,The explanations increased our confidence by showing the main factors behind each recommendation.,Feature importance and the direction of each factor helped me understand the recommendation.,"Sometimes, particularly when the prediction did not reflect classroom participation and recent progress.","Evidence of fairness, privacy protection, and consistent performance would encourage collaboration.","Support exists through ICT services and staff development programmes, although more AI-specific training is needed.","Training should cover basic AI literacy, model limitations, and how to interpret prediction explanations.",The results provided an early warning that could guide further investigation.,"Yes, especially when the dashboard displayed both supporting and opposing factors.",I am concerned about overreliance on predictions and limited opportunities for students to challenge decisions.,Pilot the framework across multiple departments and retrain it regularly with representative institutional data.,Original sample
2026/06/29 9:45:01 AM GMT,Male,30-39,Pharmaceutical Sciences,Lecturer,More than 15 years,50-100,Moderate,High,3 - Neutral,4 - Agree,4 - Agree,3 - Neutral,5 - Strongly Agree,3 - Neutral,5 - Strongly Agree,4 - Agree,5 - Strongly Agree,3 - Neutral,4 - Agree,4 - Agree,3 - Neutral,3 - Neutral,3 - Neutral,2 - Disagree,3 - Neutral,4 - Agree,4 - Agree,3 - Neutral,4 - Agree,3 - Neutral,4 - Agree,3 - Neutral,4 - Agree,4 - Agree,3 - Neutral,3 - Neutral,3 - Neutral,3 - Neutral,3 - Neutral,4 - Agree,4 - Agree,3 - Neutral,4 - Agree,4 - Agree,3 - Neutral,3 - Neutral,3 - Neutral,3 - Neutral,2 - Disagree,5 - Strongly Agree,4 - Agree,5 - Strongly Agree,4 - Agree,4 - Agree,They improved trust because the important features influencing the prediction were visible.,The concise dashboard and explanation of individual predictions were helpful.,"Sometimes, particularly when the prediction did not reflect classroom participation and recent progress.","Reliable predictions and transparency encourage me, while bias, poor connectivity, and inaccurate data discourage me.","Support exists through ICT services and staff development programmes, although more AI-specific training is needed.","Training on fairness, transparency, privacy, and combining AI evidence with professional judgement is required.",The predictions were useful for identifying students who may require early academic support.,"To a large extent, because I could see why the model reached a particular outcome.","I am concerned about biased training data, unequal treatment of students, and insufficient transparency.","Include recent student progress, lecturer observations, and contextual factors in the model.",Original sample
2026/06/29 9:56:46 AM GMT,Male,50 and above,Management Studies,Senior Lecturer,More than 15 years,Less than 50,Very High,Moderate,4 - Agree,4 - Agree,3 - Neutral,4 - Agree,3 - Neutral,4 - Agree,3 - Neutral,4 - Agree,5 - Strongly Agree,4 - Agree,4 - Agree,4 - Agree,3 - Neutral,3 - Neutral,3 - Neutral,2 - Disagree,2 - Disagree,3 - Neutral,3 - Neutral,4 - Agree,3 - Neutral,3 - Neutral,5 - Strongly Agree,4 - Agree,3 - Neutral,3 - Neutral,2 - Disagree,2 - Disagree,4 - Agree,4 - Agree,3 - Neutral,3 - Neutral,5 - Strongly Agree,2 - Disagree,4 - Agree,4 - Agree,3 - Neutral,3 - Neutral,3 - Neutral,3 - Neutral,1 - Strongly Disagree,3 - Neutral,3 - Neutral,3 - Neutral,3 - Neutral,3 - Neutral,"Trust increased moderately, although I would still confirm recommendations with my professional judgement.",Feature importance and the direction of each factor helped me understand the recommendation.,Yes. Some recommendations appeared too dependent on historical assessment scores.,I am encouraged when AI complements rather than replaces professional judgement.,"The institution provides LMS platforms, internet access, and occasional digital teaching workshops.","Practical training on responsible AI use, interpretation of SHAP outputs, and classroom application would be helpful.",The predictions were useful for identifying students who may require early academic support.,"Yes, especially when the dashboard displayed both supporting and opposing factors.",The system may appear objective even when historical data contain unfair patterns.,"Include recent student progress, lecturer observations, and contextual factors in the model.",Original sample
2026/06/29 10:50:46 AM GMT,Male,30-39,Accounting and Finance,Lecturer,5-10 years,101-200,Moderate,Moderate,3 - Neutral,3 - Neutral,3 - Neutral,3 - Neutral,2 - Disagree,3 - Neutral,4 - Agree,3 - Neutral,4 - Agree,4 - Agree,4 - Agree,3 - Neutral,3 - Neutral,2 - Disagree,4 - Agree,3 - Neutral,5 - Strongly Agree,4 - Agree,4 - Agree,3 - Neutral,4 - Agree,3 - Neutral,4 - Agree,2 - Disagree,4 - Agree,3 - Neutral,4 - Agree,2 - Disagree,3 - Neutral,3 - Neutral,4 - Agree,3 - Neutral,5 - Strongly Agree,4 - Agree,3 - Neutral,3 - Neutral,3 - Neutral,3 - Neutral,4 - Agree,3 - Neutral,2 - Disagree,2 - Disagree,3 - Neutral,3 - Neutral,2 - Disagree,3 - Neutral,They improved my confidence when the highlighted factors matched what I knew about the student.,The concise dashboard and explanation of individual predictions were helpful.,"No major disagreement occurred, but I would still review the evidence before acting.",Training and a user-friendly system encourage collaboration; lack of technical support discourages it.,"Management supports technology use through infrastructure, technical assistance, and innovation initiatives.","Practical training on responsible AI use, interpretation of SHAP outputs, and classroom application would be helpful.",The predictions were useful for identifying students who may require early academic support.,Yes. SHAP made the prediction process more transparent and easier to interpret.,The system may appear objective even when historical data contain unfair patterns.,"Provide role-based access, stronger privacy controls, and an audit trail for decisions.",Original sample
2026/06/29 11:22:20 AM GMT,Female,30-39,Building Technology,Assistant Lecturer,Less than 5 years,Less than 50,Very High,Moderate,4 - Agree,5 - Strongly Agree,5 - Strongly Agree,3 - Neutral,5 - Strongly Agree,3 - Neutral,4 - Agree,5 - Strongly Agree,4 - Agree,4 - Agree,4 - Agree,3 - Neutral,4 - Agree,3 - Neutral,4 - Agree,2 - Disagree,3 - Neutral,4 - Agree,4 - Agree,5 - Strongly Agree,3 - Neutral,5 - Strongly Agree,4 - Agree,4 - Agree,4 - Agree,5 - Strongly Agree,3 - Neutral,5 - Strongly Agree,3 - Neutral,2 - Disagree,3 - Neutral,5 - Strongly Agree,5 - Strongly Agree,4 - Agree,4 - Agree,5 - Strongly Agree,3 - Neutral,4 - Agree,4 - Agree,5 - Strongly Agree,3 - Neutral,4 - Agree,3 - Neutral,4 - Agree,3 - Neutral,5 - Strongly Agree,"Trust increased moderately, although I would still confirm recommendations with my professional judgement.","The clear identification of attendance, assessment scores, and participation patterns supported decision-making.","Yes, especially when my knowledge of the student's personal circumstances contradicted the recommendation.",I am encouraged when AI complements rather than replaces professional judgement.,"The institution provides computer laboratories and technical support, but access and connectivity can be improved.","Hands-on workshops on AI ethics, bias detection, data privacy, and decision-support tools are needed.","They were useful for screening, but should not be used as the only basis for a decision.","Yes, especially when the dashboard displayed both supporting and opposing factors.",I am concerned about overreliance on predictions and limited opportunities for students to challenge decisions.,"Include recent student progress, lecturer observations, and contextual factors in the model.",Original sample
2026/06/29 2:23:17 PM GMT,Male,50 and above,Pharmaceutical Sciences,Professor,More than 15 years,50-100,Low,Moderate,2 - Disagree,3 - Neutral,2 - Disagree,3 - Neutral,3 - Neutral,4 - Agree,4 - Agree,3 - Neutral,3 - Neutral,3 - Neutral,3 - Neutral,4 - Agree,2 - Disagree,3 - Neutral,4 - Agree,4 - Agree,3 - Neutral,3 - Neutral,3 - Neutral,3 - Neutral,5 - Strongly Agree,2 - Disagree,2 - Disagree,3 - Neutral,3 - Neutral,4 - Agree,2 - Disagree,1 - Strongly Disagree,3 - Neutral,2 - Disagree,3 - Neutral,3 - Neutral,3 - Neutral,3 - Neutral,4 - Agree,4 - Agree,2 - Disagree,3 - Neutral,3 - Neutral,2 - Disagree,3 - Neutral,3 - Neutral,2 - Disagree,2 - Disagree,3 - Neutral,2 - Disagree,"My trust improved, but only when the explanation was clear and supported by accurate student data.","The clear identification of attendance, assessment scores, and participation patterns supported decision-making.","Yes, especially when my knowledge of the student's personal circumstances contradicted the recommendation.","Reliable predictions and transparency encourage me, while bias, poor connectivity, and inaccurate data discourage me.","The institution provides computer laboratories and technical support, but access and connectivity can be improved.",Scenario-based training using real classroom cases would improve confidence.,The predictions were useful for identifying students who may require early academic support.,Yes. The explanations clarified how each student factor contributed to the final prediction.,The system may appear objective even when historical data contain unfair patterns.,Pilot the framework across multiple departments and retrain it regularly with representative institutional data.,Original sample
2026/06/29 5:06:37 PM GMT,Male,50 and above,Mechanical Engineering,Senior Lecturer,11-15 years,101-200,Moderate,Moderate,2 - Disagree,4 - Agree,2 - Disagree,5 - Strongly Agree,4 - Agree,4 - Agree,4 - Agree,4 - Agree,3 - Neutral,4 - Agree,5 - Strongly Agree,3 - Neutral,3 - Neutral,3 - Neutral,4 - Agree,3 - Neutral,3 - Neutral,4 - Agree,3 - Neutral,4 - Agree,3 - Neutral,4 - Agree,4 - Agree,3 - Neutral,3 - Neutral,3 - Neutral,3 - Neutral,4 - Agree,2 - Disagree,3 - Neutral,3 - Neutral,3 - Neutral,4 - Agree,3 - Neutral,5 - Strongly Agree,4 - Agree,3 - Neutral,4 - Agree,3 - Neutral,4 - Agree,4 - Agree,5 - Strongly Agree,3 - Neutral,3 - Neutral,4 - Agree,3 - Neutral,"My trust improved, but only when the explanation was clear and supported by accurate student data.",The concise dashboard and explanation of individual predictions were helpful.,"No major disagreement occurred, but I would still review the evidence before acting.","Poor infrastructure, limited training, and unexplained recommendations would discourage collaboration.",Current support is moderate and mainly focuses on general educational technology rather than AI.,"Regular workshops on data preparation, dashboard use, and responsible intervention planning would be useful.",The results provided an early warning that could guide further investigation.,"They improved my understanding, although some technical terms required further explanation.",The system may appear objective even when historical data contain unfair patterns.,Pilot the framework across multiple departments and retrain it regularly with representative institutional data.,Original sample
2026/06/29 6:43:21 PM GMT,Male,30-39,Faculty of Applied Sciences,Lecturer,5-10 years,101-200,Very High,Very High,3 - Neutral,2 - Disagree,3 - Neutral,2 - Disagree,4 - Agree,3 - Neutral,3 - Neutral,4 - Agree,4 - Agree,3 - Neutral,3 - Neutral,5 - Strongly Agree,3 - Neutral,3 - Neutral,3 - Neutral,4 - Agree,4 - Agree,3 - Neutral,4 - Agree,3 - Neutral,3 - Neutral,4 - Agree,3 - Neutral,4 - Agree,4 - Agree,5 - Strongly Agree,1 - Strongly Disagree,2 - Disagree,3 - Neutral,3 - Neutral,2 - Disagree,4 - Agree,3 - Neutral,5 - Strongly Agree,3 - Neutral,5 - Strongly Agree,4 - Agree,3 - Neutral,4 - Agree,2 - Disagree,4 - Agree,3 - Neutral,3 - Neutral,3 - Neutral,3 - Neutral,3 - Neutral,They improved my confidence when the highlighted factors matched what I knew about the student.,The comparison of positive and negative contributing factors was most useful.,"Yes, especially when my knowledge of the student's personal circumstances contradicted the recommendation.","Reliable predictions and transparency encourage me, while bias, poor connectivity, and inaccurate data discourage me.","The institution provides LMS platforms, internet access, and occasional digital teaching workshops.","Regular workshops on data preparation, dashboard use, and responsible intervention planning would be useful.",The predictions were useful for identifying students who may require early academic support.,"Somewhat. The visual explanation was helpful, but additional contextual guidance would improve understanding.","I am concerned about biased training data, unequal treatment of students, and insufficient transparency.",Pilot the framework across multiple departments and retrain it regularly with representative institutional data.,Original sample
2026/06/30 7:10:27 AM GMT,Female,30-39,Building Technology,Senior Lecturer,5-10 years,101-200,High,Low,3 - Neutral,4 - Agree,2 - Disagree,3 - Neutral,5 - Strongly Agree,4 - Agree,4 - Agree,5 - Strongly Agree,3 - Neutral,5 - Strongly Agree,4 - Agree,4 - Agree,3 - Neutral,3 - Neutral,5 - Strongly Agree,3 - Neutral,4 - Agree,3 - Neutral,4 - Agree,5 - Strongly Agree,3 - Neutral,4 - Agree,5 - Strongly Agree,3 - Neutral,5 - Strongly Agree,4 - Agree,3 - Neutral,4 - Agree,3 - Neutral,3 - Neutral,2 - Disagree,3 - Neutral,4 - Agree,5 - Strongly Agree,4 - Agree,4 - Agree,4 - Agree,5 - Strongly Agree,3 - Neutral,3 - Neutral,3 - Neutral,3 - Neutral,3 - Neutral,2 - Disagree,4 - Agree,2 - Disagree,The explanations made the recommendations less like a black box and easier to assess.,The comparison of positive and negative contributing factors was most useful.,Yes. Some recommendations appeared too dependent on historical assessment scores.,"Reliable predictions and transparency encourage me, while bias, poor connectivity, and inaccurate data discourage me.",Current support is moderate and mainly focuses on general educational technology rather than AI.,"Training should cover basic AI literacy, model limitations, and how to interpret prediction explanations.",They were helpful in identifying patterns that may not be immediately visible in routine classroom monitoring.,"Somewhat. The visual explanation was helpful, but additional contextual guidance would improve understanding.","I am concerned about biased training data, unequal treatment of students, and insufficient transparency.","The framework should include fairness monitoring, data-quality checks, and regular model validation.",Original sample
2026/06/30 7:42:35 AM GMT,Male,40-49,Accounting and Finance,Senior Lecturer,5-10 years,50-100,Very High,Moderate,3 - Neutral,3 - Neutral,3 - Neutral,4 - Agree,3 - Neutral,3 - Neutral,4 - Agree,3 - Neutral,4 - Agree,4 - Agree,5 - Strongly Agree,3 - Neutral,4 - Agree,2 - Disagree,2 - Disagree,3 - Neutral,4 - Agree,3 - Neutral,3 - Neutral,5 - Strongly Agree,3 - Neutral,4 - Agree,4 - Agree,3 - Neutral,2 - Disagree,3 - Neutral,3 - Neutral,2 - Disagree,3 - Neutral,2 - Disagree,2 - Disagree,4 - Agree,5 - Strongly Agree,3 - Neutral,4 - Agree,4 - Agree,2 - Disagree,3 - Neutral,3 - Neutral,1 - Strongly Disagree,2 - Disagree,3 - Neutral,4 - Agree,2 - Disagree,2 - Disagree,3 - Neutral,The explanations increased our confidence by showing the main factors behind each recommendation.,The concise dashboard and explanation of individual predictions were helpful.,Occasionally. I relied on professional judgement when the available data were incomplete.,"Evidence of fairness, privacy protection, and consistent performance would encourage collaboration.",Current support is moderate and mainly focuses on general educational technology rather than AI.,"Training should cover basic AI literacy, model limitations, and how to interpret prediction explanations.",They were moderately useful and would be stronger when combined with current lecturer observations.,"They improved my understanding, although some technical terms required further explanation.",There should be clear accountability when an AI-supported recommendation negatively affects a student.,"Include recent student progress, lecturer observations, and contextual factors in the model.",Original sample
2026/06/30 8:06:03 AM GMT,Male,30-39,Chemical Engineering & Technology,Associate Professor,5-10 years,Less than 50,Very High,High,5 - Strongly Agree,3 - Neutral,4 - Agree,3 - Neutral,4 - Agree,4 - Agree,3 - Neutral,3 - Neutral,4 - Agree,5 - Strongly Agree,4 - Agree,4 - Agree,4 - Agree,4 - Agree,5 - Strongly Agree,5 - Strongly Agree,5 - Strongly Agree,3 - Neutral,4 - Agree,4 - Agree,3 - Neutral,4 - Agree,5 - Strongly Agree,4 - Agree,4 - Agree,3 - Neutral,5 - Strongly Agree,3 - Neutral,3 - Neutral,3 - Neutral,3 - Neutral,3 - Neutral,4 - Agree,4 - Agree,5 - Strongly Agree,5 - Strongly Agree,4 - Agree,4 - Agree,4 - Agree,4 - Agree,3 - Neutral,3 - Neutral,3 - Neutral,4 - Agree,2 - Disagree,4 - Agree,They improved trust because the important features influencing the prediction were visible.,Feature importance and the direction of each factor helped me understand the recommendation.,"No major disagreement occurred, but I would still review the evidence before acting.","Reliable predictions and transparency encourage me, while bias, poor connectivity, and inaccurate data discourage me.",The institution encourages digital learning but formal AI policies and training are still developing.,"Hands-on workshops on AI ethics, bias detection, data privacy, and decision-support tools are needed.",They were helpful in identifying patterns that may not be immediately visible in routine classroom monitoring.,Yes. SHAP made the prediction process more transparent and easier to interpret.,"My main concerns are data privacy, inaccurate records, and possible bias against particular student groups.",Pilot the framework across multiple departments and retrain it regularly with representative institutional data.,Original sample
2026/06/30 9:47:48 AM GMT,Female,30-39,Building Technology,Lecturer,5-10 years,101-200,Very High,Low,4 - Agree,3 - Neutral,2 - Disagree,4 - Agree,4 - Agree,3 - Neutral,3 - Neutral,4 - Agree,4 - Agree,4 - Agree,4 - Agree,3 - Neutral,2 - Disagree,3 - Neutral,4 - Agree,3 - Neutral,4 - Agree,3 - Neutral,4 - Agree,4 - Agree,5 - Strongly Agree,5 - Strongly Agree,3 - Neutral,4 - Agree,3 - Neutral,5 - Strongly Agree,3 - Neutral,4 - Agree,3 - Neutral,3 - Neutral,1 - Strongly Disagree,4 - Agree,4 - Agree,4 - Agree,4 - Agree,5 - Strongly Agree,4 - Agree,4 - Agree,5 - Strongly Agree,4 - Agree,4 - Agree,4 - Agree,4 - Agree,3 - Neutral,2 - Disagree,3 - Neutral,They improved trust because the important features influencing the prediction were visible.,The comparison of positive and negative contributing factors was most useful.,"Sometimes, particularly when the prediction did not reflect classroom participation and recent progress.","Poor infrastructure, limited training, and unexplained recommendations would discourage collaboration.","Support exists through ICT services and staff development programmes, although more AI-specific training is needed.","Hands-on workshops on AI ethics, bias detection, data privacy, and decision-support tools are needed.",The results provided an early warning that could guide further investigation.,"Yes, especially when the dashboard displayed both supporting and opposing factors.","I am concerned about biased training data, unequal treatment of students, and insufficient transparency.",Pilot the framework across multiple departments and retrain it regularly with representative institutional data.,Original sample
2026/06/30 9:59:52 AM GMT,Female,50 and above,Liberal Studies,Associate Professor,11-15 years,101-200,High,High,4 - Agree,4 - Agree,5 - Strongly Agree,4 - Agree,4 - Agree,3 - Neutral,4 - Agree,3 - Neutral,4 - Agree,4 - Agree,4 - Agree,5 - Strongly Agree,4 - Agree,2 - Disagree,2 - Disagree,4 - Agree,4 - Agree,5 - Strongly Agree,4 - Agree,4 - Agree,5 - Strongly Agree,5 - Strongly Agree,5 - Strongly Agree,4 - Agree,5 - Strongly Agree,5 - Strongly Agree,3 - Neutral,3 - Neutral,3 - Neutral,3 - Neutral,4 - Agree,5 - Strongly Agree,4 - Agree,5 - Strongly Agree,5 - Strongly Agree,4 - Agree,4 - Agree,5 - Strongly Agree,5 - Strongly Agree,3 - Neutral,4 - Agree,4 - Agree,3 - Neutral,4 - Agree,2 - Disagree,3 - Neutral,They improved my confidence when the highlighted factors matched what I knew about the student.,The visual summary showing why a student was classified as at risk was most useful.,Yes. I disagreed when the model overlooked recent improvements that were not yet captured in the data.,"Accuracy, clear explanations, data quality, institutional support, and respect for teacher judgement encourage collaboration.","The institution provides computer laboratories and technical support, but access and connectivity can be improved.","Training on fairness, transparency, privacy, and combining AI evidence with professional judgement is required.",They were moderately useful and would be stronger when combined with current lecturer observations.,Yes. SHAP made the prediction process more transparent and easier to interpret.,There should be clear accountability when an AI-supported recommendation negatively affects a student.,"Improve the dashboard, include clearer local explanations, and allow lecturers to provide feedback on recommendations.",Original sample
2026/06/30 12:01:44 PM GMT,Male,30-39,Management Studies,Assistant Lecturer,5-10 years,50-100,Moderate,High,3 - Neutral,3 - Neutral,3 - Neutral,3 - Neutral,4 - Agree,4 - Agree,3 - Neutral,4 - Agree,3 - Neutral,3 - Neutral,3 - Neutral,1 - Strongly Disagree,2 - Disagree,4 - Agree,3 - Neutral,2 - Disagree,3 - Neutral,3 - Neutral,3 - Neutral,2 - Disagree,3 - Neutral,3 - Neutral,3 - Neutral,2 - Disagree,3 - Neutral,2 - Disagree,2 - Disagree,3 - Neutral,2 - Disagree,1 - Strongly Disagree,3 - Neutral,4 - Agree,5 - Strongly Agree,4 - Agree,3 - Neutral,4 - Agree,4 - Agree,3 - Neutral,3 - Neutral,2 - Disagree,4 - Agree,4 - Agree,4 - Agree,2 - Disagree,3 - Neutral,2 - Disagree,They improved my confidence when the highlighted factors matched what I knew about the student.,The ranking of the most influential student factors was the most useful aspect.,Yes. I disagreed when the model overlooked recent improvements that were not yet captured in the data.,"Reliable predictions and transparency encourage me, while bias, poor connectivity, and inaccurate data discourage me.","The institution provides computer laboratories and technical support, but access and connectivity can be improved.","Regular workshops on data preparation, dashboard use, and responsible intervention planning would be useful.",The results provided an early warning that could guide further investigation.,"They improved my understanding, although some technical terms required further explanation.",The system may appear objective even when historical data contain unfair patterns.,"Add confidence scores, simple language summaries, and links to the evidence supporting each prediction.",Original sample
2026/06/30 12:23:35 PM GMT,Female,40-49,Electrical and Electronic Engineering,Lecturer,11-15 years,50-100,Moderate,Very High,5 - Strongly Agree,3 - Neutral,5 - Strongly Agree,4 - Agree,4 - Agree,5 - Strongly Agree,5 - Strongly Agree,5 - Strongly Agree,5 - Strongly Agree,5 - Strongly Agree,5 - Strongly Agree,4 - Agree,4 - Agree,4 - Agree,4 - Agree,4 - Agree,4 - Agree,4 - Agree,5 - Strongly Agree,5 - Strongly Agree,4 - Agree,5 - Strongly Agree,4 - Agree,4 - Agree,5 - Strongly Agree,5 - Strongly Agree,3 - Neutral,4 - Agree,3 - Neutral,4 - Agree,4 - Agree,5 - Strongly Agree,5 - Strongly Agree,5 - Strongly Agree,5 - Strongly Agree,5 - Strongly Agree,5 - Strongly Agree,4 - Agree,5 - Strongly Agree,5 - Strongly Agree,5 - Strongly Agree,5 - Strongly Agree,4 - Agree,5 - Strongly Agree,5 - Strongly Agree,4 - Agree,The explanations made the recommendations less like a black box and easier to assess.,The comparison of positive and negative contributing factors was most useful.,Yes. Some recommendations appeared too dependent on historical assessment scores.,"Accuracy, clear explanations, data quality, institutional support, and respect for teacher judgement encourage collaboration.","Management supports technology use through infrastructure, technical assistance, and innovation initiatives.","Hands-on workshops on AI ethics, bias detection, data privacy, and decision-support tools are needed.",The predictions helped prioritise students for follow-up and intervention planning.,"To a large extent, because I could see why the model reached a particular outcome.","My main concerns are data privacy, inaccurate records, and possible bias against particular student groups.","Add confidence scores, simple language summaries, and links to the evidence supporting each prediction.",Original sample
2026/06/30 12:39:46 PM GMT,Female,40-49,Faculty of Applied Sciences,Lecturer,5-10 years,50-100,High,Moderate,4 - Agree,4 - Agree,5 - Strongly Agree,5 - Strongly Agree,5 - Strongly Agree,5 - Strongly Agree,3 - Neutral,5 - Strongly Agree,4 - Agree,3 - Neutral,4 - Agree,3 - Neutral,4 - Agree,5 - Strongly Agree,5 - Strongly Agree,4 - Agree,4 - Agree,4 - Agree,5 - Strongly Agree,4 - Agree,4 - Agree,4 - Agree,5 - Strongly Agree,5 - Strongly Agree,3 - Neutral,5 - Strongly Agree,4 - Agree,5 - Strongly Agree,4 - Agree,3 - Neutral,2 - Disagree,4 - Agree,5 - Strongly Agree,5 - Strongly Agree,5 - Strongly Agree,5 - Strongly Agree,4 - Agree,4 - Agree,4 - Agree,4 - Agree,5 - Strongly Agree,3 - Neutral,4 - Agree,4 - Agree,4 - Agree,4 - Agree,They improved trust because the important features influencing the prediction were visible.,Feature importance and the direction of each factor helped me understand the recommendation.,Occasionally. I relied on professional judgement when the available data were incomplete.,"Evidence of fairness, privacy protection, and consistent performance would encourage collaboration.","The institution provides LMS platforms, internet access, and occasional digital teaching workshops.","Regular workshops on data preparation, dashboard use, and responsible intervention planning would be useful.","They were useful for screening, but should not be used as the only basis for a decision.",Yes. The explanations clarified how each student factor contributed to the final prediction.,"I am concerned about biased training data, unequal treatment of students, and insufficient transparency.","Include recent student progress, lecturer observations, and contextual factors in the model.",Original sample
2026/06/30 1:35:54 PM GMT,Male,40-49,Pharmaceutical Sciences,Senior Lecturer,More than 15 years,101-200,High,Moderate,5 - Strongly Agree,4 - Agree,3 - Neutral,3 - Neutral,3 - Neutral,4 - Agree,3 - Neutral,4 - Agree,3 - Neutral,4 - Agree,3 - Neutral,4 - Agree,3 - Neutral,4 - Agree,4 - Agree,4 - Agree,4 - Agree,3 - Neutral,3 - Neutral,3 - Neutral,3 - Neutral,2 - Disagree,2 - Disagree,3 - Neutral,3 - Neutral,4 - Agree,4 - Agree,2 - Disagree,2 - Disagree,3 - Neutral,2 - Disagree,3 - Neutral,3 - Neutral,4 - Agree,3 - Neutral,4 - Agree,3 - Neutral,2 - Disagree,4 - Agree,2 - Disagree,3 - Neutral,3 - Neutral,1 - Strongly Disagree,3 - Neutral,3 - Neutral,3 - Neutral,The explanations made the recommendations less like a black box and easier to assess.,The comparison of positive and negative contributing factors was most useful.,Yes. Some recommendations appeared too dependent on historical assessment scores.,"Accuracy, clear explanations, data quality, institutional support, and respect for teacher judgement encourage collaboration.","The institution provides LMS platforms, internet access, and occasional digital teaching workshops.","Hands-on workshops on AI ethics, bias detection, data privacy, and decision-support tools are needed.",The predictions helped prioritise students for follow-up and intervention planning.,"Yes, especially when the dashboard displayed both supporting and opposing factors.",I am concerned about overreliance on predictions and limited opportunities for students to challenge decisions.,"Provide role-based access, stronger privacy controls, and an audit trail for decisions.",Original sample
2026/06/30 1:47:04 PM GMT,Male,40-49,Computer Science,Lecturer,5-10 years,50-100,High,Very High,4 - Agree,4 - Agree,4 - Agree,4 - Agree,4 - Agree,3 - Neutral,3 - Neutral,5 - Strongly Agree,3 - Neutral,5 - Strongly Agree,4 - Agree,5 - Strongly Agree,4 - Agree,3 - Neutral,5 - Strongly Agree,4 - Agree,5 - Strongly Agree,4 - Agree,3 - Neutral,3 - Neutral,5 - Strongly Agree,4 - Agree,2 - Disagree,5 - Strongly Agree,4 - Agree,4 - Agree,3 - Neutral,4 - Agree,4 - Agree,3 - Neutral,4 - Agree,5 - Strongly Agree,5 - Strongly Agree,5 - Strongly Agree,4 - Agree,4 - Agree,3 - Neutral,3 - Neutral,4 - Agree,5 - Strongly Agree,4 - Agree,5 - Strongly Agree,3 - Neutral,3 - Neutral,5 - Strongly Agree,3 - Neutral,The explanations increased our confidence by showing the main factors behind each recommendation.,"The clear identification of attendance, assessment scores, and participation patterns supported decision-making.","Sometimes, particularly when the prediction did not reflect classroom participation and recent progress.",Training and a user-friendly system encourage collaboration; lack of technical support discourages it.,"Support exists through ICT services and staff development programmes, although more AI-specific training is needed.","Hands-on workshops on AI ethics, bias detection, data privacy, and decision-support tools are needed.",The predictions helped prioritise students for follow-up and intervention planning.,"To a large extent, because I could see why the model reached a particular outcome.","Fairness should be tested across gender, programme, background, and other relevant student groups.","Add confidence scores, simple language summaries, and links to the evidence supporting each prediction.",Original sample
2026/06/30 2:35:49 PM GMT,Male,40-49,Computer Science,Lecturer,5-10 years,Above 200,High,Moderate,4 - Agree,4 - Agree,3 - Neutral,4 - Agree,4 - Agree,5 - Strongly Agree,4 - Agree,5 - Strongly Agree,5 - Strongly Agree,4 - Agree,4 - Agree,5 - Strongly Agree,5 - Strongly Agree,3 - Neutral,4 - Agree,4 - Agree,4 - Agree,5 - Strongly Agree,5 - Strongly Agree,4 - Agree,4 - Agree,5 - Strongly Agree,3 - Neutral,4 - Agree,3 - Neutral,3 - Neutral,4 - Agree,3 - Neutral,2 - Disagree,5 - Strongly Agree,4 - Agree,3 - Neutral,5 - Strongly Agree,5 - Strongly Agree,5 - Strongly Agree,5 - Strongly Agree,4 - Agree,3 - Neutral,3 - Neutral,4 - Agree,5 - Strongly Agree,4 - Agree,4 - Agree,4 - Agree,5 - Strongly Agree,4 - Agree,"Trust increased moderately, although I would still confirm recommendations with my professional judgement.",The concise dashboard and explanation of individual predictions were helpful.,Occasionally. I relied on professional judgement when the available data were incomplete.,Training and a user-friendly system encourage collaboration; lack of technical support discourages it.,"The institution provides LMS platforms, internet access, and occasional digital teaching workshops.","Hands-on workshops on AI ethics, bias detection, data privacy, and decision-support tools are needed.","They were useful for screening, but should not be used as the only basis for a decision.","To a large extent, because I could see why the model reached a particular outcome.",I am concerned about overreliance on predictions and limited opportunities for students to challenge decisions.,"Provide role-based access, stronger privacy controls, and an audit trail for decisions.",Original sample
2026/06/30 2:56:13 PM GMT,Male,30-39,Pharmaceutical Sciences,Lecturer,5-10 years,Above 200,Very High,Moderate,4 - Agree,3 - Neutral,4 - Agree,4 - Agree,5 - Strongly Agree,3 - Neutral,3 - Neutral,5 - Strongly Agree,3 - Neutral,3 - Neutral,4 - Agree,3 - Neutral,4 - Agree,3 - Neutral,4 - Agree,5 - Strongly Agree,3 - Neutral,5 - Strongly Agree,3 - Neutral,5 - Strongly Agree,3 - Neutral,5 - Strongly Agree,3 - Neutral,4 - Agree,4 - Agree,2 - Disagree,4 - Agree,4 - Agree,4 - Agree,3 - Neutral,5 - Strongly Agree,4 - Agree,4 - Agree,5 - Strongly Agree,4 - Agree,4 - Agree,5 - Strongly Agree,4 - Agree,4 - Agree,4 - Agree,5 - Strongly Agree,5 - Strongly Agree,4 - Agree,4 - Agree,3 - Neutral,5 - Strongly Agree,"Trust increased moderately, although I would still confirm recommendations with my professional judgement.",The ranking of the most influential student factors was the most useful aspect.,Yes. I disagreed when the model overlooked recent improvements that were not yet captured in the data.,I am encouraged when AI complements rather than replaces professional judgement.,Current support is moderate and mainly focuses on general educational technology rather than AI.,"Hands-on workshops on AI ethics, bias detection, data privacy, and decision-support tools are needed.",The predictions helped prioritise students for follow-up and intervention planning.,"To a large extent, because I could see why the model reached a particular outcome.","My main concerns are data privacy, inaccurate records, and possible bias against particular student groups.","Add confidence scores, simple language summaries, and links to the evidence supporting each prediction.",Original sample
2026/06/30 2:59:10 PM GMT,Male,50 and above,Building Technology,Senior Lecturer,More than 15 years,Less than 50,Moderate,Very High,5 - Strongly Agree,4 - Agree,5 - Strongly Agree,3 - Neutral,5 - Strongly Agree,5 - Strongly Agree,4 - Agree,5 - Strongly Agree,5 - Strongly Agree,4 - Agree,4 - Agree,5 - Strongly Agree,4 - Agree,5 - Strongly Agree,3 - Neutral,5 - Strongly Agree,4 - Agree,5 - Strongly Agree,5 - Strongly Agree,5 - Strongly Agree,5 - Strongly Agree,4 - Agree,5 - Strongly Agree,4 - Agree,4 - Agree,4 - Agree,4 - Agree,4 - Agree,4 - Agree,4 - Agree,5 - Strongly Agree,5 - Strongly Agree,5 - Strongly Agree,5 - Strongly Agree,5 - Strongly Agree,5 - Strongly Agree,5 - Strongly Agree,4 - Agree,5 - Strongly Agree,4 - Agree,2 - Disagree,4 - Agree,4 - Agree,4 - Agree,4 - Agree,3 - Neutral,"Trust increased moderately, although I would still confirm recommendations with my professional judgement.","The clear identification of attendance, assessment scores, and participation patterns supported decision-making.",Yes. Some recommendations appeared too dependent on historical assessment scores.,I am encouraged when AI complements rather than replaces professional judgement.,Current support is moderate and mainly focuses on general educational technology rather than AI.,"Hands-on workshops on AI ethics, bias detection, data privacy, and decision-support tools are needed.",The predictions helped prioritise students for follow-up and intervention planning.,Yes. The explanations clarified how each student factor contributed to the final prediction.,"My main concerns are data privacy, inaccurate records, and possible bias against particular student groups.","Add confidence scores, simple language summaries, and links to the evidence supporting each prediction.",Original sample
2026/06/30 3:52:12 PM GMT,Male,30-39,Mechanical Engineering,Lecturer,5-10 years,50-100,High,Very High,5 - Strongly Agree,4 - Agree,4 - Agree,4 - Agree,4 - Agree,4 - Agree,4 - Agree,4 - Agree,5 - Strongly Agree,5 - Strongly Agree,4 - Agree,5 - Strongly Agree,5 - Strongly Agree,5 - Strongly Agree,5 - Strongly Agree,4 - Agree,4 - Agree,4 - Agree,5 - Strongly Agree,5 - Strongly Agree,4 - Agree,5 - Strongly Agree,5 - Strongly Agree,5 - Strongly Agree,4 - Agree,4 - Agree,4 - Agree,4 - Agree,4 - Agree,4 - Agree,3 - Neutral,5 - Strongly Agree,4 - Agree,5 - Strongly Agree,5 - Strongly Agree,3 - Neutral,3 - Neutral,5 - Strongly Agree,4 - Agree,5 - Strongly Agree,4 - Agree,5 - Strongly Agree,4 - Agree,2 - Disagree,5 - Strongly Agree,4 - Agree,They improved trust because the important features influencing the prediction were visible.,The comparison of positive and negative contributing factors was most useful.,Yes. I disagreed when the model overlooked recent improvements that were not yet captured in the data.,"Evidence of fairness, privacy protection, and consistent performance would encourage collaboration.","Management supports technology use through infrastructure, technical assistance, and innovation initiatives.","Practical training on responsible AI use, interpretation of SHAP outputs, and classroom application would be helpful.","They were useful for screening, but should not be used as the only basis for a decision.","Yes, especially when the dashboard displayed both supporting and opposing factors.",There should be clear accountability when an AI-supported recommendation negatively affects a student.,Pilot the framework across multiple departments and retrain it regularly with representative institutional data.,Original sample
2026/06/30 5:01:09 PM GMT,Female,50 and above,Chemical Engineering & Technology,Professor,11-15 years,50-100,Moderate,Very High,5 - Strongly Agree,4 - Agree,4 - Agree,5 - Strongly Agree,4 - Agree,5 - Strongly Agree,3 - Neutral,4 - Agree,5 - Strongly Agree,5 - Strongly Agree,4 - Agree,4 - Agree,5 - Strongly Agree,5 - Strongly Agree,5 - Strongly Agree,5 - Strongly Agree,5 - Strongly Agree,4 - Agree,5 - Strongly Agree,5 - Strongly Agree,4 - Agree,4 - Agree,4 - Agree,4 - Agree,4 - Agree,5 - Strongly Agree,3 - Neutral,2 - Disagree,5 - Strongly Agree,3 - Neutral,4 - Agree,5 - Strongly Agree,5 - Strongly Agree,4 - Agree,5 - Strongly Agree,5 - Strongly Agree,3 - Neutral,4 - Agree,4 - Agree,4 - Agree,4 - Agree,5 - Strongly Agree,4 - Agree,4 - Agree,4 - Agree,3 - Neutral,The explanations made the recommendations less like a black box and easier to assess.,The ranking of the most influential student factors was the most useful aspect.,Yes. Some recommendations appeared too dependent on historical assessment scores.,"Poor infrastructure, limited training, and unexplained recommendations would discourage collaboration.","Support exists through ICT services and staff development programmes, although more AI-specific training is needed.",Scenario-based training using real classroom cases would improve confidence.,The predictions were useful for identifying students who may require early academic support.,"To a large extent, because I could see why the model reached a particular outcome.",There should be clear accountability when an AI-supported recommendation negatively affects a student.,Pilot the framework across multiple departments and retrain it regularly with representative institutional data.,Original sample
2026/06/30 5:22:21 PM GMT,Male,50 and above,Liberal Studies,Senior Lecturer,5-10 years,101-200,Very High,Moderate,3 - Neutral,4 - Agree,4 - Agree,2 - Disagree,2 - Disagree,4 - Agree,4 - Agree,4 - Agree,3 - Neutral,5 - Strongly Agree,2 - Disagree,4 - Agree,2 - Disagree,3 - Neutral,4 - Agree,3 - Neutral,4 - Agree,4 - Agree,4 - Agree,3 - Neutral,4 - Agree,3 - Neutral,4 - Agree,2 - Disagree,2 - Disagree,3 - Neutral,3 - Neutral,3 - Neutral,2 - Disagree,2 - Disagree,2 - Disagree,5 - Strongly Agree,2 - Disagree,4 - Agree,3 - Neutral,5 - Strongly Agree,2 - Disagree,3 - Neutral,3 - Neutral,4 - Agree,3 - Neutral,3 - Neutral,5 - Strongly Agree,3 - Neutral,4 - Agree,3 - Neutral,They improved my confidence when the highlighted factors matched what I knew about the student.,The concise dashboard and explanation of individual predictions were helpful.,"Sometimes, particularly when the prediction did not reflect classroom participation and recent progress.",I am encouraged when AI complements rather than replaces professional judgement.,"The institution provides LMS platforms, internet access, and occasional digital teaching workshops.","Regular workshops on data preparation, dashboard use, and responsible intervention planning would be useful.",They were moderately useful and would be stronger when combined with current lecturer observations.,"Yes, especially when the dashboard displayed both supporting and opposing factors.",There should be clear accountability when an AI-supported recommendation negatively affects a student.,"Provide role-based access, stronger privacy controls, and an audit trail for decisions.",Original sample
2026/06/30 6:36:53 PM GMT,Male,30-39,Electrical and Electronic Engineering,Associate Professor,5-10 years,50-100,Very High,High,3 - Neutral,4 - Agree,4 - Agree,5 - Strongly Agree,3 - Neutral,4 - Agree,2 - Disagree,4 - Agree,4 - Agree,3 - Neutral,3 - Neutral,3 - Neutral,4 - Agree,3 - Neutral,3 - Neutral,3 - Neutral,2 - Disagree,4 - Agree,4 - Agree,5 - Strongly Agree,3 - Neutral,5 - Strongly Agree,5 - Strongly Agree,4 - Agree,3 - Neutral,2 - Disagree,3 - Neutral,2 - Disagree,3 - Neutral,3 - Neutral,3 - Neutral,3 - Neutral,4 - Agree,5 - Strongly Agree,5 - Strongly Agree,5 - Strongly Agree,4 - Agree,4 - Agree,2 - Disagree,3 - Neutral,3 - Neutral,4 - Agree,4 - Agree,4 - Agree,4 - Agree,3 - Neutral,They improved trust because the important features influencing the prediction were visible.,The visual summary showing why a student was classified as at risk was most useful.,"No major disagreement occurred, but I would still review the evidence before acting.","Reliable predictions and transparency encourage me, while bias, poor connectivity, and inaccurate data discourage me.","The institution provides LMS platforms, internet access, and occasional digital teaching workshops.","Training on fairness, transparency, privacy, and combining AI evidence with professional judgement is required.",The predictions helped prioritise students for follow-up and intervention planning.,"They improved my understanding, although some technical terms required further explanation.","My main concerns are data privacy, inaccurate records, and possible bias against particular student groups.","Improve the dashboard, include clearer local explanations, and allow lecturers to provide feedback on recommendations.",Original sample
2026/07/01 10:16:12 AM GMT,Male,30-39,Food Technology,Assistant Lecturer,Less than 5 years,50-100,Moderate,High,4 - Agree,3 - Neutral,3 - Neutral,3 - Neutral,5 - Strongly Agree,4 - Agree,4 - Agree,4 - Agree,4 - Agree,3 - Neutral,5 - Strongly Agree,4 - Agree,4 - Agree,5 - Strongly Agree,4 - Agree,4 - Agree,4 - Agree,4 - Agree,4 - Agree,4 - Agree,5 - Strongly Agree,4 - Agree,4 - Agree,4 - Agree,4 - Agree,4 - Agree,4 - Agree,4 - Agree,4 - Agree,4 - Agree,4 - Agree,5 - Strongly Agree,5 - Strongly Agree,5 - Strongly Agree,4 - Agree,4 - Agree,5 - Strongly Agree,3 - Neutral,3 - Neutral,5 - Strongly Agree,4 - Agree,5 - Strongly Agree,5 - Strongly Agree,3 - Neutral,4 - Agree,4 - Agree,They improved my confidence when the highlighted factors matched what I knew about the student.,The concise dashboard and explanation of individual predictions were helpful.,Occasionally. I relied on professional judgement when the available data were incomplete.,I am encouraged when AI complements rather than replaces professional judgement.,"The institution provides computer laboratories and technical support, but access and connectivity can be improved.","Hands-on workshops on AI ethics, bias detection, data privacy, and decision-support tools are needed.",The results provided an early warning that could guide further investigation.,"They improved my understanding, although some technical terms required further explanation.",The system may appear objective even when historical data contain unfair patterns.,"Include recent student progress, lecturer observations, and contextual factors in the model.",Original sample
2026/07/01 10:20:20 AM GMT,Female,50 and above,Liberal Studies,Associate Professor,More than 15 years,101-200,Low,Moderate,5 - Strongly Agree,5 - Strongly Agree,4 - Agree,4 - Agree,3 - Neutral,5 - Strongly Agree,4 - Agree,3 - Neutral,4 - Agree,5 - Strongly Agree,4 - Agree,5 - Strongly Agree,3 - Neutral,5 - Strongly Agree,4 - Agree,4 - Agree,4 - Agree,4 - Agree,3 - Neutral,5 - Strongly Agree,4 - Agree,4 - Agree,4 - Agree,2 - Disagree,5 - Strongly Agree,2 - Disagree,2 - Disagree,2 - Disagree,4 - Agree,4 - Agree,3 - Neutral,3 - Neutral,5 - Strongly Agree,4 - Agree,5 - Strongly Agree,5 - Strongly Agree,5 - Strongly Agree,3 - Neutral,4 - Agree,3 - Neutral,3 - Neutral,5 - Strongly Agree,5 - Strongly Agree,3 - Neutral,4 - Agree,4 - Agree,"My trust improved, but only when the explanation was clear and supported by accurate student data.",The concise dashboard and explanation of individual predictions were helpful.,"No major disagreement occurred, but I would still review the evidence before acting.","Poor infrastructure, limited training, and unexplained recommendations would discourage collaboration.","Support exists through ICT services and staff development programmes, although more AI-specific training is needed.","Hands-on workshops on AI ethics, bias detection, data privacy, and decision-support tools are needed.",They were helpful in identifying patterns that may not be immediately visible in routine classroom monitoring.,Yes. SHAP made the prediction process more transparent and easier to interpret.,"Fairness should be tested across gender, programme, background, and other relevant student groups.",Pilot the framework across multiple departments and retrain it regularly with representative institutional data.,Original sample
2026/07/01 10:59:44 AM GMT,Male,50 and above,Accounting and Finance,Associate Professor,More than 15 years,Less than 50,High,Moderate,3 - Neutral,3 - Neutral,3 - Neutral,5 - Strongly Agree,4 - Agree,5 - Strongly Agree,4 - Agree,3 - Neutral,5 - Strongly Agree,4 - Agree,4 - Agree,3 - Neutral,4 - Agree,3 - Neutral,4 - Agree,3 - Neutral,4 - Agree,4 - Agree,4 - Agree,5 - Strongly Agree,4 - Agree,3 - Neutral,3 - Neutral,4 - Agree,4 - Agree,4 - Agree,4 - Agree,3 - Neutral,3 - Neutral,3 - Neutral,4 - Agree,5 - Strongly Agree,3 - Neutral,4 - Agree,4 - Agree,4 - Agree,5 - Strongly Agree,4 - Agree,3 - Neutral,3 - Neutral,5 - Strongly Agree,3 - Neutral,3 - Neutral,3 - Neutral,3 - Neutral,3 - Neutral,"Trust increased moderately, although I would still confirm recommendations with my professional judgement.",Feature importance and the direction of each factor helped me understand the recommendation.,"No major disagreement occurred, but I would still review the evidence before acting.","Poor infrastructure, limited training, and unexplained recommendations would discourage collaboration.","The institution provides computer laboratories and technical support, but access and connectivity can be improved.","Training should cover basic AI literacy, model limitations, and how to interpret prediction explanations.",The results provided an early warning that could guide further investigation.,Yes. The explanations clarified how each student factor contributed to the final prediction.,"Fairness should be tested across gender, programme, background, and other relevant student groups.","Include recent student progress, lecturer observations, and contextual factors in the model.",Original sample
2026/07/01 1:09:14 PM GMT,Male,50 and above,Building Technology,Senior Lecturer,More than 15 years,Less than 50,Low,Moderate,5 - Strongly Agree,4 - Agree,5 - Strongly Agree,4 - Agree,4 - Agree,5 - Strongly Agree,3 - Neutral,4 - Agree,2 - Disagree,4 - Agree,5 - Strongly Agree,4 - Agree,4 - Agree,4 - Agree,4 - Agree,5 - Strongly Agree,5 - Strongly Agree,5 - Strongly Agree,4 - Agree,4 - Agree,3 - Neutral,4 - Agree,4 - Agree,4 - Agree,5 - Strongly Agree,4 - Agree,2 - Disagree,4 - Agree,2 - Disagree,5 - Strongly Agree,3 - Neutral,5 - Strongly Agree,5 - Strongly Agree,3 - Neutral,4 - Agree,5 - Strongly Agree,4 - Agree,3 - Neutral,5 - Strongly Agree,4 - Agree,5 - Strongly Agree,4 - Agree,3 - Neutral,4 - Agree,5 - Strongly Agree,3 - Neutral,The explanations increased our confidence by showing the main factors behind each recommendation.,The concise dashboard and explanation of individual predictions were helpful.,"No major disagreement occurred, but I would still review the evidence before acting.","Evidence of fairness, privacy protection, and consistent performance would encourage collaboration.",Current support is moderate and mainly focuses on general educational technology rather than AI.,"Training on fairness, transparency, privacy, and combining AI evidence with professional judgement is required.",They were moderately useful and would be stronger when combined with current lecturer observations.,"They improved my understanding, although some technical terms required further explanation.","I am concerned about biased training data, unequal treatment of students, and insufficient transparency.",Pilot the framework across multiple departments and retrain it regularly with representative institutional data.,Original sample
2026/07/01 2:50:40 PM GMT,Female,30-39,Electrical and Electronic Engineering,Assistant Lecturer,11-15 years,Less than 50,High,High,1 - Strongly Disagree,3 - Neutral,3 - Neutral,2 - Disagree,3 - Neutral,3 - Neutral,2 - Disagree,3 - Neutral,3 - Neutral,4 - Agree,4 - Agree,3 - Neutral,3 - Neutral,3 - Neutral,3 - Neutral,2 - Disagree,4 - Agree,5 - Strongly Agree,4 - Agree,3 - Neutral,3 - Neutral,4 - Agree,3 - Neutral,2 - Disagree,4 - Agree,3 - Neutral,3 - Neutral,2 - Disagree,3 - Neutral,3 - Neutral,2 - Disagree,5 - Strongly Agree,4 - Agree,3 - Neutral,4 - Agree,3 - Neutral,4 - Agree,2 - Disagree,4 - Agree,3 - Neutral,2 - Disagree,3 - Neutral,3 - Neutral,3 - Neutral,3 - Neutral,3 - Neutral,They improved trust because the important features influencing the prediction were visible.,The ranking of the most influential student factors was the most useful aspect.,"Sometimes, particularly when the prediction did not reflect classroom participation and recent progress.",I am encouraged when AI complements rather than replaces professional judgement.,"The institution provides LMS platforms, internet access, and occasional digital teaching workshops.","Training on fairness, transparency, privacy, and combining AI evidence with professional judgement is required.",The results provided an early warning that could guide further investigation.,"They improved my understanding, although some technical terms required further explanation.","My main concerns are data privacy, inaccurate records, and possible bias against particular student groups.","Provide role-based access, stronger privacy controls, and an audit trail for decisions.",Original sample
2026/07/01 6:45:55 PM GMT,Male,40-49,Computer Science,Lecturer,5-10 years,Less than 50,High,Low,4 - Agree,5 - Strongly Agree,4 - Agree,4 - Agree,4 - Agree,5 - Strongly Agree,5 - Strongly Agree,5 - Strongly Agree,5 - Strongly Agree,4 - Agree,4 - Agree,4 - Agree,5 - Strongly Agree,4 - Agree,5 - Strongly Agree,4 - Agree,5 - Strongly Agree,5 - Strongly Agree,4 - Agree,5 - Strongly Agree,5 - Strongly Agree,3 - Neutral,3 - Neutral,4 - Agree,3 - Neutral,5 - Strongly Agree,5 - Strongly Agree,5 - Strongly Agree,3 - Neutral,4 - Agree,4 - Agree,4 - Agree,4 - Agree,5 - Strongly Agree,4 - Agree,5 - Strongly Agree,5 - Strongly Agree,5 - Strongly Agree,4 - Agree,4 - Agree,4 - Agree,4 - Agree,4 - Agree,4 - Agree,3 - Neutral,5 - Strongly Agree,The explanations made the recommendations less like a black box and easier to assess.,Feature importance and the direction of each factor helped me understand the recommendation.,Occasionally. I relied on professional judgement when the available data were incomplete.,"Accuracy, clear explanations, data quality, institutional support, and respect for teacher judgement encourage collaboration.","Management supports technology use through infrastructure, technical assistance, and innovation initiatives.","Hands-on workshops on AI ethics, bias detection, data privacy, and decision-support tools are needed.","They were useful for screening, but should not be used as the only basis for a decision.",Yes. The explanations clarified how each student factor contributed to the final prediction.,"I am concerned about biased training data, unequal treatment of students, and insufficient transparency.",Pilot the framework across multiple departments and retrain it regularly with representative institutional data.,Original sample
2026/07/01 6:53:24 PM GMT,Male,40-49,Accounting and Finance,Senior Lecturer,5-10 years,101-200,High,Moderate,4 - Agree,3 - Neutral,4 - Agree,3 - Neutral,3 - Neutral,3 - Neutral,5 - Strongly Agree,3 - Neutral,4 - Agree,3 - Neutral,3 - Neutral,3 - Neutral,4 - Agree,3 - Neutral,4 - Agree,3 - Neutral,4 - Agree,3 - Neutral,2 - Disagree,3 - Neutral,5 - Strongly Agree,3 - Neutral,4 - Agree,4 - Agree,4 - Agree,3 - Neutral,2 - Disagree,4 - Agree,2 - Disagree,4 - Agree,3 - Neutral,3 - Neutral,4 - Agree,5 - Strongly Agree,5 - Strongly Agree,3 - Neutral,4 - Agree,3 - Neutral,4 - Agree,4 - Agree,4 - Agree,3 - Neutral,3 - Neutral,3 - Neutral,3 - Neutral,4 - Agree,The explanations made the recommendations less like a black box and easier to assess.,Feature importance and the direction of each factor helped me understand the recommendation.,"Sometimes, particularly when the prediction did not reflect classroom participation and recent progress.",Training and a user-friendly system encourage collaboration; lack of technical support discourages it.,"The institution provides computer laboratories and technical support, but access and connectivity can be improved.","Practical training on responsible AI use, interpretation of SHAP outputs, and classroom application would be helpful.",The predictions were useful for identifying students who may require early academic support.,Yes. SHAP made the prediction process more transparent and easier to interpret.,"I am concerned about biased training data, unequal treatment of students, and insufficient transparency.","Add confidence scores, simple language summaries, and links to the evidence supporting each prediction.",Original sample
2026/07/02 7:27:33 AM GMT,Male,30-39,Liberal Studies,Lecturer,11-15 years,101-200,Very High,Moderate,4 - Agree,3 - Neutral,4 - Agree,4 - Agree,4 - Agree,4 - Agree,4 - Agree,4 - Agree,5 - Strongly Agree,4 - Agree,3 - Neutral,4 - Agree,3 - Neutral,3 - Neutral,5 - Strongly Agree,4 - Agree,3 - Neutral,4 - Agree,3 - Neutral,4 - Agree,3 - Neutral,4 - Agree,3 - Neutral,3 - Neutral,4 - Agree,4 - Agree,4 - Agree,2 - Disagree,2 - Disagree,3 - Neutral,4 - Agree,5 - Strongly Agree,4 - Agree,5 - Strongly Agree,4 - Agree,5 - Strongly Agree,4 - Agree,4 - Agree,3 - Neutral,4 - Agree,2 - Disagree,2 - Disagree,3 - Neutral,4 - Agree,4 - Agree,4 - Agree,"Trust increased moderately, although I would still confirm recommendations with my professional judgement.",The visual summary showing why a student was classified as at risk was most useful.,Occasionally. I relied on professional judgement when the available data were incomplete.,"Accuracy, clear explanations, data quality, institutional support, and respect for teacher judgement encourage collaboration.",The institution encourages digital learning but formal AI policies and training are still developing.,"Training on fairness, transparency, privacy, and combining AI evidence with professional judgement is required.",The predictions were useful for identifying students who may require early academic support.,"To a large extent, because I could see why the model reached a particular outcome.",I am concerned about overreliance on predictions and limited opportunities for students to challenge decisions.,"Improve the dashboard, include clearer local explanations, and allow lecturers to provide feedback on recommendations.",Original sample
2026/07/02 10:04:37 AM GMT,Female,40-49,Food Technology,Professor,Less than 5 years,101-200,Moderate,Moderate,2 - Disagree,5 - Strongly Agree,3 - Neutral,3 - Neutral,3 - Neutral,4 - Agree,3 - Neutral,4 - Agree,4 - Agree,4 - Agree,3 - Neutral,4 - Agree,4 - Agree,4 - Agree,3 - Neutral,3 - Neutral,4 - Agree,3 - Neutral,4 - Agree,4 - Agree,3 - Neutral,3 - Neutral,3 - Neutral,4 - Agree,4 - Agree,3 - Neutral,2 - Disagree,2 - Disagree,3 - Neutral,3 - Neutral,2 - Disagree,5 - Strongly Agree,5 - Strongly Agree,3 - Neutral,4 - Agree,4 - Agree,3 - Neutral,4 - Agree,4 - Agree,2 - Disagree,3 - Neutral,4 - Agree,3 - Neutral,3 - Neutral,5 - Strongly Agree,4 - Agree,"Trust increased moderately, although I would still confirm recommendations with my professional judgement.","The clear identification of attendance, assessment scores, and participation patterns supported decision-making.",Occasionally. I relied on professional judgement when the available data were incomplete.,"Poor infrastructure, limited training, and unexplained recommendations would discourage collaboration.","The institution provides computer laboratories and technical support, but access and connectivity can be improved.","Regular workshops on data preparation, dashboard use, and responsible intervention planning would be useful.","They were useful for screening, but should not be used as the only basis for a decision.","They improved my understanding, although some technical terms required further explanation.",I am concerned about overreliance on predictions and limited opportunities for students to challenge decisions.,"Provide role-based access, stronger privacy controls, and an audit trail for decisions.",Original sample
2026/07/02 11:18:32 AM GMT,Female,40-49,Faculty of Applied Sciences,Lecturer,5-10 years,101-200,High,Moderate,5 - Strongly Agree,4 - Agree,3 - Neutral,4 - Agree,4 - Agree,5 - Strongly Agree,3 - Neutral,4 - Agree,3 - Neutral,4 - Agree,5 - Strongly Agree,4 - Agree,5 - Strongly Agree,5 - Strongly Agree,5 - Strongly Agree,4 - Agree,5 - Strongly Agree,3 - Neutral,3 - Neutral,5 - Strongly Agree,5 - Strongly Agree,5 - Strongly Agree,4 - Agree,5 - Strongly Agree,5 - Strongly Agree,4 - Agree,5 - Strongly Agree,4 - Agree,3 - Neutral,4 - Agree,4 - Agree,4 - Agree,4 - Agree,5 - Strongly Agree,5 - Strongly Agree,5 - Strongly Agree,5 - Strongly Agree,4 - Agree,4 - Agree,5 - Strongly Agree,5 - Strongly Agree,3 - Neutral,5 - Strongly Agree,4 - Agree,4 - Agree,4 - Agree,The explanations increased our confidence by showing the main factors behind each recommendation.,The ranking of the most influential student factors was the most useful aspect.,Yes. I disagreed when the model overlooked recent improvements that were not yet captured in the data.,"Accuracy, clear explanations, data quality, institutional support, and respect for teacher judgement encourage collaboration.","Support exists through ICT services and staff development programmes, although more AI-specific training is needed.","Regular workshops on data preparation, dashboard use, and responsible intervention planning would be useful.",The predictions helped prioritise students for follow-up and intervention planning.,"Yes, especially when the dashboard displayed both supporting and opposing factors.",There should be clear accountability when an AI-supported recommendation negatively affects a student.,"Add confidence scores, simple language summaries, and links to the evidence supporting each prediction.",Original sample
2026/07/02 12:31:05 PM GMT,Female,30-39,Electrical and Electronic Engineering,Lecturer,5-10 years,50-100,Very High,Very High,4 - Agree,3 - Neutral,2 - Disagree,3 - Neutral,3 - Neutral,5 - Strongly Agree,3 - Neutral,2 - Disagree,4 - Agree,3 - Neutral,5 - Strongly Agree,4 - Agree,4 - Agree,4 - Agree,4 - Agree,4 - Agree,4 - Agree,3 - Neutral,3 - Neutral,3 - Neutral,3 - Neutral,4 - Agree,4 - Agree,4 - Agree,5 - Strongly Agree,2 - Disagree,3 - Neutral,3 - Neutral,2 - Disagree,3 - Neutral,2 - Disagree,3 - Neutral,3 - Neutral,5 - Strongly Agree,4 - Agree,4 - Agree,4 - Agree,4 - Agree,4 - Agree,4 - Agree,3 - Neutral,5 - Strongly Agree,3 - Neutral,2 - Disagree,5 - Strongly Agree,3 - Neutral,The explanations made the recommendations less like a black box and easier to assess.,The ranking of the most influential student factors was the most useful aspect.,Occasionally. I relied on professional judgement when the available data were incomplete.,I am encouraged when AI complements rather than replaces professional judgement.,The institution encourages digital learning but formal AI policies and training are still developing.,"Practical training on responsible AI use, interpretation of SHAP outputs, and classroom application would be helpful.",The results provided an early warning that could guide further investigation.,Yes. SHAP made the prediction process more transparent and easier to interpret.,The system may appear objective even when historical data contain unfair patterns.,"The framework should include fairness monitoring, data-quality checks, and regular model validation.",Original sample
2026/07/02 1:29:19 PM GMT,Male,50 and above,Chemical Engineering & Technology ,Lecturer,More than 15 years,50-100,Very High,Moderate,4 - Agree,4 - Agree,4 - Agree,4 - Agree,4 - Agree,4 - Agree,4 - Agree,4 - Agree,4 - Agree,3 - Neutral,4 - Agree,4 - Agree,4 - Agree,4 - Agree,3 - Neutral,4 - Agree,4 - Agree,3 - Neutral,4 - Agree,3 - Neutral,4 - Agree,4 - Agree,4 - Agree,4 - Agree,3 - Neutral,3 - Neutral,4 - Agree,4 - Agree,4 - Agree,4 - Agree,4 - Agree,4 - Agree,2 - Disagree,5 - Strongly Agree,5 - Strongly Agree,5 - Strongly Agree,4 - Agree,3 - Neutral,4 - Agree,4 - Agree,4 - Agree,3 - Neutral,4 - Agree,4 - Agree,4 - Agree,4 - Agree,They improved my confidence when the highlighted factors matched what I knew about the student.,The concise dashboard and explanation of individual predictions were helpful.,"Sometimes, particularly when the prediction did not reflect classroom participation and recent progress.","Accuracy, clear explanations, data quality, institutional support, and respect for teacher judgement encourage collaboration.","Support exists through ICT services and staff development programmes, although more AI-specific training is needed.","Training should cover basic AI literacy, model limitations, and how to interpret prediction explanations.","They were useful for screening, but should not be used as the only basis for a decision.","Somewhat. The visual explanation was helpful, but additional contextual guidance would improve understanding.",The system may appear objective even when historical data contain unfair patterns.,"Include recent student progress, lecturer observations, and contextual factors in the model.",Original sample
2026/07/02 2:56:56 PM GMT,Female,30-39,Pharmaceutical Sciences ,Lecturer,5-10 years,101-200,High,Moderate,3 - Neutral,4 - Agree,3 - Neutral,4 - Agree,4 - Agree,3 - Neutral,3 - Neutral,4 - Agree,4 - Agree,4 - Agree,2 - Disagree,2 - Disagree,4 - Agree,4 - Agree,2 - Disagree,4 - Agree,3 - Neutral,3 - Neutral,4 - Agree,4 - Agree,4 - Agree,4 - Agree,4 - Agree,4 - Agree,4 - Agree,4 - Agree,3 - Neutral,2 - Disagree,4 - Agree,3 - Neutral,2 - Disagree,4 - Agree,4 - Agree,4 - Agree,4 - Agree,4 - Agree,4 - Agree,4 - Agree,4 - Agree,3 - Neutral,4 - Agree,4 - Agree,4 - Agree,4 - Agree,4 - Agree,3 - Neutral,"Trust increased moderately, although I would still confirm recommendations with my professional judgement.",The concise dashboard and explanation of individual predictions were helpful.,"Sometimes, particularly when the prediction did not reflect classroom participation and recent progress.","Poor infrastructure, limited training, and unexplained recommendations would discourage collaboration.","The institution provides computer laboratories and technical support, but access and connectivity can be improved.","Hands-on workshops on AI ethics, bias detection, data privacy, and decision-support tools are needed.",The results provided an early warning that could guide further investigation.,Yes. The explanations clarified how each student factor contributed to the final prediction.,"My main concerns are data privacy, inaccurate records, and possible bias against particular student groups.","Add confidence scores, simple language summaries, and links to the evidence supporting each prediction.",Original sample
2026/07/02 5:32:01 PM GMT,Male,50 and above,Chemical Engineering & Technology,Senior Lecturer,11-15 years,50-100,High,High,3 - Neutral,4 - Agree,4 - Agree,3 - Neutral,4 - Agree,3 - Neutral,3 - Neutral,4 - Agree,4 - Agree,5 - Strongly Agree,3 - Neutral,5 - Strongly Agree,4 - Agree,4 - Agree,3 - Neutral,5 - Strongly Agree,5 - Strongly Agree,5 - Strongly Agree,5 - Strongly Agree,4 - Agree,4 - Agree,3 - Neutral,5 - Strongly Agree,3 - Neutral,3 - Neutral,3 - Neutral,4 - Agree,4 - Agree,3 - Neutral,5 - Strongly Agree,3 - Neutral,5 - Strongly Agree,4 - Agree,5 - Strongly Agree,4 - Agree,4 - Agree,5 - Strongly Agree,3 - Neutral,4 - Agree,3 - Neutral,4 - Agree,5 - Strongly Agree,3 - Neutral,3 - Neutral,4 - Agree,3 - Neutral,"My trust improved, but only when the explanation was clear and supported by accurate student data.",The ranking of the most influential student factors was the most useful aspect.,"Yes, especially when my knowledge of the student's personal circumstances contradicted the recommendation.","Accuracy, clear explanations, data quality, institutional support, and respect for teacher judgement encourage collaboration.","Management supports technology use through infrastructure, technical assistance, and innovation initiatives.","Training on fairness, transparency, privacy, and combining AI evidence with professional judgement is required.",The results provided an early warning that could guide further investigation.,"Somewhat. The visual explanation was helpful, but additional contextual guidance would improve understanding.",The system may appear objective even when historical data contain unfair patterns.,"Add confidence scores, simple language summaries, and links to the evidence supporting each prediction.",Original sample
2026/07/02 6:17:01 PM GMT,Female,30-39,Food Technology,Lecturer,5-10 years,Above 200,Very High,Moderate,4 - Agree,4 - Agree,5 - Strongly Agree,5 - Strongly Agree,5 - Strongly Agree,5 - Strongly Agree,4 - Agree,4 - Agree,4 - Agree,5 - Strongly Agree,4 - Agree,4 - Agree,4 - Agree,4 - Agree,4 - Agree,5 - Strongly Agree,5 - Strongly Agree,3 - Neutral,3 - Neutral,4 - Agree,5 - Strongly Agree,5 - Strongly Agree,3 - Neutral,4 - Agree,4 - Agree,4 - Agree,4 - Agree,4 - Agree,3 - Neutral,3 - Neutral,2 - Disagree,5 - Strongly Agree,5 - Strongly Agree,5 - Strongly Agree,5 - Strongly Agree,5 - Strongly Agree,4 - Agree,3 - Neutral,3 - Neutral,5 - Strongly Agree,4 - Agree,4 - Agree,5 - Strongly Agree,5 - Strongly Agree,4 - Agree,4 - Agree,They improved trust because the important features influencing the prediction were visible.,The visual summary showing why a student was classified as at risk was most useful.,"No major disagreement occurred, but I would still review the evidence before acting.","Poor infrastructure, limited training, and unexplained recommendations would discourage collaboration.",Current support is moderate and mainly focuses on general educational technology rather than AI.,"Practical training on responsible AI use, interpretation of SHAP outputs, and classroom application would be helpful.","They were useful for screening, but should not be used as the only basis for a decision.","They improved my understanding, although some technical terms required further explanation.",The system may appear objective even when historical data contain unfair patterns.,"Improve the dashboard, include clearer local explanations, and allow lecturers to provide feedback on recommendations.",Original sample
2026/07/03 7:09:19 AM GMT,Female,40-49,Chemical Engineering & Technology,Senior Lecturer,11-15 years,101-200,High,High,5 - Strongly Agree,5 - Strongly Agree,5 - Strongly Agree,4 - Agree,5 - Strongly Agree,5 - Strongly Agree,4 - Agree,3 - Neutral,5 - Strongly Agree,3 - Neutral,3 - Neutral,4 - Agree,5 - Strongly Agree,4 - Agree,5 - Strongly Agree,5 - Strongly Agree,5 - Strongly Agree,4 - Agree,5 - Strongly Agree,5 - Strongly Agree,4 - Agree,3 - Neutral,4 - Agree,4 - Agree,5 - Strongly Agree,4 - Agree,4 - Agree,4 - Agree,4 - Agree,4 - Agree,4 - Agree,4 - Agree,5 - Strongly Agree,5 - Strongly Agree,5 - Strongly Agree,4 - Agree,4 - Agree,4 - Agree,4 - Agree,4 - Agree,4 - Agree,5 - Strongly Agree,4 - Agree,4 - Agree,5 - Strongly Agree,4 - Agree,The explanations increased our confidence by showing the main factors behind each recommendation.,Feature importance and the direction of each factor helped me understand the recommendation.,"No major disagreement occurred, but I would still review the evidence before acting.","Accuracy, clear explanations, data quality, institutional support, and respect for teacher judgement encourage collaboration.",Current support is moderate and mainly focuses on general educational technology rather than AI.,"Training should cover basic AI literacy, model limitations, and how to interpret prediction explanations.","They were useful for screening, but should not be used as the only basis for a decision.",Yes. SHAP made the prediction process more transparent and easier to interpret.,There should be clear accountability when an AI-supported recommendation negatively affects a student.,"Improve the dashboard, include clearer local explanations, and allow lecturers to provide feedback on recommendations.",Original sample
2026/07/03 7:36:20 AM GMT,Male,30-39,Hospitality and Tourism Management,Lecturer,More than 15 years,101-200,High,High,5 - Strongly Agree,4 - Agree,4 - Agree,5 - Strongly Agree,4 - Agree,5 - Strongly Agree,5 - Strongly Agree,5 - Strongly Agree,5 - Strongly Agree,4 - Agree,5 - Strongly Agree,4 - Agree,2 - Disagree,5 - Strongly Agree,4 - Agree,3 - Neutral,4 - Agree,3 - Neutral,5 - Strongly Agree,5 - Strongly Agree,4 - Agree,3 - Neutral,4 - Agree,4 - Agree,3 - Neutral,3 - Neutral,5 - Strongly Agree,4 - Agree,4 - Agree,4 - Agree,3 - Neutral,5 - Strongly Agree,5 - Strongly Agree,5 - Strongly Agree,4 - Agree,5 - Strongly Agree,5 - Strongly Agree,4 - Agree,2 - Disagree,3 - Neutral,3 - Neutral,3 - Neutral,4 - Agree,4 - Agree,5 - Strongly Agree,4 - Agree,They improved my confidence when the highlighted factors matched what I knew about the student.,"The clear identification of attendance, assessment scores, and participation patterns supported decision-making.",Yes. Some recommendations appeared too dependent on historical assessment scores.,"Poor infrastructure, limited training, and unexplained recommendations would discourage collaboration.","The institution provides LMS platforms, internet access, and occasional digital teaching workshops.",Scenario-based training using real classroom cases would improve confidence.,The predictions helped prioritise students for follow-up and intervention planning.,Yes. The explanations clarified how each student factor contributed to the final prediction.,I am concerned about overreliance on predictions and limited opportunities for students to challenge decisions.,"Provide role-based access, stronger privacy controls, and an audit trail for decisions.",Original sample
2026/07/03 9:09:12 AM GMT,Male,40-49,Mgt Studies ,Senior Lecturer,11-15 years,50-100,Moderate,Moderate,4 - Agree,4 - Agree,4 - Agree,4 - Agree,4 - Agree,3 - Neutral,3 - Neutral,3 - Neutral,3 - Neutral,3 - Neutral,3 - Neutral,3 - Neutral,4 - Agree,4 - Agree,4 - Agree,3 - Neutral,4 - Agree,3 - Neutral,4 - Agree,3 - Neutral,3 - Neutral,3 - Neutral,4 - Agree,4 - Agree,4 - Agree,4 - Agree,3 - Neutral,3 - Neutral,2 - Disagree,3 - Neutral,3 - Neutral,4 - Agree,4 - Agree,4 - Agree,4 - Agree,4 - Agree,3 - Neutral,3 - Neutral,3 - Neutral,3 - Neutral,3 - Neutral,3 - Neutral,3 - Neutral,3 - Neutral,3 - Neutral,3 - Neutral,The explanations increased our confidence by showing the main factors behind each recommendation.,The ranking of the most influential student factors was the most useful aspect.,Yes. Some recommendations appeared too dependent on historical assessment scores.,"Reliable predictions and transparency encourage me, while bias, poor connectivity, and inaccurate data discourage me.","Management supports technology use through infrastructure, technical assistance, and innovation initiatives.","Hands-on workshops on AI ethics, bias detection, data privacy, and decision-support tools are needed.",The predictions helped prioritise students for follow-up and intervention planning.,Yes. SHAP made the prediction process more transparent and easier to interpret.,There should be clear accountability when an AI-supported recommendation negatively affects a student.,"Improve the dashboard, include clearer local explanations, and allow lecturers to provide feedback on recommendations.",Original sample
2026/07/03 10:11:31 AM GMT,Female,30-39,Electrical and Electronic Engineering,Senior Lecturer,Less than 5 years,101-200,High,High,5 - Strongly Agree,5 - Strongly Agree,4 - Agree,3 - Neutral,3 - Neutral,4 - Agree,4 - Agree,3 - Neutral,5 - Strongly Agree,3 - Neutral,3 - Neutral,5 - Strongly Agree,4 - Agree,4 - Agree,4 - Agree,3 - Neutral,3 - Neutral,5 - Strongly Agree,2 - Disagree,3 - Neutral,4 - Agree,4 - Agree,4 - Agree,4 - Agree,3 - Neutral,4 - Agree,3 - Neutral,4 - Agree,3 - Neutral,3 - Neutral,3 - Neutral,5 - Strongly Agree,5 - Strongly Agree,5 - Strongly Agree,4 - Agree,4 - Agree,4 - Agree,3 - Neutral,2 - Disagree,3 - Neutral,4 - Agree,5 - Strongly Agree,4 - Agree,4 - Agree,5 - Strongly Agree,4 - Agree,The explanations made the recommendations less like a black box and easier to assess.,The visual summary showing why a student was classified as at risk was most useful.,"Yes, especially when my knowledge of the student's personal circumstances contradicted the recommendation.","Accuracy, clear explanations, data quality, institutional support, and respect for teacher judgement encourage collaboration.",Current support is moderate and mainly focuses on general educational technology rather than AI.,"Training should cover basic AI literacy, model limitations, and how to interpret prediction explanations.",They were helpful in identifying patterns that may not be immediately visible in routine classroom monitoring.,Yes. The explanations clarified how each student factor contributed to the final prediction.,There should be clear accountability when an AI-supported recommendation negatively affects a student.,"Provide role-based access, stronger privacy controls, and an audit trail for decisions.",Original sample
2026/07/03 10:19:30 AM GMT,Male,40-49,Liberal Studies,Senior Lecturer,More than 15 years,50-100,High,Low,5 - Strongly Agree,4 - Agree,4 - Agree,4 - Agree,5 - Strongly Agree,4 - Agree,3 - Neutral,4 - Agree,4 - Agree,3 - Neutral,4 - Agree,4 - Agree,4 - Agree,4 - Agree,3 - Neutral,4 - Agree,5 - Strongly Agree,4 - Agree,3 - Neutral,5 - Strongly Agree,5 - Strongly Agree,5 - Strongly Agree,4 - Agree,3 - Neutral,5 - Strongly Agree,4 - Agree,4 - Agree,4 - Agree,3 - Neutral,2 - Disagree,2 - Disagree,4 - Agree,5 - Strongly Agree,5 - Strongly Agree,5 - Strongly Agree,4 - Agree,4 - Agree,5 - Strongly Agree,5 - Strongly Agree,5 - Strongly Agree,5 - Strongly Agree,3 - Neutral,3 - Neutral,5 - Strongly Agree,3 - Neutral,5 - Strongly Agree,The explanations increased our confidence by showing the main factors behind each recommendation.,The concise dashboard and explanation of individual predictions were helpful.,Occasionally. I relied on professional judgement when the available data were incomplete.,"Evidence of fairness, privacy protection, and consistent performance would encourage collaboration.",The institution encourages digital learning but formal AI policies and training are still developing.,"Regular workshops on data preparation, dashboard use, and responsible intervention planning would be useful.",The results provided an early warning that could guide further investigation.,Yes. SHAP made the prediction process more transparent and easier to interpret.,The system may appear objective even when historical data contain unfair patterns.,"Add confidence scores, simple language summaries, and links to the evidence supporting each prediction.",Original sample
2026/07/03 10:26:24 AM GMT,Female,50 and above,Food Technology,Lecturer,5-10 years,50-100,High,Very High,4 - Agree,4 - Agree,4 - Agree,4 - Agree,4 - Agree,5 - Strongly Agree,4 - Agree,3 - Neutral,5 - Strongly Agree,5 - Strongly Agree,4 - Agree,4 - Agree,4 - Agree,4 - Agree,4 - Agree,4 - Agree,3 - Neutral,5 - Strongly Agree,3 - Neutral,4 - Agree,5 - Strongly Agree,5 - Strongly Agree,4 - Agree,3 - Neutral,4 - Agree,5 - Strongly Agree,4 - Agree,4 - Agree,3 - Neutral,3 - Neutral,4 - Agree,5 - Strongly Agree,5 - Strongly Agree,5 - Strongly Agree,5 - Strongly Agree,5 - Strongly Agree,5 - Strongly Agree,5 - Strongly Agree,3 - Neutral,4 - Agree,4 - Agree,4 - Agree,5 - Strongly Agree,4 - Agree,4 - Agree,4 - Agree,"My trust improved, but only when the explanation was clear and supported by accurate student data.",The visual summary showing why a student was classified as at risk was most useful.,"Yes, especially when my knowledge of the student's personal circumstances contradicted the recommendation.","Poor infrastructure, limited training, and unexplained recommendations would discourage collaboration.",Current support is moderate and mainly focuses on general educational technology rather than AI.,"Regular workshops on data preparation, dashboard use, and responsible intervention planning would be useful.",They were helpful in identifying patterns that may not be immediately visible in routine classroom monitoring.,"To a large extent, because I could see why the model reached a particular outcome.","Fairness should be tested across gender, programme, background, and other relevant student groups.","The framework should include fairness monitoring, data-quality checks, and regular model validation.",Original sample
2026/07/03 12:03:34 PM GMT,Male,40-49,Chemical Engineering & Technology,Senior Lecturer,More than 15 years,50-100,High,Very High,5 - Strongly Agree,4 - Agree,5 - Strongly Agree,3 - Neutral,5 - Strongly Agree,5 - Strongly Agree,4 - Agree,5 - Strongly Agree,5 - Strongly Agree,5 - Strongly Agree,4 - Agree,4 - Agree,4 - Agree,4 - Agree,4 - Agree,4 - Agree,4 - Agree,5 - Strongly Agree,5 - Strongly Agree,5 - Strongly Agree,5 - Strongly Agree,5 - Strongly Agree,5 - Strongly Agree,5 - Strongly Agree,5 - Strongly Agree,5 - Strongly Agree,4 - Agree,4 - Agree,3 - Neutral,4 - Agree,5 - Strongly Agree,5 - Strongly Agree,5 - Strongly Agree,5 - Strongly Agree,5 - Strongly Agree,5 - Strongly Agree,5 - Strongly Agree,5 - Strongly Agree,4 - Agree,4 - Agree,5 - Strongly Agree,4 - Agree,5 - Strongly Agree,5 - Strongly Agree,4 - Agree,5 - Strongly Agree,They improved trust because the important features influencing the prediction were visible.,The ranking of the most influential student factors was the most useful aspect.,Yes. Some recommendations appeared too dependent on historical assessment scores.,"Reliable predictions and transparency encourage me, while bias, poor connectivity, and inaccurate data discourage me.","Support exists through ICT services and staff development programmes, although more AI-specific training is needed.",Scenario-based training using real classroom cases would improve confidence.,They were moderately useful and would be stronger when combined with current lecturer observations.,Yes. SHAP made the prediction process more transparent and easier to interpret.,I am concerned about overreliance on predictions and limited opportunities for students to challenge decisions.,"Provide role-based access, stronger privacy controls, and an audit trail for decisions.",Original sample
2026/07/03 1:36:07 PM GMT,Female,30-39,Pharmaceutical Sciences,Lecturer,5-10 years,101-200,Very High,High,5 - Strongly Agree,5 - Strongly Agree,4 - Agree,5 - Strongly Agree,4 - Agree,4 - Agree,5 - Strongly Agree,3 - Neutral,5 - Strongly Agree,4 - Agree,5 - Strongly Agree,4 - Agree,4 - Agree,4 - Agree,4 - Agree,5 - Strongly Agree,4 - Agree,5 - Strongly Agree,5 - Strongly Agree,5 - Strongly Agree,5 - Strongly Agree,4 - Agree,4 - Agree,4 - Agree,5 - Strongly Agree,5 - Strongly Agree,3 - Neutral,4 - Agree,5 - Strongly Agree,5 - Strongly Agree,4 - Agree,5 - Strongly Agree,4 - Agree,3 - Neutral,3 - Neutral,5 - Strongly Agree,3 - Neutral,4 - Agree,4 - Agree,5 - Strongly Agree,4 - Agree,5 - Strongly Agree,4 - Agree,4 - Agree,3 - Neutral,4 - Agree,"Trust increased moderately, although I would still confirm recommendations with my professional judgement.",The visual summary showing why a student was classified as at risk was most useful.,"Sometimes, particularly when the prediction did not reflect classroom participation and recent progress.","Reliable predictions and transparency encourage me, while bias, poor connectivity, and inaccurate data discourage me.",The institution encourages digital learning but formal AI policies and training are still developing.,"Training should cover basic AI literacy, model limitations, and how to interpret prediction explanations.",The predictions helped prioritise students for follow-up and intervention planning.,"Yes, especially when the dashboard displayed both supporting and opposing factors.","Fairness should be tested across gender, programme, background, and other relevant student groups.","Include recent student progress, lecturer observations, and contextual factors in the model.",Original sample
2026/07/03 1:51:12 PM GMT,Male,50 and above,Pharmaceutical Sciences,Associate Professor,More than 15 years,101-200,High,Moderate,4 - Agree,3 - Neutral,4 - Agree,5 - Strongly Agree,3 - Neutral,4 - Agree,3 - Neutral,4 - Agree,5 - Strongly Agree,4 - Agree,3 - Neutral,3 - Neutral,5 - Strongly Agree,5 - Strongly Agree,4 - Agree,5 - Strongly Agree,5 - Strongly Agree,4 - Agree,3 - Neutral,4 - Agree,4 - Agree,4 - Agree,4 - Agree,4 - Agree,4 - Agree,2 - Disagree,3 - Neutral,4 - Agree,2 - Disagree,3 - Neutral,3 - Neutral,4 - Agree,4 - Agree,5 - Strongly Agree,3 - Neutral,5 - Strongly Agree,5 - Strongly Agree,3 - Neutral,4 - Agree,4 - Agree,4 - Agree,3 - Neutral,3 - Neutral,2 - Disagree,2 - Disagree,2 - Disagree,They improved my confidence when the highlighted factors matched what I knew about the student.,The concise dashboard and explanation of individual predictions were helpful.,"No major disagreement occurred, but I would still review the evidence before acting.","Accuracy, clear explanations, data quality, institutional support, and respect for teacher judgement encourage collaboration.",Current support is moderate and mainly focuses on general educational technology rather than AI.,Scenario-based training using real classroom cases would improve confidence.,The predictions helped prioritise students for follow-up and intervention planning.,"To a large extent, because I could see why the model reached a particular outcome.",I am concerned about overreliance on predictions and limited opportunities for students to challenge decisions.,"Include recent student progress, lecturer observations, and contextual factors in the model.",Original sample
2026/07/03 3:17:16 PM GMT,Male,40-49,Faculty of Applied Sciences,Senior Lecturer,More than 15 years,101-200,Moderate,Very High,4 - Agree,3 - Neutral,3 - Neutral,3 - Neutral,3 - Neutral,4 - Agree,4 - Agree,5 - Strongly Agree,4 - Agree,3 - Neutral,3 - Neutral,2 - Disagree,3 - Neutral,4 - Agree,3 - Neutral,3 - Neutral,4 - Agree,3 - Neutral,4 - Agree,4 - Agree,4 - Agree,4 - Agree,2 - Disagree,3 - Neutral,3 - Neutral,4 - Agree,2 - Disagree,3 - Neutral,2 - Disagree,3 - Neutral,2 - Disagree,3 - Neutral,5 - Strongly Agree,3 - Neutral,4 - Agree,4 - Agree,4 - Agree,2 - Disagree,3 - Neutral,3 - Neutral,4 - Agree,3 - Neutral,3 - Neutral,3 - Neutral,5 - Strongly Agree,4 - Agree,"Trust increased moderately, although I would still confirm recommendations with my professional judgement.",Feature importance and the direction of each factor helped me understand the recommendation.,Yes. Some recommendations appeared too dependent on historical assessment scores.,"Poor infrastructure, limited training, and unexplained recommendations would discourage collaboration.",The institution encourages digital learning but formal AI policies and training are still developing.,"Training should cover basic AI literacy, model limitations, and how to interpret prediction explanations.",They were moderately useful and would be stronger when combined with current lecturer observations.,"Somewhat. The visual explanation was helpful, but additional contextual guidance would improve understanding.","My main concerns are data privacy, inaccurate records, and possible bias against particular student groups.","Improve the dashboard, include clearer local explanations, and allow lecturers to provide feedback on recommendations.",Original sample
2026/07/03 4:01:57 PM GMT,Male,40-49,Accounting and Finance,Lecturer,11-15 years,50-100,Moderate,High,2 - Disagree,5 - Strongly Agree,2 - Disagree,3 - Neutral,4 - Agree,5 - Strongly Agree,3 - Neutral,3 - Neutral,3 - Neutral,4 - Agree,3 - Neutral,4 - Agree,5 - Strongly Agree,5 - Strongly Agree,4 - Agree,4 - Agree,5 - Strongly Agree,4 - Agree,3 - Neutral,4 - Agree,5 - Strongly Agree,3 - Neutral,3 - Neutral,4 - Agree,3 - Neutral,4 - Agree,3 - Neutral,4 - Agree,3 - Neutral,3 - Neutral,4 - Agree,4 - Agree,2 - Disagree,3 - Neutral,4 - Agree,4 - Agree,3 - Neutral,5 - Strongly Agree,4 - Agree,4 - Agree,3 - Neutral,4 - Agree,4 - Agree,3 - Neutral,4 - Agree,2 - Disagree,"Trust increased moderately, although I would still confirm recommendations with my professional judgement.",The ranking of the most influential student factors was the most useful aspect.,"Yes, especially when my knowledge of the student's personal circumstances contradicted the recommendation.",Training and a user-friendly system encourage collaboration; lack of technical support discourages it.,"Management supports technology use through infrastructure, technical assistance, and innovation initiatives.","Hands-on workshops on AI ethics, bias detection, data privacy, and decision-support tools are needed.",The predictions were useful for identifying students who may require early academic support.,"They improved my understanding, although some technical terms required further explanation.",There should be clear accountability when an AI-supported recommendation negatively affects a student.,"Improve the dashboard, include clearer local explanations, and allow lecturers to provide feedback on recommendations.",Original sample
2026/07/03 4:09:19 PM GMT,Female,50 and above,Faculty of Applied Sciences,Lecturer,5-10 years,50-100,Moderate,High,4 - Agree,3 - Neutral,5 - Strongly Agree,4 - Agree,4 - Agree,3 - Neutral,5 - Strongly Agree,4 - Agree,3 - Neutral,5 - Strongly Agree,3 - Neutral,4 - Agree,3 - Neutral,4 - Agree,5 - Strongly Agree,5 - Strongly Agree,4 - Agree,3 - Neutral,5 - Strongly Agree,4 - Agree,3 - Neutral,3 - Neutral,4 - Agree,3 - Neutral,5 - Strongly Agree,4 - Agree,4 - Agree,4 - Agree,3 - Neutral,4 - Agree,3 - Neutral,4 - Agree,5 - Strongly Agree,4 - Agree,3 - Neutral,4 - Agree,4 - Agree,4 - Agree,4 - Agree,3 - Neutral,3 - Neutral,3 - Neutral,4 - Agree,4 - Agree,4 - Agree,4 - Agree,They improved my confidence when the highlighted factors matched what I knew about the student.,Feature importance and the direction of each factor helped me understand the recommendation.,Yes. Some recommendations appeared too dependent on historical assessment scores.,Training and a user-friendly system encourage collaboration; lack of technical support discourages it.,"Support exists through ICT services and staff development programmes, although more AI-specific training is needed.","Regular workshops on data preparation, dashboard use, and responsible intervention planning would be useful.",The results provided an early warning that could guide further investigation.,Yes. SHAP made the prediction process more transparent and easier to interpret.,I am concerned about overreliance on predictions and limited opportunities for students to challenge decisions.,"Provide role-based access, stronger privacy controls, and an audit trail for decisions.",Original sample
2026/07/03 5:31:33 PM GMT,Male,40-49,Electrical and Electronic Engineering,Senior Lecturer,5-10 years,Less than 50,High,Very High,3 - Neutral,3 - Neutral,3 - Neutral,3 - Neutral,3 - Neutral,5 - Strongly Agree,4 - Agree,3 - Neutral,4 - Agree,3 - Neutral,5 - Strongly Agree,3 - Neutral,4 - Agree,3 - Neutral,4 - Agree,4 - Agree,5 - Strongly Agree,4 - Agree,4 - Agree,3 - Neutral,4 - Agree,3 - Neutral,5 - Strongly Agree,3 - Neutral,4 - Agree,3 - Neutral,4 - Agree,2 - Disagree,3 - Neutral,3 - Neutral,2 - Disagree,5 - Strongly Agree,3 - Neutral,4 - Agree,5 - Strongly Agree,4 - Agree,3 - Neutral,4 - Agree,4 - Agree,5 - Strongly Agree,4 - Agree,2 - Disagree,4 - Agree,4 - Agree,3 - Neutral,3 - Neutral,The explanations made the recommendations less like a black box and easier to assess.,"The clear identification of attendance, assessment scores, and participation patterns supported decision-making.",Occasionally. I relied on professional judgement when the available data were incomplete.,"Accuracy, clear explanations, data quality, institutional support, and respect for teacher judgement encourage collaboration.","The institution provides LMS platforms, internet access, and occasional digital teaching workshops.","Practical training on responsible AI use, interpretation of SHAP outputs, and classroom application would be helpful.",They were helpful in identifying patterns that may not be immediately visible in routine classroom monitoring.,Yes. SHAP made the prediction process more transparent and easier to interpret.,There should be clear accountability when an AI-supported recommendation negatively affects a student.,"Provide role-based access, stronger privacy controls, and an audit trail for decisions.",Original sample
2026/07/03 5:52:16 PM GMT,Female,40-49,Faculty of Applied Sciences,Lecturer,5-10 years,50-100,Moderate,Moderate,4 - Agree,3 - Neutral,3 - Neutral,2 - Disagree,3 - Neutral,2 - Disagree,3 - Neutral,3 - Neutral,2 - Disagree,3 - Neutral,4 - Agree,4 - Agree,3 - Neutral,3 - Neutral,3 - Neutral,4 - Agree,4 - Agree,4 - Agree,3 - Neutral,3 - Neutral,3 - Neutral,3 - Neutral,4 - Agree,3 - Neutral,3 - Neutral,5 - Strongly Agree,2 - Disagree,2 - Disagree,2 - Disagree,2 - Disagree,3 - Neutral,4 - Agree,2 - Disagree,5 - Strongly Agree,3 - Neutral,5 - Strongly Agree,5 - Strongly Agree,2 - Disagree,2 - Disagree,4 - Agree,3 - Neutral,4 - Agree,3 - Neutral,4 - Agree,2 - Disagree,3 - Neutral,They improved my confidence when the highlighted factors matched what I knew about the student.,The ranking of the most influential student factors was the most useful aspect.,"No major disagreement occurred, but I would still review the evidence before acting.","Reliable predictions and transparency encourage me, while bias, poor connectivity, and inaccurate data discourage me.",Current support is moderate and mainly focuses on general educational technology rather than AI.,"Regular workshops on data preparation, dashboard use, and responsible intervention planning would be useful.",The results provided an early warning that could guide further investigation.,"To a large extent, because I could see why the model reached a particular outcome.","My main concerns are data privacy, inaccurate records, and possible bias against particular student groups.","Provide role-based access, stronger privacy controls, and an audit trail for decisions.",Original sample
2026/07/03 6:05:34 PM GMT,Female,40-49,Hospitality and Tourism Management,Senior Lecturer,5-10 years,101-200,High,Low,4 - Agree,5 - Strongly Agree,5 - Strongly Agree,3 - Neutral,4 - Agree,4 - Agree,3 - Neutral,5 - Strongly Agree,5 - Strongly Agree,4 - Agree,4 - Agree,3 - Neutral,4 - Agree,3 - Neutral,5 - Strongly Agree,5 - Strongly Agree,4 - Agree,4 - Agree,4 - Agree,3 - Neutral,5 - Strongly Agree,4 - Agree,4 - Agree,4 - Agree,5 - Strongly Agree,5 - Strongly Agree,4 - Agree,3 - Neutral,3 - Neutral,3 - Neutral,3 - Neutral,3 - Neutral,5 - Strongly Agree,5 - Strongly Agree,4 - Agree,5 - Strongly Agree,4 - Agree,5 - Strongly Agree,4 - Agree,4 - Agree,2 - Disagree,3 - Neutral,4 - Agree,5 - Strongly Agree,5 - Strongly Agree,4 - Agree,"Trust increased moderately, although I would still confirm recommendations with my professional judgement.",The visual summary showing why a student was classified as at risk was most useful.,Yes. Some recommendations appeared too dependent on historical assessment scores.,Training and a user-friendly system encourage collaboration; lack of technical support discourages it.,"Management supports technology use through infrastructure, technical assistance, and innovation initiatives.","Regular workshops on data preparation, dashboard use, and responsible intervention planning would be useful.",The predictions were useful for identifying students who may require early academic support.,"Somewhat. The visual explanation was helpful, but additional contextual guidance would improve understanding.","I am concerned about biased training data, unequal treatment of students, and insufficient transparency.","The framework should include fairness monitoring, data-quality checks, and regular model validation.",Original sample
2026/07/03 6:15:38 PM GMT,Male,30-39,Liberal Studies,Lecturer,11-15 years,101-200,Moderate,High,4 - Agree,3 - Neutral,4 - Agree,5 - Strongly Agree,4 - Agree,5 - Strongly Agree,4 - Agree,4 - Agree,4 - Agree,5 - Strongly Agree,5 - Strongly Agree,5 - Strongly Agree,5 - Strongly Agree,5 - Strongly Agree,3 - Neutral,4 - Agree,2 - Disagree,5 - Strongly Agree,5 - Strongly Agree,5 - Strongly Agree,5 - Strongly Agree,5 - Strongly Agree,3 - Neutral,4 - Agree,4 - Agree,5 - Strongly Agree,4 - Agree,4 - Agree,4 - Agree,5 - Strongly Agree,4 - Agree,4 - Agree,4 - Agree,5 - Strongly Agree,4 - Agree,5 - Strongly Agree,4 - Agree,5 - Strongly Agree,4 - Agree,4 - Agree,5 - Strongly Agree,3 - Neutral,5 - Strongly Agree,4 - Agree,5 - Strongly Agree,4 - Agree,"Trust increased moderately, although I would still confirm recommendations with my professional judgement.",The visual summary showing why a student was classified as at risk was most useful.,"Yes, especially when my knowledge of the student's personal circumstances contradicted the recommendation.","Evidence of fairness, privacy protection, and consistent performance would encourage collaboration.","Support exists through ICT services and staff development programmes, although more AI-specific training is needed.","Training on fairness, transparency, privacy, and combining AI evidence with professional judgement is required.",The results provided an early warning that could guide further investigation.,Yes. SHAP made the prediction process more transparent and easier to interpret.,"My main concerns are data privacy, inaccurate records, and possible bias against particular student groups.","Improve the dashboard, include clearer local explanations, and allow lecturers to provide feedback on recommendations.",Original sample
2026/07/04 7:57:00 AM GMT,Male,30-39,Liberal Studies,Assistant Lecturer,11-15 years,50-100,High,High,4 - Agree,3 - Neutral,3 - Neutral,2 - Disagree,3 - Neutral,3 - Neutral,3 - Neutral,4 - Agree,4 - Agree,3 - Neutral,4 - Agree,3 - Neutral,2 - Disagree,3 - Neutral,3 - Neutral,3 - Neutral,3 - Neutral,4 - Agree,3 - Neutral,2 - Disagree,3 - Neutral,2 - Disagree,3 - Neutral,3 - Neutral,4 - Agree,4 - Agree,4 - Agree,2 - Disagree,1 - Strongly Disagree,2 - Disagree,2 - Disagree,4 - Agree,4 - Agree,4 - Agree,3 - Neutral,3 - Neutral,4 - Agree,2 - Disagree,2 - Disagree,3 - Neutral,3 - Neutral,3 - Neutral,3 - Neutral,4 - Agree,4 - Agree,4 - Agree,They improved trust because the important features influencing the prediction were visible.,The comparison of positive and negative contributing factors was most useful.,Yes. I disagreed when the model overlooked recent improvements that were not yet captured in the data.,"Evidence of fairness, privacy protection, and consistent performance would encourage collaboration.","The institution provides computer laboratories and technical support, but access and connectivity can be improved.","Regular workshops on data preparation, dashboard use, and responsible intervention planning would be useful.",The predictions were useful for identifying students who may require early academic support.,"Somewhat. The visual explanation was helpful, but additional contextual guidance would improve understanding.",The system may appear objective even when historical data contain unfair patterns.,"Provide role-based access, stronger privacy controls, and an audit trail for decisions.",Original sample
2026/07/04 8:03:01 AM GMT,Male,40-49,Faculty of Applied Sciences,Associate Professor,11-15 years,50-100,High,High,3 - Neutral,3 - Neutral,3 - Neutral,4 - Agree,3 - Neutral,3 - Neutral,3 - Neutral,3 - Neutral,4 - Agree,3 - Neutral,3 - Neutral,3 - Neutral,4 - Agree,3 - Neutral,3 - Neutral,4 - Agree,3 - Neutral,3 - Neutral,3 - Neutral,4 - Agree,2 - Disagree,3 - Neutral,3 - Neutral,4 - Agree,5 - Strongly Agree,3 - Neutral,3 - Neutral,4 - Agree,4 - Agree,2 - Disagree,2 - Disagree,4 - Agree,4 - Agree,3 - Neutral,4 - Agree,5 - Strongly Agree,5 - Strongly Agree,2 - Disagree,3 - Neutral,3 - Neutral,3 - Neutral,3 - Neutral,4 - Agree,2 - Disagree,3 - Neutral,3 - Neutral,"My trust improved, but only when the explanation was clear and supported by accurate student data.",The ranking of the most influential student factors was the most useful aspect.,Yes. Some recommendations appeared too dependent on historical assessment scores.,Training and a user-friendly system encourage collaboration; lack of technical support discourages it.,Current support is moderate and mainly focuses on general educational technology rather than AI.,"Practical training on responsible AI use, interpretation of SHAP outputs, and classroom application would be helpful.",They were moderately useful and would be stronger when combined with current lecturer observations.,Yes. The explanations clarified how each student factor contributed to the final prediction.,"Fairness should be tested across gender, programme, background, and other relevant student groups.","Provide role-based access, stronger privacy controls, and an audit trail for decisions.",Original sample
2026/07/04 8:38:30 AM GMT,Male,40-49,Chemical Engineering & Technology,Senior Lecturer,11-15 years,Above 200,High,High,5 - Strongly Agree,5 - Strongly Agree,4 - Agree,4 - Agree,3 - Neutral,5 - Strongly Agree,5 - Strongly Agree,4 - Agree,4 - Agree,4 - Agree,3 - Neutral,4 - Agree,5 - Strongly Agree,4 - Agree,3 - Neutral,4 - Agree,4 - Agree,3 - Neutral,4 - Agree,3 - Neutral,3 - Neutral,3 - Neutral,4 - Agree,3 - Neutral,3 - Neutral,4 - Agree,3 - Neutral,3 - Neutral,3 - Neutral,3 - Neutral,2 - Disagree,5 - Strongly Agree,4 - Agree,4 - Agree,5 - Strongly Agree,4 - Agree,3 - Neutral,4 - Agree,4 - Agree,3 - Neutral,4 - Agree,4 - Agree,4 - Agree,4 - Agree,5 - Strongly Agree,2 - Disagree,"Trust increased moderately, although I would still confirm recommendations with my professional judgement.",The visual summary showing why a student was classified as at risk was most useful.,"Sometimes, particularly when the prediction did not reflect classroom participation and recent progress.",Training and a user-friendly system encourage collaboration; lack of technical support discourages it.,"Support exists through ICT services and staff development programmes, although more AI-specific training is needed.","Hands-on workshops on AI ethics, bias detection, data privacy, and decision-support tools are needed.",They were helpful in identifying patterns that may not be immediately visible in routine classroom monitoring.,Yes. SHAP made the prediction process more transparent and easier to interpret.,"My main concerns are data privacy, inaccurate records, and possible bias against particular student groups.","The framework should include fairness monitoring, data-quality checks, and regular model validation.",Original sample
2026/07/04 8:54:54 AM GMT,Male,50 and above,Liberal Studies,Assistant Lecturer,More than 15 years,101-200,High,High,4 - Agree,4 - Agree,3 - Neutral,3 - Neutral,3 - Neutral,4 - Agree,4 - Agree,4 - Agree,4 - Agree,4 - Agree,4 - Agree,4 - Agree,2 - Disagree,4 - Agree,4 - Agree,4 - Agree,4 - Agree,4 - Agree,3 - Neutral,4 - Agree,4 - Agree,3 - Neutral,4 - Agree,4 - Agree,4 - Agree,4 - Agree,2 - Disagree,3 - Neutral,2 - Disagree,5 - Strongly Agree,5 - Strongly Agree,3 - Neutral,5 - Strongly Agree,5 - Strongly Agree,4 - Agree,5 - Strongly Agree,4 - Agree,3 - Neutral,5 - Strongly Agree,4 - Agree,3 - Neutral,5 - Strongly Agree,2 - Disagree,4 - Agree,3 - Neutral,4 - Agree,"Trust increased moderately, although I would still confirm recommendations with my professional judgement.",The concise dashboard and explanation of individual predictions were helpful.,"Yes, especially when my knowledge of the student's personal circumstances contradicted the recommendation.","Reliable predictions and transparency encourage me, while bias, poor connectivity, and inaccurate data discourage me.",Current support is moderate and mainly focuses on general educational technology rather than AI.,Scenario-based training using real classroom cases would improve confidence.,They were moderately useful and would be stronger when combined with current lecturer observations.,"To a large extent, because I could see why the model reached a particular outcome.",There should be clear accountability when an AI-supported recommendation negatively affects a student.,"Provide role-based access, stronger privacy controls, and an audit trail for decisions.",Original sample
2026/07/04 9:15:50 AM GMT,Female,30-39,Chemical Engineering & Technology,Assistant Lecturer,5-10 years,101-200,Low,Moderate,3 - Neutral,4 - Agree,2 - Disagree,3 - Neutral,4 - Agree,2 - Disagree,2 - Disagree,3 - Neutral,3 - Neutral,2 - Disagree,3 - Neutral,3 - Neutral,3 - Neutral,2 - Disagree,3 - Neutral,1 - Strongly Disagree,2 - Disagree,3 - Neutral,2 - Disagree,2 - Disagree,4 - Agree,4 - Agree,3 - Neutral,1 - Strongly Disagree,4 - Agree,2 - Disagree,3 - Neutral,2 - Disagree,2 - Disagree,3 - Neutral,2 - Disagree,3 - Neutral,4 - Agree,3 - Neutral,2 - Disagree,4 - Agree,1 - Strongly Disagree,3 - Neutral,2 - Disagree,2 - Disagree,3 - Neutral,4 - Agree,4 - Agree,1 - Strongly Disagree,3 - Neutral,4 - Agree,They improved my confidence when the highlighted factors matched what I knew about the student.,The comparison of positive and negative contributing factors was most useful.,"Yes, especially when my knowledge of the student's personal circumstances contradicted the recommendation.",Training and a user-friendly system encourage collaboration; lack of technical support discourages it.,"The institution provides LMS platforms, internet access, and occasional digital teaching workshops.","Training should cover basic AI literacy, model limitations, and how to interpret prediction explanations.",The results provided an early warning that could guide further investigation.,"Yes, especially when the dashboard displayed both supporting and opposing factors.",There should be clear accountability when an AI-supported recommendation negatively affects a student.,"Add confidence scores, simple language summaries, and links to the evidence supporting each prediction.",Original sample
2026/07/04 9:49:58 AM GMT,Male,50 and above,Faculty of Applied Sciences,Lecturer,11-15 years,50-100,Moderate,Low,3 - Neutral,3 - Neutral,3 - Neutral,3 - Neutral,4 - Agree,5 - Strongly Agree,3 - Neutral,2 - Disagree,4 - Agree,4 - Agree,4 - Agree,4 - Agree,3 - Neutral,3 - Neutral,3 - Neutral,3 - Neutral,3 - Neutral,4 - Agree,4 - Agree,4 - Agree,3 - Neutral,3 - Neutral,3 - Neutral,3 - Neutral,3 - Neutral,3 - Neutral,2 - Disagree,3 - Neutral,2 - Disagree,3 - Neutral,2 - Disagree,3 - Neutral,4 - Agree,3 - Neutral,4 - Agree,4 - Agree,5 - Strongly Agree,2 - Disagree,4 - Agree,4 - Agree,3 - Neutral,2 - Disagree,4 - Agree,3 - Neutral,3 - Neutral,3 - Neutral,"My trust improved, but only when the explanation was clear and supported by accurate student data.",The visual summary showing why a student was classified as at risk was most useful.,"Sometimes, particularly when the prediction did not reflect classroom participation and recent progress.","Evidence of fairness, privacy protection, and consistent performance would encourage collaboration.","The institution provides computer laboratories and technical support, but access and connectivity can be improved.","Practical training on responsible AI use, interpretation of SHAP outputs, and classroom application would be helpful.",They were helpful in identifying patterns that may not be immediately visible in routine classroom monitoring.,"Somewhat. The visual explanation was helpful, but additional contextual guidance would improve understanding.","Fairness should be tested across gender, programme, background, and other relevant student groups.",Pilot the framework across multiple departments and retrain it regularly with representative institutional data.,Original sample
2026/07/04 9:50:10 AM GMT,Female,50 and above,Pharmaceutical Sciences,Associate Professor,More than 15 years,50-100,Very High,High,5 - Strongly Agree,3 - Neutral,5 - Strongly Agree,4 - Agree,5 - Strongly Agree,3 - Neutral,5 - Strongly Agree,4 - Agree,5 - Strongly Agree,4 - Agree,3 - Neutral,4 - Agree,4 - Agree,3 - Neutral,4 - Agree,5 - Strongly Agree,5 - Strongly Agree,3 - Neutral,4 - Agree,3 - Neutral,3 - Neutral,3 - Neutral,3 - Neutral,4 - Agree,4 - Agree,4 - Agree,4 - Agree,3 - Neutral,4 - Agree,4 - Agree,3 - Neutral,5 - Strongly Agree,4 - Agree,5 - Strongly Agree,5 - Strongly Agree,5 - Strongly Agree,4 - Agree,3 - Neutral,3 - Neutral,2 - Disagree,3 - Neutral,4 - Agree,5 - Strongly Agree,3 - Neutral,4 - Agree,4 - Agree,They improved my confidence when the highlighted factors matched what I knew about the student.,The ranking of the most influential student factors was the most useful aspect.,"Sometimes, particularly when the prediction did not reflect classroom participation and recent progress.",I am encouraged when AI complements rather than replaces professional judgement.,"Management supports technology use through infrastructure, technical assistance, and innovation initiatives.","Regular workshops on data preparation, dashboard use, and responsible intervention planning would be useful.","They were useful for screening, but should not be used as the only basis for a decision.",Yes. The explanations clarified how each student factor contributed to the final prediction.,"My main concerns are data privacy, inaccurate records, and possible bias against particular student groups.","Improve the dashboard, include clearer local explanations, and allow lecturers to provide feedback on recommendations.",Original sample
2026/07/04 10:21:58 AM GMT,Female,50 and above,Liberal Studies,Associate Professor,More than 15 years,50-100,Moderate,Moderate,4 - Agree,4 - Agree,5 - Strongly Agree,3 - Neutral,5 - Strongly Agree,3 - Neutral,5 - Strongly Agree,4 - Agree,4 - Agree,4 - Agree,3 - Neutral,5 - Strongly Agree,5 - Strongly Agree,4 - Agree,3 - Neutral,5 - Strongly Agree,3 - Neutral,5 - Strongly Agree,4 - Agree,3 - Neutral,3 - Neutral,5 - Strongly Agree,4 - Agree,3 - Neutral,4 - Agree,4 - Agree,4 - Agree,3 - Neutral,3 - Neutral,3 - Neutral,4 - Agree,5 - Strongly Agree,4 - Agree,5 - Strongly Agree,5 - Strongly Agree,4 - Agree,5 - Strongly Agree,3 - Neutral,3 - Neutral,4 - Agree,5 - Strongly Agree,4 - Agree,3 - Neutral,4 - Agree,5 - Strongly Agree,4 - Agree,"Trust increased moderately, although I would still confirm recommendations with my professional judgement.",Feature importance and the direction of each factor helped me understand the recommendation.,Yes. Some recommendations appeared too dependent on historical assessment scores.,"Poor infrastructure, limited training, and unexplained recommendations would discourage collaboration.","Management supports technology use through infrastructure, technical assistance, and innovation initiatives.","Training should cover basic AI literacy, model limitations, and how to interpret prediction explanations.",The predictions were useful for identifying students who may require early academic support.,"They improved my understanding, although some technical terms required further explanation.","Fairness should be tested across gender, programme, background, and other relevant student groups.","Improve the dashboard, include clearer local explanations, and allow lecturers to provide feedback on recommendations.",Original sample
2026/07/04 2:27:07 PM GMT,Male,40-49,Mechanical Engineering,Lecturer,11-15 years,50-100,Very High,Moderate,4 - Agree,4 - Agree,5 - Strongly Agree,3 - Neutral,3 - Neutral,4 - Agree,3 - Neutral,5 - Strongly Agree,4 - Agree,3 - Neutral,4 - Agree,4 - Agree,4 - Agree,3 - Neutral,3 - Neutral,3 - Neutral,3 - Neutral,4 - Agree,3 - Neutral,3 - Neutral,3 - Neutral,3 - Neutral,4 - Agree,3 - Neutral,4 - Agree,4 - Agree,2 - Disagree,3 - Neutral,4 - Agree,3 - Neutral,3 - Neutral,5 - Strongly Agree,4 - Agree,4 - Agree,5 - Strongly Agree,4 - Agree,4 - Agree,4 - Agree,3 - Neutral,4 - Agree,4 - Agree,3 - Neutral,4 - Agree,4 - Agree,4 - Agree,3 - Neutral,They improved my confidence when the highlighted factors matched what I knew about the student.,The comparison of positive and negative contributing factors was most useful.,"Yes, especially when my knowledge of the student's personal circumstances contradicted the recommendation.","Accuracy, clear explanations, data quality, institutional support, and respect for teacher judgement encourage collaboration.","Support exists through ICT services and staff development programmes, although more AI-specific training is needed.","Hands-on workshops on AI ethics, bias detection, data privacy, and decision-support tools are needed.",The predictions were useful for identifying students who may require early academic support.,"Somewhat. The visual explanation was helpful, but additional contextual guidance would improve understanding.","I am concerned about biased training data, unequal treatment of students, and insufficient transparency.","Include recent student progress, lecturer observations, and contextual factors in the model.",Original sample
2026/07/04 3:45:35 PM GMT,Male,40-49,Liberal Studies,Senior Lecturer,11-15 years,Less than 50,High,Very High,5 - Strongly Agree,4 - Agree,3 - Neutral,3 - Neutral,4 - Agree,4 - Agree,3 - Neutral,4 - Agree,5 - Strongly Agree,4 - Agree,5 - Strongly Agree,4 - Agree,4 - Agree,4 - Agree,4 - Agree,3 - Neutral,4 - Agree,3 - Neutral,3 - Neutral,5 - Strongly Agree,4 - Agree,3 - Neutral,4 - Agree,3 - Neutral,3 - Neutral,4 - Agree,4 - Agree,4 - Agree,3 - Neutral,4 - Agree,4 - Agree,5 - Strongly Agree,5 - Strongly Agree,5 - Strongly Agree,4 - Agree,4 - Agree,3 - Neutral,5 - Strongly Agree,4 - Agree,4 - Agree,5 - Strongly Agree,4 - Agree,3 - Neutral,4 - Agree,4 - Agree,3 - Neutral,The explanations increased our confidence by showing the main factors behind each recommendation.,Feature importance and the direction of each factor helped me understand the recommendation.,"Yes, especially when my knowledge of the student's personal circumstances contradicted the recommendation.","Poor infrastructure, limited training, and unexplained recommendations would discourage collaboration.","Management supports technology use through infrastructure, technical assistance, and innovation initiatives.","Training on fairness, transparency, privacy, and combining AI evidence with professional judgement is required.",They were helpful in identifying patterns that may not be immediately visible in routine classroom monitoring.,Yes. SHAP made the prediction process more transparent and easier to interpret.,The system may appear objective even when historical data contain unfair patterns.,"Add confidence scores, simple language summaries, and links to the evidence supporting each prediction.",Original sample
2026/07/04 4:57:30 PM GMT,Male,50 and above,Management Studies,Associate Professor,More than 15 years,101-200,High,High,3 - Neutral,4 - Agree,3 - Neutral,5 - Strongly Agree,3 - Neutral,3 - Neutral,4 - Agree,3 - Neutral,4 - Agree,4 - Agree,3 - Neutral,4 - Agree,3 - Neutral,4 - Agree,5 - Strongly Agree,5 - Strongly Agree,3 - Neutral,3 - Neutral,3 - Neutral,4 - Agree,3 - Neutral,4 - Agree,3 - Neutral,3 - Neutral,3 - Neutral,4 - Agree,2 - Disagree,4 - Agree,3 - Neutral,4 - Agree,2 - Disagree,4 - Agree,5 - Strongly Agree,4 - Agree,5 - Strongly Agree,4 - Agree,5 - Strongly Agree,4 - Agree,3 - Neutral,5 - Strongly Agree,3 - Neutral,4 - Agree,2 - Disagree,3 - Neutral,4 - Agree,5 - Strongly Agree,They improved trust because the important features influencing the prediction were visible.,Feature importance and the direction of each factor helped me understand the recommendation.,Yes. I disagreed when the model overlooked recent improvements that were not yet captured in the data.,I am encouraged when AI complements rather than replaces professional judgement.,"The institution provides computer laboratories and technical support, but access and connectivity can be improved.","Practical training on responsible AI use, interpretation of SHAP outputs, and classroom application would be helpful.","They were useful for screening, but should not be used as the only basis for a decision.",Yes. SHAP made the prediction process more transparent and easier to interpret.,"Fairness should be tested across gender, programme, background, and other relevant student groups.","Provide role-based access, stronger privacy controls, and an audit trail for decisions.",Original sample
2026/07/05 7:33:34 AM GMT,Male,30-39,Faculty of Applied Sciences,Assistant Lecturer,5-10 years,101-200,Moderate,High,3 - Neutral,3 - Neutral,3 - Neutral,3 - Neutral,5 - Strongly Agree,5 - Strongly Agree,5 - Strongly Agree,3 - Neutral,4 - Agree,4 - Agree,4 - Agree,4 - Agree,4 - Agree,3 - Neutral,4 - Agree,3 - Neutral,3 - Neutral,3 - Neutral,4 - Agree,4 - Agree,3 - Neutral,3 - Neutral,4 - Agree,2 - Disagree,3 - Neutral,4 - Agree,3 - Neutral,3 - Neutral,5 - Strongly Agree,3 - Neutral,3 - Neutral,4 - Agree,3 - Neutral,4 - Agree,4 - Agree,4 - Agree,4 - Agree,3 - Neutral,3 - Neutral,3 - Neutral,4 - Agree,3 - Neutral,4 - Agree,3 - Neutral,4 - Agree,3 - Neutral,The explanations made the recommendations less like a black box and easier to assess.,"The clear identification of attendance, assessment scores, and participation patterns supported decision-making.",Yes. Some recommendations appeared too dependent on historical assessment scores.,Training and a user-friendly system encourage collaboration; lack of technical support discourages it.,Current support is moderate and mainly focuses on general educational technology rather than AI.,"Hands-on workshops on AI ethics, bias detection, data privacy, and decision-support tools are needed.",The predictions were useful for identifying students who may require early academic support.,"To a large extent, because I could see why the model reached a particular outcome.",I am concerned about overreliance on predictions and limited opportunities for students to challenge decisions.,"The framework should include fairness monitoring, data-quality checks, and regular model validation.",Original sample
2026/07/05 8:25:32 AM GMT,Male,40-49,Faculty of Applied Sciences,Senior Lecturer,5-10 years,Less than 50,Very High,Moderate,4 - Agree,3 - Neutral,3 - Neutral,3 - Neutral,3 - Neutral,3 - Neutral,4 - Agree,2 - Disagree,4 - Agree,3 - Neutral,4 - Agree,3 - Neutral,2 - Disagree,4 - Agree,2 - Disagree,3 - Neutral,3 - Neutral,4 - Agree,3 - Neutral,3 - Neutral,3 - Neutral,4 - Agree,3 - Neutral,3 - Neutral,3 - Neutral,3 - Neutral,2 - Disagree,3 - Neutral,3 - Neutral,3 - Neutral,3 - Neutral,3 - Neutral,4 - Agree,2 - Disagree,4 - Agree,4 - Agree,3 - Neutral,3 - Neutral,3 - Neutral,3 - Neutral,3 - Neutral,2 - Disagree,2 - Disagree,3 - Neutral,3 - Neutral,3 - Neutral,The explanations made the recommendations less like a black box and easier to assess.,"The clear identification of attendance, assessment scores, and participation patterns supported decision-making.",Yes. Some recommendations appeared too dependent on historical assessment scores.,"Accuracy, clear explanations, data quality, institutional support, and respect for teacher judgement encourage collaboration.","Management supports technology use through infrastructure, technical assistance, and innovation initiatives.","Practical training on responsible AI use, interpretation of SHAP outputs, and classroom application would be helpful.",The results provided an early warning that could guide further investigation.,"Yes, especially when the dashboard displayed both supporting and opposing factors.","Fairness should be tested across gender, programme, background, and other relevant student groups.","Improve the dashboard, include clearer local explanations, and allow lecturers to provide feedback on recommendations.",Original sample
2026/07/05 8:26:36 AM GMT,Male,40-49,Food Technology,Senior Lecturer,5-10 years,50-100,Moderate,High,2 - Disagree,3 - Neutral,2 - Disagree,2 - Disagree,3 - Neutral,4 - Agree,3 - Neutral,4 - Agree,3 - Neutral,2 - Disagree,2 - Disagree,2 - Disagree,5 - Strongly Agree,2 - Disagree,2 - Disagree,2 - Disagree,2 - Disagree,4 - Agree,4 - Agree,3 - Neutral,3 - Neutral,2 - Disagree,2 - Disagree,2 - Disagree,2 - Disagree,2 - Disagree,2 - Disagree,1 - Strongly Disagree,2 - Disagree,2 - Disagree,2 - Disagree,2 - Disagree,3 - Neutral,3 - Neutral,3 - Neutral,4 - Agree,3 - Neutral,2 - Disagree,4 - Agree,3 - Neutral,2 - Disagree,3 - Neutral,2 - Disagree,2 - Disagree,2 - Disagree,3 - Neutral,"My trust improved, but only when the explanation was clear and supported by accurate student data.",The concise dashboard and explanation of individual predictions were helpful.,Yes. I disagreed when the model overlooked recent improvements that were not yet captured in the data.,I am encouraged when AI complements rather than replaces professional judgement.,The institution encourages digital learning but formal AI policies and training are still developing.,"Regular workshops on data preparation, dashboard use, and responsible intervention planning would be useful.",They were moderately useful and would be stronger when combined with current lecturer observations.,"They improved my understanding, although some technical terms required further explanation.","My main concerns are data privacy, inaccurate records, and possible bias against particular student groups.",Pilot the framework across multiple departments and retrain it regularly with representative institutional data.,Original sample
2026/07/05 8:59:06 AM GMT,Female,30-39,Computer Science,Lecturer,5-10 years,50-100,High,High,3 - Neutral,2 - Disagree,5 - Strongly Agree,3 - Neutral,3 - Neutral,3 - Neutral,3 - Neutral,3 - Neutral,3 - Neutral,5 - Strongly Agree,4 - Agree,3 - Neutral,4 - Agree,5 - Strongly Agree,3 - Neutral,2 - Disagree,4 - Agree,3 - Neutral,3 - Neutral,4 - Agree,4 - Agree,3 - Neutral,4 - Agree,4 - Agree,2 - Disagree,3 - Neutral,3 - Neutral,2 - Disagree,3 - Neutral,4 - Agree,3 - Neutral,5 - Strongly Agree,4 - Agree,4 - Agree,4 - Agree,5 - Strongly Agree,3 - Neutral,2 - Disagree,3 - Neutral,4 - Agree,4 - Agree,3 - Neutral,3 - Neutral,4 - Agree,3 - Neutral,4 - Agree,"My trust improved, but only when the explanation was clear and supported by accurate student data.",The concise dashboard and explanation of individual predictions were helpful.,"No major disagreement occurred, but I would still review the evidence before acting.","Evidence of fairness, privacy protection, and consistent performance would encourage collaboration.","Support exists through ICT services and staff development programmes, although more AI-specific training is needed.","Hands-on workshops on AI ethics, bias detection, data privacy, and decision-support tools are needed.","They were useful for screening, but should not be used as the only basis for a decision.","Somewhat. The visual explanation was helpful, but additional contextual guidance would improve understanding.",There should be clear accountability when an AI-supported recommendation negatively affects a student.,"Add confidence scores, simple language summaries, and links to the evidence supporting each prediction.",Original sample
2026/07/05 9:09:04 AM GMT,Male,40-49,Hospitality and Tourism Management,Lecturer,More than 15 years,101-200,High,High,3 - Neutral,1 - Strongly Disagree,3 - Neutral,3 - Neutral,3 - Neutral,3 - Neutral,3 - Neutral,4 - Agree,4 - Agree,3 - Neutral,5 - Strongly Agree,3 - Neutral,4 - Agree,3 - Neutral,3 - Neutral,3 - Neutral,3 - Neutral,3 - Neutral,3 - Neutral,4 - Agree,3 - Neutral,3 - Neutral,3 - Neutral,4 - Agree,5 - Strongly Agree,3 - Neutral,4 - Agree,1 - Strongly Disagree,3 - Neutral,3 - Neutral,2 - Disagree,4 - Agree,4 - Agree,3 - Neutral,3 - Neutral,3 - Neutral,4 - Agree,5 - Strongly Agree,4 - Agree,2 - Disagree,3 - Neutral,2 - Disagree,3 - Neutral,3 - Neutral,3 - Neutral,3 - Neutral,They improved trust because the important features influencing the prediction were visible.,The ranking of the most influential student factors was the most useful aspect.,"No major disagreement occurred, but I would still review the evidence before acting.","Accuracy, clear explanations, data quality, institutional support, and respect for teacher judgement encourage collaboration.",The institution encourages digital learning but formal AI policies and training are still developing.,"Regular workshops on data preparation, dashboard use, and responsible intervention planning would be useful.",The results provided an early warning that could guide further investigation.,Yes. The explanations clarified how each student factor contributed to the final prediction.,"My main concerns are data privacy, inaccurate records, and possible bias against particular student groups.","Provide role-based access, stronger privacy controls, and an audit trail for decisions.",Original sample
2026/07/05 9:53:48 AM GMT,Male,50 and above,Pharmaceutical Sciences,Associate Professor,More than 15 years,Above 200,Very High,Moderate,5 - Strongly Agree,4 - Agree,5 - Strongly Agree,3 - Neutral,4 - Agree,5 - Strongly Agree,2 - Disagree,4 - Agree,4 - Agree,5 - Strongly Agree,4 - Agree,2 - Disagree,2 - Disagree,4 - Agree,3 - Neutral,3 - Neutral,4 - Agree,4 - Agree,3 - Neutral,4 - Agree,4 - Agree,4 - Agree,3 - Neutral,3 - Neutral,4 - Agree,4 - Agree,4 - Agree,2 - Disagree,3 - Neutral,2 - Disagree,3 - Neutral,5 - Strongly Agree,5 - Strongly Agree,4 - Agree,5 - Strongly Agree,4 - Agree,4 - Agree,3 - Neutral,3 - Neutral,3 - Neutral,4 - Agree,5 - Strongly Agree,4 - Agree,4 - Agree,3 - Neutral,3 - Neutral,They improved trust because the important features influencing the prediction were visible.,The ranking of the most influential student factors was the most useful aspect.,"Yes, especially when my knowledge of the student's personal circumstances contradicted the recommendation.","Poor infrastructure, limited training, and unexplained recommendations would discourage collaboration.","The institution provides LMS platforms, internet access, and occasional digital teaching workshops.",Scenario-based training using real classroom cases would improve confidence.,They were moderately useful and would be stronger when combined with current lecturer observations.,"To a large extent, because I could see why the model reached a particular outcome.",I am concerned about overreliance on predictions and limited opportunities for students to challenge decisions.,"Include recent student progress, lecturer observations, and contextual factors in the model.",Original sample
2026/07/05 10:17:28 AM GMT,Male,50 and above,Hospitality and Tourism Management,Senior Lecturer,11-15 years,50-100,Moderate,Moderate,3 - Neutral,3 - Neutral,3 - Neutral,3 - Neutral,4 - Agree,5 - Strongly Agree,4 - Agree,4 - Agree,4 - Agree,4 - Agree,4 - Agree,4 - Agree,4 - Agree,5 - Strongly Agree,3 - Neutral,3 - Neutral,4 - Agree,3 - Neutral,3 - Neutral,3 - Neutral,4 - Agree,3 - Neutral,4 - Agree,3 - Neutral,4 - Agree,3 - Neutral,2 - Disagree,3 - Neutral,2 - Disagree,4 - Agree,5 - Strongly Agree,3 - Neutral,4 - Agree,4 - Agree,5 - Strongly Agree,4 - Agree,4 - Agree,4 - Agree,5 - Strongly Agree,4 - Agree,4 - Agree,4 - Agree,3 - Neutral,5 - Strongly Agree,4 - Agree,4 - Agree,The explanations increased our confidence by showing the main factors behind each recommendation.,The ranking of the most influential student factors was the most useful aspect.,Occasionally. I relied on professional judgement when the available data were incomplete.,"Poor infrastructure, limited training, and unexplained recommendations would discourage collaboration.",Current support is moderate and mainly focuses on general educational technology rather than AI.,"Hands-on workshops on AI ethics, bias detection, data privacy, and decision-support tools are needed.",They were moderately useful and would be stronger when combined with current lecturer observations.,Yes. The explanations clarified how each student factor contributed to the final prediction.,There should be clear accountability when an AI-supported recommendation negatively affects a student.,"Improve the dashboard, include clearer local explanations, and allow lecturers to provide feedback on recommendations.",Original sample
2026/07/05 11:08:42 AM GMT,Female,40-49,Accounting and Finance,Lecturer,11-15 years,101-200,High,Moderate,2 - Disagree,3 - Neutral,4 - Agree,4 - Agree,5 - Strongly Agree,4 - Agree,5 - Strongly Agree,5 - Strongly Agree,4 - Agree,4 - Agree,5 - Strongly Agree,5 - Strongly Agree,4 - Agree,4 - Agree,5 - Strongly Agree,3 - Neutral,4 - Agree,3 - Neutral,4 - Agree,5 - Strongly Agree,4 - Agree,3 - Neutral,3 - Neutral,3 - Neutral,4 - Agree,4 - Agree,3 - Neutral,3 - Neutral,4 - Agree,3 - Neutral,3 - Neutral,4 - Agree,4 - Agree,5 - Strongly Agree,4 - Agree,3 - Neutral,5 - Strongly Agree,4 - Agree,5 - Strongly Agree,4 - Agree,3 - Neutral,4 - Agree,5 - Strongly Agree,5 - Strongly Agree,4 - Agree,3 - Neutral,They improved my confidence when the highlighted factors matched what I knew about the student.,Feature importance and the direction of each factor helped me understand the recommendation.,Yes. I disagreed when the model overlooked recent improvements that were not yet captured in the data.,"Evidence of fairness, privacy protection, and consistent performance would encourage collaboration.",The institution encourages digital learning but formal AI policies and training are still developing.,"Regular workshops on data preparation, dashboard use, and responsible intervention planning would be useful.",They were moderately useful and would be stronger when combined with current lecturer observations.,"Somewhat. The visual explanation was helpful, but additional contextual guidance would improve understanding.","Fairness should be tested across gender, programme, background, and other relevant student groups.","Add confidence scores, simple language summaries, and links to the evidence supporting each prediction.",Original sample
2026/07/05 12:21:27 PM GMT,Female,40-49,Management Studies,Senior Lecturer,11-15 years,101-200,High,High,5 - Strongly Agree,5 - Strongly Agree,4 - Agree,5 - Strongly Agree,4 - Agree,3 - Neutral,4 - Agree,3 - Neutral,5 - Strongly Agree,5 - Strongly Agree,4 - Agree,5 - Strongly Agree,4 - Agree,4 - Agree,5 - Strongly Agree,5 - Strongly Agree,5 - Strongly Agree,5 - Strongly Agree,4 - Agree,5 - Strongly Agree,5 - Strongly Agree,5 - Strongly Agree,5 - Strongly Agree,5 - Strongly Agree,5 - Strongly Agree,4 - Agree,3 - Neutral,3 - Neutral,4 - Agree,4 - Agree,4 - Agree,4 - Agree,5 - Strongly Agree,4 - Agree,5 - Strongly Agree,5 - Strongly Agree,4 - Agree,3 - Neutral,4 - Agree,4 - Agree,4 - Agree,3 - Neutral,4 - Agree,4 - Agree,3 - Neutral,3 - Neutral,"Trust increased moderately, although I would still confirm recommendations with my professional judgement.",The visual summary showing why a student was classified as at risk was most useful.,"No major disagreement occurred, but I would still review the evidence before acting.","Evidence of fairness, privacy protection, and consistent performance would encourage collaboration.","Management supports technology use through infrastructure, technical assistance, and innovation initiatives.","Practical training on responsible AI use, interpretation of SHAP outputs, and classroom application would be helpful.",They were moderately useful and would be stronger when combined with current lecturer observations.,"Yes, especially when the dashboard displayed both supporting and opposing factors.","My main concerns are data privacy, inaccurate records, and possible bias against particular student groups.","Add confidence scores, simple language summaries, and links to the evidence supporting each prediction.",Original sample
2026/07/05 4:06:12 PM GMT,Male,30-39,Chemical Engineering & Technology,Lecturer,More than 15 years,Above 200,Very High,Moderate,4 - Agree,4 - Agree,4 - Agree,2 - Disagree,2 - Disagree,2 - Disagree,3 - Neutral,3 - Neutral,3 - Neutral,5 - Strongly Agree,3 - Neutral,2 - Disagree,4 - Agree,4 - Agree,2 - Disagree,3 - Neutral,4 - Agree,4 - Agree,2 - Disagree,3 - Neutral,3 - Neutral,3 - Neutral,4 - Agree,4 - Agree,3 - Neutral,2 - Disagree,2 - Disagree,2 - Disagree,3 - Neutral,3 - Neutral,1 - Strongly Disagree,3 - Neutral,2 - Disagree,4 - Agree,5 - Strongly Agree,5 - Strongly Agree,3 - Neutral,2 - Disagree,4 - Agree,3 - Neutral,3 - Neutral,4 - Agree,3 - Neutral,3 - Neutral,3 - Neutral,3 - Neutral,They improved trust because the important features influencing the prediction were visible.,"The clear identification of attendance, assessment scores, and participation patterns supported decision-making.",Yes. Some recommendations appeared too dependent on historical assessment scores.,I am encouraged when AI complements rather than replaces professional judgement.,"Support exists through ICT services and staff development programmes, although more AI-specific training is needed.",Scenario-based training using real classroom cases would improve confidence.,"They were useful for screening, but should not be used as the only basis for a decision.","Yes, especially when the dashboard displayed both supporting and opposing factors.","My main concerns are data privacy, inaccurate records, and possible bias against particular student groups.",Pilot the framework across multiple departments and retrain it regularly with representative institutional data.,Original sample
2026/07/06 9:20:07 AM GMT,Male,30-39,Mechanical Engineering,Lecturer,5-10 years,50-100,Very High,High,5 - Strongly Agree,5 - Strongly Agree,5 - Strongly Agree,5 - Strongly Agree,5 - Strongly Agree,3 - Neutral,5 - Strongly Agree,5 - Strongly Agree,5 - Strongly Agree,5 - Strongly Agree,5 - Strongly Agree,4 - Agree,5 - Strongly Agree,5 - Strongly Agree,5 - Strongly Agree,5 - Strongly Agree,5 - Strongly Agree,5 - Strongly Agree,4 - Agree,4 - Agree,5 - Strongly Agree,3 - Neutral,5 - Strongly Agree,4 - Agree,5 - Strongly Agree,5 - Strongly Agree,3 - Neutral,4 - Agree,4 - Agree,5 - Strongly Agree,5 - Strongly Agree,5 - Strongly Agree,5 - Strongly Agree,5 - Strongly Agree,5 - Strongly Agree,5 - Strongly Agree,5 - Strongly Agree,5 - Strongly Agree,4 - Agree,5 - Strongly Agree,4 - Agree,3 - Neutral,5 - Strongly Agree,5 - Strongly Agree,5 - Strongly Agree,5 - Strongly Agree,The explanations increased our confidence by showing the main factors behind each recommendation.,Feature importance and the direction of each factor helped me understand the recommendation.,"Yes, especially when my knowledge of the student's personal circumstances contradicted the recommendation.",I am encouraged when AI complements rather than replaces professional judgement.,"The institution provides LMS platforms, internet access, and occasional digital teaching workshops.","Practical training on responsible AI use, interpretation of SHAP outputs, and classroom application would be helpful.","They were useful for screening, but should not be used as the only basis for a decision.","To a large extent, because I could see why the model reached a particular outcome.",The system may appear objective even when historical data contain unfair patterns.,"Improve the dashboard, include clearer local explanations, and allow lecturers to provide feedback on recommendations.",Original sample
2026/07/06 11:19:09 AM GMT,Male,50 and above,Hospitality and Tourism Management,Senior Lecturer,More than 15 years,50-100,High,High,4 - Agree,5 - Strongly Agree,3 - Neutral,5 - Strongly Agree,5 - Strongly Agree,4 - Agree,5 - Strongly Agree,5 - Strongly Agree,5 - Strongly Agree,4 - Agree,5 - Strongly Agree,3 - Neutral,5 - Strongly Agree,5 - Strongly Agree,5 - Strongly Agree,5 - Strongly Agree,5 - Strongly Agree,4 - Agree,5 - Strongly Agree,4 - Agree,5 - Strongly Agree,5 - Strongly Agree,4 - Agree,5 - Strongly Agree,4 - Agree,5 - Strongly Agree,4 - Agree,5 - Strongly Agree,5 - Strongly Agree,4 - Agree,5 - Strongly Agree,5 - Strongly Agree,4 - Agree,4 - Agree,5 - Strongly Agree,5 - Strongly Agree,3 - Neutral,3 - Neutral,4 - Agree,5 - Strongly Agree,4 - Agree,5 - Strongly Agree,5 - Strongly Agree,4 - Agree,5 - Strongly Agree,4 - Agree,They improved trust because the important features influencing the prediction were visible.,"The clear identification of attendance, assessment scores, and participation patterns supported decision-making.",Yes. I disagreed when the model overlooked recent improvements that were not yet captured in the data.,"Evidence of fairness, privacy protection, and consistent performance would encourage collaboration.","The institution provides computer laboratories and technical support, but access and connectivity can be improved.","Training should cover basic AI literacy, model limitations, and how to interpret prediction explanations.",The predictions were useful for identifying students who may require early academic support.,Yes. SHAP made the prediction process more transparent and easier to interpret.,I am concerned about overreliance on predictions and limited opportunities for students to challenge decisions.,"The framework should include fairness monitoring, data-quality checks, and regular model validation.",Original sample
2026/07/06 1:20:23 PM GMT,Male,30-39,Liberal Studies,Lecturer,Less than 5 years,101-200,High,Very High,4 - Agree,5 - Strongly Agree,5 - Strongly Agree,5 - Strongly Agree,5 - Strongly Agree,5 - Strongly Agree,5 - Strongly Agree,5 - Strongly Agree,4 - Agree,3 - Neutral,4 - Agree,4 - Agree,3 - Neutral,5 - Strongly Agree,3 - Neutral,5 - Strongly Agree,5 - Strongly Agree,4 - Agree,4 - Agree,4 - Agree,4 - Agree,4 - Agree,4 - Agree,5 - Strongly Agree,5 - Strongly Agree,5 - Strongly Agree,4 - Agree,3 - Neutral,5 - Strongly Agree,2 - Disagree,3 - Neutral,5 - Strongly Agree,5 - Strongly Agree,4 - Agree,5 - Strongly Agree,5 - Strongly Agree,4 - Agree,5 - Strongly Agree,4 - Agree,3 - Neutral,3 - Neutral,4 - Agree,5 - Strongly Agree,5 - Strongly Agree,4 - Agree,3 - Neutral,They improved my confidence when the highlighted factors matched what I knew about the student.,Feature importance and the direction of each factor helped me understand the recommendation.,Occasionally. I relied on professional judgement when the available data were incomplete.,I am encouraged when AI complements rather than replaces professional judgement.,"The institution provides LMS platforms, internet access, and occasional digital teaching workshops.","Regular workshops on data preparation, dashboard use, and responsible intervention planning would be useful.","They were useful for screening, but should not be used as the only basis for a decision.","Somewhat. The visual explanation was helpful, but additional contextual guidance would improve understanding.","I am concerned about biased training data, unequal treatment of students, and insufficient transparency.",Pilot the framework across multiple departments and retrain it regularly with representative institutional data.,Original sample
2026/07/06 2:34:33 PM GMT,Female,50 and above,Faculty of Applied Sciences,Professor,More than 15 years,101-200,Moderate,Moderate,4 - Agree,4 - Agree,4 - Agree,4 - Agree,4 - Agree,5 - Strongly Agree,3 - Neutral,3 - Neutral,5 - Strongly Agree,4 - Agree,3 - Neutral,5 - Strongly Agree,4 - Agree,3 - Neutral,3 - Neutral,3 - Neutral,4 - Agree,4 - Agree,3 - Neutral,4 - Agree,3 - Neutral,5 - Strongly Agree,4 - Agree,3 - Neutral,3 - Neutral,3 - Neutral,2 - Disagree,2 - Disagree,4 - Agree,3 - Neutral,2 - Disagree,3 - Neutral,4 - Agree,5 - Strongly Agree,5 - Strongly Agree,2 - Disagree,4 - Agree,4 - Agree,3 - Neutral,4 - Agree,5 - Strongly Agree,3 - Neutral,3 - Neutral,3 - Neutral,3 - Neutral,5 - Strongly Agree,They improved my confidence when the highlighted factors matched what I knew about the student.,"The clear identification of attendance, assessment scores, and participation patterns supported decision-making.",Occasionally. I relied on professional judgement when the available data were incomplete.,Training and a user-friendly system encourage collaboration; lack of technical support discourages it.,The institution encourages digital learning but formal AI policies and training are still developing.,"Hands-on workshops on AI ethics, bias detection, data privacy, and decision-support tools are needed.",They were helpful in identifying patterns that may not be immediately visible in routine classroom monitoring.,"They improved my understanding, although some technical terms required further explanation.",There should be clear accountability when an AI-supported recommendation negatively affects a student.,"The framework should include fairness monitoring, data-quality checks, and regular model validation.",Original sample
2026/07/06 3:39:45 PM GMT,Female,30-39,Hospitality and Tourism Management,Professor,5-10 years,101-200,Moderate,Low,4 - Agree,4 - Agree,4 - Agree,3 - Neutral,4 - Agree,3 - Neutral,3 - Neutral,3 - Neutral,3 - Neutral,3 - Neutral,3 - Neutral,3 - Neutral,3 - Neutral,3 - Neutral,3 - Neutral,5 - Strongly Agree,4 - Agree,3 - Neutral,3 - Neutral,4 - Agree,4 - Agree,3 - Neutral,4 - Agree,3 - Neutral,4 - Agree,3 - Neutral,3 - Neutral,3 - Neutral,2 - Disagree,4 - Agree,3 - Neutral,5 - Strongly Agree,4 - Agree,5 - Strongly Agree,4 - Agree,5 - Strongly Agree,5 - Strongly Agree,4 - Agree,3 - Neutral,4 - Agree,4 - Agree,4 - Agree,3 - Neutral,4 - Agree,4 - Agree,4 - Agree,The explanations increased our confidence by showing the main factors behind each recommendation.,The ranking of the most influential student factors was the most useful aspect.,Yes. I disagreed when the model overlooked recent improvements that were not yet captured in the data.,"Reliable predictions and transparency encourage me, while bias, poor connectivity, and inaccurate data discourage me.","Support exists through ICT services and staff development programmes, although more AI-specific training is needed.",Scenario-based training using real classroom cases would improve confidence.,The predictions were useful for identifying students who may require early academic support.,Yes. The explanations clarified how each student factor contributed to the final prediction.,I am concerned about overreliance on predictions and limited opportunities for students to challenge decisions.,"Include recent student progress, lecturer observations, and contextual factors in the model.",Original sample
2026/07/06 4:17:15 PM GMT,Female,30-39,Building Technology,Lecturer,Less than 5 years,50-100,Very High,Moderate,5 - Strongly Agree,3 - Neutral,4 - Agree,4 - Agree,3 - Neutral,3 - Neutral,4 - Agree,5 - Strongly Agree,3 - Neutral,4 - Agree,3 - Neutral,3 - Neutral,4 - Agree,4 - Agree,3 - Neutral,3 - Neutral,3 - Neutral,3 - Neutral,4 - Agree,4 - Agree,4 - Agree,5 - Strongly Agree,2 - Disagree,5 - Strongly Agree,5 - Strongly Agree,3 - Neutral,3 - Neutral,3 - Neutral,3 - Neutral,3 - Neutral,4 - Agree,4 - Agree,4 - Agree,5 - Strongly Agree,3 - Neutral,4 - Agree,3 - Neutral,4 - Agree,4 - Agree,3 - Neutral,3 - Neutral,3 - Neutral,3 - Neutral,4 - Agree,4 - Agree,4 - Agree,The explanations increased our confidence by showing the main factors behind each recommendation.,"The clear identification of attendance, assessment scores, and participation patterns supported decision-making.","Yes, especially when my knowledge of the student's personal circumstances contradicted the recommendation.",Training and a user-friendly system encourage collaboration; lack of technical support discourages it.,"Management supports technology use through infrastructure, technical assistance, and innovation initiatives.","Hands-on workshops on AI ethics, bias detection, data privacy, and decision-support tools are needed.",They were helpful in identifying patterns that may not be immediately visible in routine classroom monitoring.,"Somewhat. The visual explanation was helpful, but additional contextual guidance would improve understanding.",The system may appear objective even when historical data contain unfair patterns.,"Improve the dashboard, include clearer local explanations, and allow lecturers to provide feedback on recommendations.",Original sample
2026/07/06 4:23:40 PM GMT,Male,40-49,Management Studies,Senior Lecturer,5-10 years,Less than 50,High,High,4 - Agree,3 - Neutral,4 - Agree,3 - Neutral,4 - Agree,4 - Agree,4 - Agree,3 - Neutral,2 - Disagree,4 - Agree,4 - Agree,4 - Agree,3 - Neutral,4 - Agree,3 - Neutral,3 - Neutral,3 - Neutral,4 - Agree,4 - Agree,4 - Agree,4 - Agree,4 - Agree,4 - Agree,5 - Strongly Agree,3 - Neutral,5 - Strongly Agree,3 - Neutral,3 - Neutral,3 - Neutral,3 - Neutral,2 - Disagree,4 - Agree,3 - Neutral,4 - Agree,5 - Strongly Agree,3 - Neutral,3 - Neutral,3 - Neutral,4 - Agree,3 - Neutral,2 - Disagree,3 - Neutral,4 - Agree,4 - Agree,4 - Agree,4 - Agree,The explanations made the recommendations less like a black box and easier to assess.,The ranking of the most influential student factors was the most useful aspect.,Occasionally. I relied on professional judgement when the available data were incomplete.,I am encouraged when AI complements rather than replaces professional judgement.,"The institution provides computer laboratories and technical support, but access and connectivity can be improved.","Regular workshops on data preparation, dashboard use, and responsible intervention planning would be useful.",They were helpful in identifying patterns that may not be immediately visible in routine classroom monitoring.,"To a large extent, because I could see why the model reached a particular outcome.",There should be clear accountability when an AI-supported recommendation negatively affects a student.,"Include recent student progress, lecturer observations, and contextual factors in the model.",Original sample
2026/07/06 4:24:43 PM GMT,Male,30-39,Food Technology,Lecturer,5-10 years,Less than 50,High,High,4 - Agree,5 - Strongly Agree,5 - Strongly Agree,5 - Strongly Agree,3 - Neutral,4 - Agree,5 - Strongly Agree,4 - Agree,5 - Strongly Agree,4 - Agree,5 - Strongly Agree,4 - Agree,5 - Strongly Agree,3 - Neutral,4 - Agree,3 - Neutral,5 - Strongly Agree,5 - Strongly Agree,4 - Agree,4 - Agree,4 - Agree,4 - Agree,4 - Agree,4 - Agree,4 - Agree,5 - Strongly Agree,5 - Strongly Agree,4 - Agree,3 - Neutral,4 - Agree,3 - Neutral,5 - Strongly Agree,5 - Strongly Agree,5 - Strongly Agree,5 - Strongly Agree,5 - Strongly Agree,5 - Strongly Agree,4 - Agree,5 - Strongly Agree,5 - Strongly Agree,4 - Agree,5 - Strongly Agree,3 - Neutral,3 - Neutral,4 - Agree,3 - Neutral,The explanations increased our confidence by showing the main factors behind each recommendation.,The comparison of positive and negative contributing factors was most useful.,Yes. Some recommendations appeared too dependent on historical assessment scores.,I am encouraged when AI complements rather than replaces professional judgement.,"The institution provides computer laboratories and technical support, but access and connectivity can be improved.",Scenario-based training using real classroom cases would improve confidence.,They were helpful in identifying patterns that may not be immediately visible in routine classroom monitoring.,"To a large extent, because I could see why the model reached a particular outcome.",There should be clear accountability when an AI-supported recommendation negatively affects a student.,"Include recent student progress, lecturer observations, and contextual factors in the model.",Original sample
2026/07/06 4:48:04 PM GMT,Male,50 and above,Mechanical Engineering,Associate Professor,11-15 years,Less than 50,Moderate,High,4 - Agree,4 - Agree,4 - Agree,3 - Neutral,3 - Neutral,5 - Strongly Agree,3 - Neutral,4 - Agree,3 - Neutral,4 - Agree,5 - Strongly Agree,4 - Agree,4 - Agree,4 - Agree,4 - Agree,4 - Agree,5 - Strongly Agree,4 - Agree,5 - Strongly Agree,5 - Strongly Agree,4 - Agree,5 - Strongly Agree,3 - Neutral,4 - Agree,3 - Neutral,4 - Agree,2 - Disagree,3 - Neutral,4 - Agree,3 - Neutral,3 - Neutral,5 - Strongly Agree,4 - Agree,3 - Neutral,5 - Strongly Agree,4 - Agree,3 - Neutral,4 - Agree,5 - Strongly Agree,3 - Neutral,3 - Neutral,5 - Strongly Agree,5 - Strongly Agree,3 - Neutral,3 - Neutral,4 - Agree,"My trust improved, but only when the explanation was clear and supported by accurate student data.","The clear identification of attendance, assessment scores, and participation patterns supported decision-making.",Yes. I disagreed when the model overlooked recent improvements that were not yet captured in the data.,"Reliable predictions and transparency encourage me, while bias, poor connectivity, and inaccurate data discourage me.",Current support is moderate and mainly focuses on general educational technology rather than AI.,"Regular workshops on data preparation, dashboard use, and responsible intervention planning would be useful.",The predictions helped prioritise students for follow-up and intervention planning.,Yes. SHAP made the prediction process more transparent and easier to interpret.,"I am concerned about biased training data, unequal treatment of students, and insufficient transparency.","Improve the dashboard, include clearer local explanations, and allow lecturers to provide feedback on recommendations.",Original sample
2026/07/06 5:04:09 PM GMT,Male,30-39,Faculty of Applied Sciences,Lecturer,Less than 5 years,101-200,Very High,Very High,4 - Agree,4 - Agree,5 - Strongly Agree,4 - Agree,5 - Strongly Agree,4 - Agree,5 - Strongly Agree,3 - Neutral,4 - Agree,4 - Agree,4 - Agree,5 - Strongly Agree,5 - Strongly Agree,4 - Agree,5 - Strongly Agree,4 - Agree,5 - Strongly Agree,5 - Strongly Agree,4 - Agree,3 - Neutral,4 - Agree,3 - Neutral,3 - Neutral,5 - Strongly Agree,4 - Agree,5 - Strongly Agree,3 - Neutral,4 - Agree,4 - Agree,5 - Strongly Agree,3 - Neutral,5 - Strongly Agree,4 - Agree,5 - Strongly Agree,5 - Strongly Agree,5 - Strongly Agree,3 - Neutral,5 - Strongly Agree,4 - Agree,4 - Agree,5 - Strongly Agree,4 - Agree,5 - Strongly Agree,4 - Agree,4 - Agree,4 - Agree,They improved my confidence when the highlighted factors matched what I knew about the student.,Feature importance and the direction of each factor helped me understand the recommendation.,Yes. I disagreed when the model overlooked recent improvements that were not yet captured in the data.,"Poor infrastructure, limited training, and unexplained recommendations would discourage collaboration.",The institution encourages digital learning but formal AI policies and training are still developing.,Scenario-based training using real classroom cases would improve confidence.,They were helpful in identifying patterns that may not be immediately visible in routine classroom monitoring.,Yes. SHAP made the prediction process more transparent and easier to interpret.,"My main concerns are data privacy, inaccurate records, and possible bias against particular student groups.","Add confidence scores, simple language summaries, and links to the evidence supporting each prediction.",Original sample
2026/07/06 6:04:16 PM GMT,Male,50 and above,Computer Science,Associate Professor,5-10 years,50-100,High,High,3 - Neutral,4 - Agree,4 - Agree,3 - Neutral,3 - Neutral,5 - Strongly Agree,4 - Agree,4 - Agree,5 - Strongly Agree,5 - Strongly Agree,5 - Strongly Agree,4 - Agree,5 - Strongly Agree,5 - Strongly Agree,4 - Agree,4 - Agree,5 - Strongly Agree,3 - Neutral,5 - Strongly Agree,3 - Neutral,4 - Agree,4 - Agree,3 - Neutral,4 - Agree,4 - Agree,5 - Strongly Agree,3 - Neutral,4 - Agree,3 - Neutral,3 - Neutral,2 - Disagree,5 - Strongly Agree,5 - Strongly Agree,3 - Neutral,4 - Agree,5 - Strongly Agree,4 - Agree,2 - Disagree,4 - Agree,4 - Agree,4 - Agree,3 - Neutral,4 - Agree,5 - Strongly Agree,2 - Disagree,4 - Agree,They improved my confidence when the highlighted factors matched what I knew about the student.,The concise dashboard and explanation of individual predictions were helpful.,Yes. I disagreed when the model overlooked recent improvements that were not yet captured in the data.,"Evidence of fairness, privacy protection, and consistent performance would encourage collaboration.","The institution provides computer laboratories and technical support, but access and connectivity can be improved.","Hands-on workshops on AI ethics, bias detection, data privacy, and decision-support tools are needed.",They were moderately useful and would be stronger when combined with current lecturer observations.,"They improved my understanding, although some technical terms required further explanation.",There should be clear accountability when an AI-supported recommendation negatively affects a student.,"Improve the dashboard, include clearer local explanations, and allow lecturers to provide feedback on recommendations.",Original sample
2026/07/07 7:09:58 AM GMT,Female,30-39,Faculty of Applied Sciences,Assistant Lecturer,Less than 5 years,50-100,High,Moderate,3 - Neutral,3 - Neutral,3 - Neutral,4 - Agree,4 - Agree,4 - Agree,3 - Neutral,4 - Agree,3 - Neutral,4 - Agree,3 - Neutral,4 - Agree,3 - Neutral,3 - Neutral,3 - Neutral,3 - Neutral,4 - Agree,4 - Agree,4 - Agree,3 - Neutral,3 - Neutral,3 - Neutral,3 - Neutral,3 - Neutral,3 - Neutral,4 - Agree,2 - Disagree,1 - Strongly Disagree,2 - Disagree,2 - Disagree,3 - Neutral,4 - Agree,5 - Strongly Agree,3 - Neutral,3 - Neutral,3 - Neutral,4 - Agree,2 - Disagree,5 - Strongly Agree,4 - Agree,2 - Disagree,3 - Neutral,3 - Neutral,4 - Agree,3 - Neutral,2 - Disagree,They improved my confidence when the highlighted factors matched what I knew about the student.,The concise dashboard and explanation of individual predictions were helpful.,Yes. Some recommendations appeared too dependent on historical assessment scores.,Training and a user-friendly system encourage collaboration; lack of technical support discourages it.,"The institution provides computer laboratories and technical support, but access and connectivity can be improved.","Training should cover basic AI literacy, model limitations, and how to interpret prediction explanations.",They were moderately useful and would be stronger when combined with current lecturer observations.,Yes. The explanations clarified how each student factor contributed to the final prediction.,There should be clear accountability when an AI-supported recommendation negatively affects a student.,"Add confidence scores, simple language summaries, and links to the evidence supporting each prediction.",Original sample
2026/07/07 7:58:19 AM GMT,Female,50 and above,Mechanical Engineering,Senior Lecturer,11-15 years,101-200,Moderate,Very High,3 - Neutral,3 - Neutral,3 - Neutral,3 - Neutral,4 - Agree,4 - Agree,4 - Agree,4 - Agree,4 - Agree,4 - Agree,3 - Neutral,2 - Disagree,2 - Disagree,4 - Agree,5 - Strongly Agree,4 - Agree,3 - Neutral,3 - Neutral,3 - Neutral,4 - Agree,3 - Neutral,4 - Agree,4 - Agree,3 - Neutral,4 - Agree,3 - Neutral,1 - Strongly Disagree,4 - Agree,2 - Disagree,2 - Disagree,3 - Neutral,3 - Neutral,5 - Strongly Agree,3 - Neutral,5 - Strongly Agree,4 - Agree,3 - Neutral,3 - Neutral,3 - Neutral,5 - Strongly Agree,3 - Neutral,2 - Disagree,3 - Neutral,2 - Disagree,4 - Agree,5 - Strongly Agree,The explanations made the recommendations less like a black box and easier to assess.,The concise dashboard and explanation of individual predictions were helpful.,Occasionally. I relied on professional judgement when the available data were incomplete.,"Poor infrastructure, limited training, and unexplained recommendations would discourage collaboration.",Current support is moderate and mainly focuses on general educational technology rather than AI.,Scenario-based training using real classroom cases would improve confidence.,They were moderately useful and would be stronger when combined with current lecturer observations.,"They improved my understanding, although some technical terms required further explanation.",The system may appear objective even when historical data contain unfair patterns.,"The framework should include fairness monitoring, data-quality checks, and regular model validation.",Original sample
2026/07/07 9:59:18 AM GMT,Male,40-49,Management Studies,Lecturer,11-15 years,50-100,Very High,High,3 - Neutral,5 - Strongly Agree,4 - Agree,3 - Neutral,4 - Agree,5 - Strongly Agree,4 - Agree,2 - Disagree,4 - Agree,5 - Strongly Agree,3 - Neutral,4 - Agree,3 - Neutral,5 - Strongly Agree,5 - Strongly Agree,3 - Neutral,4 - Agree,3 - Neutral,3 - Neutral,3 - Neutral,4 - Agree,2 - Disagree,4 - Agree,3 - Neutral,3 - Neutral,4 - Agree,4 - Agree,2 - Disagree,3 - Neutral,3 - Neutral,3 - Neutral,4 - Agree,4 - Agree,4 - Agree,3 - Neutral,4 - Agree,5 - Strongly Agree,4 - Agree,4 - Agree,2 - Disagree,3 - Neutral,3 - Neutral,3 - Neutral,3 - Neutral,5 - Strongly Agree,4 - Agree,"My trust improved, but only when the explanation was clear and supported by accurate student data.",Feature importance and the direction of each factor helped me understand the recommendation.,Yes. I disagreed when the model overlooked recent improvements that were not yet captured in the data.,"Poor infrastructure, limited training, and unexplained recommendations would discourage collaboration.","Management supports technology use through infrastructure, technical assistance, and innovation initiatives.","Training on fairness, transparency, privacy, and combining AI evidence with professional judgement is required.",The results provided an early warning that could guide further investigation.,"Somewhat. The visual explanation was helpful, but additional contextual guidance would improve understanding.",I am concerned about overreliance on predictions and limited opportunities for students to challenge decisions.,"Include recent student progress, lecturer observations, and contextual factors in the model.",Original sample
2026/07/07 10:14:14 AM GMT,Male,40-49,Computer Science,Associate Professor,5-10 years,50-100,Moderate,Moderate,4 - Agree,5 - Strongly Agree,5 - Strongly Agree,5 - Strongly Agree,5 - Strongly Agree,4 - Agree,4 - Agree,3 - Neutral,5 - Strongly Agree,5 - Strongly Agree,3 - Neutral,3 - Neutral,5 - Strongly Agree,4 - Agree,4 - Agree,4 - Agree,5 - Strongly Agree,5 - Strongly Agree,4 - Agree,5 - Strongly Agree,4 - Agree,4 - Agree,4 - Agree,4 - Agree,4 - Agree,5 - Strongly Agree,4 - Agree,3 - Neutral,3 - Neutral,3 - Neutral,5 - Strongly Agree,4 - Agree,5 - Strongly Agree,3 - Neutral,5 - Strongly Agree,4 - Agree,5 - Strongly Agree,4 - Agree,3 - Neutral,4 - Agree,4 - Agree,5 - Strongly Agree,3 - Neutral,5 - Strongly Agree,3 - Neutral,5 - Strongly Agree,The explanations made the recommendations less like a black box and easier to assess.,Feature importance and the direction of each factor helped me understand the recommendation.,"No major disagreement occurred, but I would still review the evidence before acting.",Training and a user-friendly system encourage collaboration; lack of technical support discourages it.,Current support is moderate and mainly focuses on general educational technology rather than AI.,"Hands-on workshops on AI ethics, bias detection, data privacy, and decision-support tools are needed.",They were helpful in identifying patterns that may not be immediately visible in routine classroom monitoring.,"Somewhat. The visual explanation was helpful, but additional contextual guidance would improve understanding.",I am concerned about overreliance on predictions and limited opportunities for students to challenge decisions.,"Include recent student progress, lecturer observations, and contextual factors in the model.",Original sample
2026/07/07 10:18:22 AM GMT,Male,40-49,Computer Science,Senior Lecturer,11-15 years,Less than 50,Moderate,High,4 - Agree,3 - Neutral,4 - Agree,3 - Neutral,4 - Agree,3 - Neutral,3 - Neutral,5 - Strongly Agree,4 - Agree,4 - Agree,4 - Agree,3 - Neutral,5 - Strongly Agree,3 - Neutral,3 - Neutral,2 - Disagree,2 - Disagree,4 - Agree,3 - Neutral,3 - Neutral,2 - Disagree,4 - Agree,4 - Agree,3 - Neutral,3 - Neutral,3 - Neutral,3 - Neutral,2 - Disagree,3 - Neutral,5 - Strongly Agree,3 - Neutral,4 - Agree,4 - Agree,4 - Agree,4 - Agree,5 - Strongly Agree,3 - Neutral,4 - Agree,2 - Disagree,4 - Agree,5 - Strongly Agree,3 - Neutral,3 - Neutral,4 - Agree,3 - Neutral,4 - Agree,"Trust increased moderately, although I would still confirm recommendations with my professional judgement.",The concise dashboard and explanation of individual predictions were helpful.,"Sometimes, particularly when the prediction did not reflect classroom participation and recent progress.","Evidence of fairness, privacy protection, and consistent performance would encourage collaboration.","Management supports technology use through infrastructure, technical assistance, and innovation initiatives.","Training on fairness, transparency, privacy, and combining AI evidence with professional judgement is required.",They were helpful in identifying patterns that may not be immediately visible in routine classroom monitoring.,"To a large extent, because I could see why the model reached a particular outcome.","Fairness should be tested across gender, programme, background, and other relevant student groups.","Provide role-based access, stronger privacy controls, and an audit trail for decisions.",Original sample
2026/07/07 3:29:44 PM GMT,Female,50 and above,Liberal Studies,Professor,11-15 years,50-100,Moderate,Moderate,4 - Agree,4 - Agree,4 - Agree,4 - Agree,4 - Agree,5 - Strongly Agree,4 - Agree,4 - Agree,3 - Neutral,4 - Agree,4 - Agree,3 - Neutral,5 - Strongly Agree,3 - Neutral,4 - Agree,2 - Disagree,4 - Agree,4 - Agree,5 - Strongly Agree,4 - Agree,3 - Neutral,3 - Neutral,3 - Neutral,5 - Strongly Agree,4 - Agree,3 - Neutral,3 - Neutral,2 - Disagree,3 - Neutral,3 - Neutral,3 - Neutral,2 - Disagree,5 - Strongly Agree,4 - Agree,4 - Agree,5 - Strongly Agree,4 - Agree,4 - Agree,4 - Agree,4 - Agree,3 - Neutral,3 - Neutral,3 - Neutral,4 - Agree,3 - Neutral,4 - Agree,They improved my confidence when the highlighted factors matched what I knew about the student.,The ranking of the most influential student factors was the most useful aspect.,Yes. I disagreed when the model overlooked recent improvements that were not yet captured in the data.,"Accuracy, clear explanations, data quality, institutional support, and respect for teacher judgement encourage collaboration.","Management supports technology use through infrastructure, technical assistance, and innovation initiatives.",Scenario-based training using real classroom cases would improve confidence.,The predictions were useful for identifying students who may require early academic support.,"They improved my understanding, although some technical terms required further explanation.","My main concerns are data privacy, inaccurate records, and possible bias against particular student groups.","Provide role-based access, stronger privacy controls, and an audit trail for decisions.",Original sample
2026/07/07 3:42:34 PM GMT,Female,30-39,Faculty of Applied Sciences,Lecturer,5-10 years,50-100,Very High,Very High,4 - Agree,3 - Neutral,2 - Disagree,2 - Disagree,4 - Agree,4 - Agree,4 - Agree,2 - Disagree,2 - Disagree,4 - Agree,4 - Agree,4 - Agree,2 - Disagree,4 - Agree,3 - Neutral,2 - Disagree,2 - Disagree,3 - Neutral,2 - Disagree,4 - Agree,3 - Neutral,5 - Strongly Agree,4 - Agree,2 - Disagree,4 - Agree,4 - Agree,4 - Agree,4 - Agree,4 - Agree,3 - Neutral,4 - Agree,4 - Agree,4 - Agree,3 - Neutral,3 - Neutral,5 - Strongly Agree,2 - Disagree,4 - Agree,4 - Agree,2 - Disagree,2 - Disagree,3 - Neutral,3 - Neutral,4 - Agree,2 - Disagree,4 - Agree,"My trust improved, but only when the explanation was clear and supported by accurate student data.",Feature importance and the direction of each factor helped me understand the recommendation.,Yes. I disagreed when the model overlooked recent improvements that were not yet captured in the data.,"Evidence of fairness, privacy protection, and consistent performance would encourage collaboration.",The institution encourages digital learning but formal AI policies and training are still developing.,Scenario-based training using real classroom cases would improve confidence.,The predictions were useful for identifying students who may require early academic support.,"To a large extent, because I could see why the model reached a particular outcome.",There should be clear accountability when an AI-supported recommendation negatively affects a student.,Pilot the framework across multiple departments and retrain it regularly with representative institutional data.,Original sample
2026/07/07 4:24:48 PM GMT,Male,50 and above,Chemical Engineering & Technology,Associate Professor,11-15 years,Less than 50,Moderate,High,4 - Agree,4 - Agree,4 - Agree,3 - Neutral,5 - Strongly Agree,3 - Neutral,3 - Neutral,4 - Agree,3 - Neutral,3 - Neutral,4 - Agree,4 - Agree,4 - Agree,3 - Neutral,4 - Agree,5 - Strongly Agree,4 - Agree,5 - Strongly Agree,4 - Agree,4 - Agree,3 - Neutral,4 - Agree,4 - Agree,5 - Strongly Agree,4 - Agree,3 - Neutral,4 - Agree,3 - Neutral,3 - Neutral,2 - Disagree,3 - Neutral,5 - Strongly Agree,5 - Strongly Agree,5 - Strongly Agree,4 - Agree,4 - Agree,4 - Agree,3 - Neutral,4 - Agree,3 - Neutral,4 - Agree,3 - Neutral,4 - Agree,3 - Neutral,3 - Neutral,4 - Agree,The explanations increased our confidence by showing the main factors behind each recommendation.,Feature importance and the direction of each factor helped me understand the recommendation.,"Sometimes, particularly when the prediction did not reflect classroom participation and recent progress.","Reliable predictions and transparency encourage me, while bias, poor connectivity, and inaccurate data discourage me.","Management supports technology use through infrastructure, technical assistance, and innovation initiatives.",Scenario-based training using real classroom cases would improve confidence.,They were helpful in identifying patterns that may not be immediately visible in routine classroom monitoring.,Yes. SHAP made the prediction process more transparent and easier to interpret.,I am concerned about overreliance on predictions and limited opportunities for students to challenge decisions.,Pilot the framework across multiple departments and retrain it regularly with representative institutional data.,Original sample
2026/07/08 7:45:00 AM GMT,Male,30-39,Faculty of Applied Sciences,Assistant Lecturer,Less than 5 years,50-100,High,Moderate,2 - Disagree,4 - Agree,5 - Strongly Agree,5 - Strongly Agree,3 - Neutral,3 - Neutral,4 - Agree,4 - Agree,4 - Agree,4 - Agree,4 - Agree,4 - Agree,5 - Strongly Agree,5 - Strongly Agree,3 - Neutral,3 - Neutral,3 - Neutral,3 - Neutral,5 - Strongly Agree,2 - Disagree,4 - Agree,2 - Disagree,3 - Neutral,2 - Disagree,3 - Neutral,2 - Disagree,3 - Neutral,4 - Agree,3 - Neutral,3 - Neutral,3 - Neutral,4 - Agree,3 - Neutral,5 - Strongly Agree,4 - Agree,4 - Agree,4 - Agree,5 - Strongly Agree,2 - Disagree,4 - Agree,3 - Neutral,3 - Neutral,4 - Agree,2 - Disagree,5 - Strongly Agree,5 - Strongly Agree,They improved trust because the important features influencing the prediction were visible.,The ranking of the most influential student factors was the most useful aspect.,Yes. Some recommendations appeared too dependent on historical assessment scores.,I am encouraged when AI complements rather than replaces professional judgement.,The institution encourages digital learning but formal AI policies and training are still developing.,"Practical training on responsible AI use, interpretation of SHAP outputs, and classroom application would be helpful.",They were helpful in identifying patterns that may not be immediately visible in routine classroom monitoring.,Yes. The explanations clarified how each student factor contributed to the final prediction.,"My main concerns are data privacy, inaccurate records, and possible bias against particular student groups.","Improve the dashboard, include clearer local explanations, and allow lecturers to provide feedback on recommendations.",Original sample
2026/07/08 10:11:16 AM GMT,Male,50 and above,Accounting and Finance,Lecturer,11-15 years,Less than 50,High,Very High,2 - Disagree,2 - Disagree,3 - Neutral,3 - Neutral,3 - Neutral,4 - Agree,2 - Disagree,3 - Neutral,3 - Neutral,3 - Neutral,3 - Neutral,3 - Neutral,3 - Neutral,3 - Neutral,2 - Disagree,4 - Agree,5 - Strongly Agree,2 - Disagree,3 - Neutral,5 - Strongly Agree,4 - Agree,3 - Neutral,2 - Disagree,2 - Disagree,2 - Disagree,4 - Agree,3 - Neutral,2 - Disagree,2 - Disagree,2 - Disagree,2 - Disagree,3 - Neutral,4 - Agree,3 - Neutral,5 - Strongly Agree,3 - Neutral,2 - Disagree,3 - Neutral,3 - Neutral,4 - Agree,3 - Neutral,3 - Neutral,3 - Neutral,3 - Neutral,4 - Agree,5 - Strongly Agree,They improved my confidence when the highlighted factors matched what I knew about the student.,Feature importance and the direction of each factor helped me understand the recommendation.,"Yes, especially when my knowledge of the student's personal circumstances contradicted the recommendation.","Accuracy, clear explanations, data quality, institutional support, and respect for teacher judgement encourage collaboration.","Support exists through ICT services and staff development programmes, although more AI-specific training is needed.","Training should cover basic AI literacy, model limitations, and how to interpret prediction explanations.",The predictions helped prioritise students for follow-up and intervention planning.,"To a large extent, because I could see why the model reached a particular outcome.",I am concerned about overreliance on predictions and limited opportunities for students to challenge decisions.,"Improve the dashboard, include clearer local explanations, and allow lecturers to provide feedback on recommendations.",Original sample
2026/07/08 11:11:43 AM GMT,Male,40-49,Chemical Engineering & Technology,Associate Professor,11-15 years,101-200,Moderate,Low,3 - Neutral,3 - Neutral,4 - Agree,4 - Agree,4 - Agree,2 - Disagree,5 - Strongly Agree,4 - Agree,4 - Agree,5 - Strongly Agree,3 - Neutral,4 - Agree,3 - Neutral,3 - Neutral,3 - Neutral,5 - Strongly Agree,4 - Agree,4 - Agree,3 - Neutral,4 - Agree,3 - Neutral,4 - Agree,2 - Disagree,3 - Neutral,4 - Agree,4 - Agree,3 - Neutral,2 - Disagree,3 - Neutral,3 - Neutral,3 - Neutral,3 - Neutral,4 - Agree,4 - Agree,4 - Agree,5 - Strongly Agree,4 - Agree,3 - Neutral,3 - Neutral,3 - Neutral,3 - Neutral,4 - Agree,5 - Strongly Agree,4 - Agree,4 - Agree,4 - Agree,The explanations increased our confidence by showing the main factors behind each recommendation.,The visual summary showing why a student was classified as at risk was most useful.,"Yes, especially when my knowledge of the student's personal circumstances contradicted the recommendation.","Accuracy, clear explanations, data quality, institutional support, and respect for teacher judgement encourage collaboration.","The institution provides computer laboratories and technical support, but access and connectivity can be improved.","Hands-on workshops on AI ethics, bias detection, data privacy, and decision-support tools are needed.",They were moderately useful and would be stronger when combined with current lecturer observations.,"To a large extent, because I could see why the model reached a particular outcome.","My main concerns are data privacy, inaccurate records, and possible bias against particular student groups.","Provide role-based access, stronger privacy controls, and an audit trail for decisions.",Original sample
2026/07/08 12:31:13 PM GMT,Female,30-39,Liberal Studies,Assistant Lecturer,5-10 years,50-100,Very High,High,2 - Disagree,4 - Agree,5 - Strongly Agree,3 - Neutral,5 - Strongly Agree,5 - Strongly Agree,3 - Neutral,3 - Neutral,4 - Agree,4 - Agree,3 - Neutral,5 - Strongly Agree,4 - Agree,4 - Agree,4 - Agree,4 - Agree,3 - Neutral,4 - Agree,3 - Neutral,2 - Disagree,4 - Agree,2 - Disagree,4 - Agree,3 - Neutral,3 - Neutral,4 - Agree,4 - Agree,3 - Neutral,3 - Neutral,3 - Neutral,2 - Disagree,4 - Agree,3 - Neutral,5 - Strongly Agree,4 - Agree,4 - Agree,5 - Strongly Agree,3 - Neutral,4 - Agree,3 - Neutral,4 - Agree,3 - Neutral,4 - Agree,5 - Strongly Agree,3 - Neutral,3 - Neutral,"My trust improved, but only when the explanation was clear and supported by accurate student data.",The ranking of the most influential student factors was the most useful aspect.,Yes. Some recommendations appeared too dependent on historical assessment scores.,"Evidence of fairness, privacy protection, and consistent performance would encourage collaboration.",Current support is moderate and mainly focuses on general educational technology rather than AI.,"Training should cover basic AI literacy, model limitations, and how to interpret prediction explanations.",They were helpful in identifying patterns that may not be immediately visible in routine classroom monitoring.,"To a large extent, because I could see why the model reached a particular outcome.","My main concerns are data privacy, inaccurate records, and possible bias against particular student groups.","Provide role-based access, stronger privacy controls, and an audit trail for decisions.",Original sample
2026/07/08 1:16:54 PM GMT,Male,40-49,Food Technology,Senior Lecturer,5-10 years,101-200,High,Moderate,5 - Strongly Agree,4 - Agree,4 - Agree,5 - Strongly Agree,4 - Agree,4 - Agree,4 - Agree,4 - Agree,5 - Strongly Agree,5 - Strongly Agree,2 - Disagree,4 - Agree,3 - Neutral,4 - Agree,4 - Agree,5 - Strongly Agree,5 - Strongly Agree,3 - Neutral,4 - Agree,4 - Agree,5 - Strongly Agree,3 - Neutral,5 - Strongly Agree,4 - Agree,4 - Agree,4 - Agree,4 - Agree,4 - Agree,2 - Disagree,5 - Strongly Agree,4 - Agree,4 - Agree,5 - Strongly Agree,5 - Strongly Agree,4 - Agree,5 - Strongly Agree,5 - Strongly Agree,4 - Agree,4 - Agree,3 - Neutral,5 - Strongly Agree,3 - Neutral,3 - Neutral,4 - Agree,5 - Strongly Agree,4 - Agree,They improved my confidence when the highlighted factors matched what I knew about the student.,The comparison of positive and negative contributing factors was most useful.,"No major disagreement occurred, but I would still review the evidence before acting.","Accuracy, clear explanations, data quality, institutional support, and respect for teacher judgement encourage collaboration.",The institution encourages digital learning but formal AI policies and training are still developing.,"Practical training on responsible AI use, interpretation of SHAP outputs, and classroom application would be helpful.",They were helpful in identifying patterns that may not be immediately visible in routine classroom monitoring.,"They improved my understanding, although some technical terms required further explanation.","Fairness should be tested across gender, programme, background, and other relevant student groups.","Provide role-based access, stronger privacy controls, and an audit trail for decisions.",Original sample
2026/07/08 2:05:35 PM GMT,Male,50 and above,Hospitality and Tourism Management,Professor,11-15 years,Less than 50,High,High,4 - Agree,5 - Strongly Agree,2 - Disagree,4 - Agree,4 - Agree,5 - Strongly Agree,3 - Neutral,4 - Agree,2 - Disagree,4 - Agree,3 - Neutral,3 - Neutral,4 - Agree,4 - Agree,3 - Neutral,4 - Agree,4 - Agree,5 - Strongly Agree,4 - Agree,4 - Agree,4 - Agree,3 - Neutral,3 - Neutral,4 - Agree,4 - Agree,3 - Neutral,3 - Neutral,2 - Disagree,2 - Disagree,4 - Agree,4 - Agree,4 - Agree,5 - Strongly Agree,4 - Agree,5 - Strongly Agree,4 - Agree,5 - Strongly Agree,5 - Strongly Agree,4 - Agree,4 - Agree,3 - Neutral,4 - Agree,3 - Neutral,5 - Strongly Agree,3 - Neutral,3 - Neutral,The explanations increased our confidence by showing the main factors behind each recommendation.,The visual summary showing why a student was classified as at risk was most useful.,Yes. I disagreed when the model overlooked recent improvements that were not yet captured in the data.,"Evidence of fairness, privacy protection, and consistent performance would encourage collaboration.",The institution encourages digital learning but formal AI policies and training are still developing.,"Regular workshops on data preparation, dashboard use, and responsible intervention planning would be useful.",The predictions helped prioritise students for follow-up and intervention planning.,"They improved my understanding, although some technical terms required further explanation.","My main concerns are data privacy, inaccurate records, and possible bias against particular student groups.","Improve the dashboard, include clearer local explanations, and allow lecturers to provide feedback on recommendations.",Original sample
2026/07/08 4:32:35 PM GMT,Male,30-39,Building Technology,Lecturer,Less than 5 years,101-200,High,High,5 - Strongly Agree,5 - Strongly Agree,4 - Agree,5 - Strongly Agree,5 - Strongly Agree,4 - Agree,4 - Agree,5 - Strongly Agree,4 - Agree,5 - Strongly Agree,5 - Strongly Agree,4 - Agree,4 - Agree,5 - Strongly Agree,4 - Agree,5 - Strongly Agree,4 - Agree,5 - Strongly Agree,5 - Strongly Agree,4 - Agree,4 - Agree,5 - Strongly Agree,5 - Strongly Agree,5 - Strongly Agree,3 - Neutral,5 - Strongly Agree,4 - Agree,3 - Neutral,4 - Agree,4 - Agree,3 - Neutral,5 - Strongly Agree,4 - Agree,5 - Strongly Agree,4 - Agree,4 - Agree,4 - Agree,3 - Neutral,4 - Agree,3 - Neutral,4 - Agree,4 - Agree,5 - Strongly Agree,2 - Disagree,5 - Strongly Agree,3 - Neutral,The explanations increased our confidence by showing the main factors behind each recommendation.,The visual summary showing why a student was classified as at risk was most useful.,"Yes, especially when my knowledge of the student's personal circumstances contradicted the recommendation.","Reliable predictions and transparency encourage me, while bias, poor connectivity, and inaccurate data discourage me.","Management supports technology use through infrastructure, technical assistance, and innovation initiatives.","Training should cover basic AI literacy, model limitations, and how to interpret prediction explanations.",The results provided an early warning that could guide further investigation.,Yes. The explanations clarified how each student factor contributed to the final prediction.,I am concerned about overreliance on predictions and limited opportunities for students to challenge decisions.,"Include recent student progress, lecturer observations, and contextual factors in the model.",Original sample
2026/07/09 7:46:42 AM GMT,Female,40-49,Faculty of Applied Sciences,Lecturer,5-10 years,101-200,High,Moderate,3 - Neutral,4 - Agree,5 - Strongly Agree,4 - Agree,5 - Strongly Agree,4 - Agree,4 - Agree,5 - Strongly Agree,4 - Agree,4 - Agree,4 - Agree,4 - Agree,4 - Agree,2 - Disagree,5 - Strongly Agree,5 - Strongly Agree,4 - Agree,5 - Strongly Agree,5 - Strongly Agree,4 - Agree,4 - Agree,4 - Agree,5 - Strongly Agree,5 - Strongly Agree,5 - Strongly Agree,5 - Strongly Agree,4 - Agree,2 - Disagree,3 - Neutral,4 - Agree,1 - Strongly Disagree,5 - Strongly Agree,5 - Strongly Agree,5 - Strongly Agree,5 - Strongly Agree,5 - Strongly Agree,4 - Agree,4 - Agree,4 - Agree,3 - Neutral,4 - Agree,4 - Agree,4 - Agree,5 - Strongly Agree,5 - Strongly Agree,3 - Neutral,They improved my confidence when the highlighted factors matched what I knew about the student.,Feature importance and the direction of each factor helped me understand the recommendation.,"Sometimes, particularly when the prediction did not reflect classroom participation and recent progress.","Evidence of fairness, privacy protection, and consistent performance would encourage collaboration.",The institution encourages digital learning but formal AI policies and training are still developing.,"Training on fairness, transparency, privacy, and combining AI evidence with professional judgement is required.","They were useful for screening, but should not be used as the only basis for a decision.","Yes, especially when the dashboard displayed both supporting and opposing factors.",The system may appear objective even when historical data contain unfair patterns.,"Provide role-based access, stronger privacy controls, and an audit trail for decisions.",Original sample
2026/07/09 8:17:29 AM GMT,Male,50 and above,Food Technology,Senior Lecturer,More than 15 years,50-100,Moderate,Very High,3 - Neutral,4 - Agree,4 - Agree,4 - Agree,5 - Strongly Agree,4 - Agree,3 - Neutral,4 - Agree,4 - Agree,4 - Agree,4 - Agree,3 - Neutral,4 - Agree,3 - Neutral,3 - Neutral,3 - Neutral,3 - Neutral,4 - Agree,3 - Neutral,5 - Strongly Agree,2 - Disagree,3 - Neutral,4 - Agree,4 - Agree,4 - Agree,3 - Neutral,3 - Neutral,3 - Neutral,3 - Neutral,2 - Disagree,3 - Neutral,5 - Strongly Agree,5 - Strongly Agree,3 - Neutral,5 - Strongly Agree,4 - Agree,5 - Strongly Agree,4 - Agree,3 - Neutral,5 - Strongly Agree,4 - Agree,3 - Neutral,4 - Agree,3 - Neutral,4 - Agree,4 - Agree,The explanations increased our confidence by showing the main factors behind each recommendation.,The visual summary showing why a student was classified as at risk was most useful.,"No major disagreement occurred, but I would still review the evidence before acting.",Training and a user-friendly system encourage collaboration; lack of technical support discourages it.,"The institution provides LMS platforms, internet access, and occasional digital teaching workshops.","Practical training on responsible AI use, interpretation of SHAP outputs, and classroom application would be helpful.",The predictions helped prioritise students for follow-up and intervention planning.,"To a large extent, because I could see why the model reached a particular outcome.",The system may appear objective even when historical data contain unfair patterns.,"Include recent student progress, lecturer observations, and contextual factors in the model.",Original sample
2026/07/09 8:38:31 AM GMT,Male,50 and above,Computer Science,Lecturer,More than 15 years,101-200,High,Low,5 - Strongly Agree,5 - Strongly Agree,4 - Agree,5 - Strongly Agree,5 - Strongly Agree,4 - Agree,4 - Agree,5 - Strongly Agree,4 - Agree,3 - Neutral,5 - Strongly Agree,4 - Agree,3 - Neutral,5 - Strongly Agree,5 - Strongly Agree,5 - Strongly Agree,4 - Agree,5 - Strongly Agree,3 - Neutral,4 - Agree,5 - Strongly Agree,5 - Strongly Agree,5 - Strongly Agree,4 - Agree,3 - Neutral,5 - Strongly Agree,4 - Agree,5 - Strongly Agree,4 - Agree,4 - Agree,4 - Agree,3 - Neutral,5 - Strongly Agree,5 - Strongly Agree,5 - Strongly Agree,5 - Strongly Agree,5 - Strongly Agree,5 - Strongly Agree,4 - Agree,3 - Neutral,2 - Disagree,4 - Agree,4 - Agree,4 - Agree,4 - Agree,5 - Strongly Agree,They improved trust because the important features influencing the prediction were visible.,The visual summary showing why a student was classified as at risk was most useful.,Yes. Some recommendations appeared too dependent on historical assessment scores.,"Reliable predictions and transparency encourage me, while bias, poor connectivity, and inaccurate data discourage me.","The institution provides computer laboratories and technical support, but access and connectivity can be improved.","Training on fairness, transparency, privacy, and combining AI evidence with professional judgement is required.",The results provided an early warning that could guide further investigation.,"To a large extent, because I could see why the model reached a particular outcome.","My main concerns are data privacy, inaccurate records, and possible bias against particular student groups.","Provide role-based access, stronger privacy controls, and an audit trail for decisions.",Original sample
2026/07/09 9:07:31 AM GMT,Male,40-49,Faculty of Applied Sciences,Assistant Lecturer,11-15 years,50-100,Very High,High,4 - Agree,3 - Neutral,4 - Agree,3 - Neutral,4 - Agree,3 - Neutral,4 - Agree,4 - Agree,3 - Neutral,4 - Agree,5 - Strongly Agree,5 - Strongly Agree,3 - Neutral,4 - Agree,3 - Neutral,4 - Agree,4 - Agree,4 - Agree,5 - Strongly Agree,4 - Agree,4 - Agree,5 - Strongly Agree,4 - Agree,3 - Neutral,5 - Strongly Agree,4 - Agree,4 - Agree,4 - Agree,3 - Neutral,2 - Disagree,3 - Neutral,4 - Agree,5 - Strongly Agree,3 - Neutral,4 - Agree,5 - Strongly Agree,4 - Agree,5 - Strongly Agree,4 - Agree,5 - Strongly Agree,4 - Agree,5 - Strongly Agree,3 - Neutral,4 - Agree,2 - Disagree,4 - Agree,They improved my confidence when the highlighted factors matched what I knew about the student.,The ranking of the most influential student factors was the most useful aspect.,Occasionally. I relied on professional judgement when the available data were incomplete.,"Accuracy, clear explanations, data quality, institutional support, and respect for teacher judgement encourage collaboration.",The institution encourages digital learning but formal AI policies and training are still developing.,Scenario-based training using real classroom cases would improve confidence.,They were helpful in identifying patterns that may not be immediately visible in routine classroom monitoring.,Yes. The explanations clarified how each student factor contributed to the final prediction.,"My main concerns are data privacy, inaccurate records, and possible bias against particular student groups.","The framework should include fairness monitoring, data-quality checks, and regular model validation.",Original sample
2026/07/09 10:38:54 AM GMT,Male,40-49,Electrical and Electronic Engineering,Lecturer,5-10 years,50-100,Very High,High,5 - Strongly Agree,5 - Strongly Agree,4 - Agree,5 - Strongly Agree,5 - Strongly Agree,5 - Strongly Agree,3 - Neutral,5 - Strongly Agree,4 - Agree,5 - Strongly Agree,5 - Strongly Agree,5 - Strongly Agree,3 - Neutral,3 - Neutral,5 - Strongly Agree,5 - Strongly Agree,5 - Strongly Agree,5 - Strongly Agree,4 - Agree,5 - Strongly Agree,5 - Strongly Agree,5 - Strongly Agree,5 - Strongly Agree,4 - Agree,4 - Agree,3 - Neutral,4 - Agree,4 - Agree,3 - Neutral,5 - Strongly Agree,4 - Agree,5 - Strongly Agree,5 - Strongly Agree,3 - Neutral,5 - Strongly Agree,4 - Agree,3 - Neutral,5 - Strongly Agree,4 - Agree,5 - Strongly Agree,4 - Agree,3 - Neutral,5 - Strongly Agree,4 - Agree,5 - Strongly Agree,4 - Agree,"Trust increased moderately, although I would still confirm recommendations with my professional judgement.",Feature importance and the direction of each factor helped me understand the recommendation.,"Sometimes, particularly when the prediction did not reflect classroom participation and recent progress.",Training and a user-friendly system encourage collaboration; lack of technical support discourages it.,"Support exists through ICT services and staff development programmes, although more AI-specific training is needed.","Hands-on workshops on AI ethics, bias detection, data privacy, and decision-support tools are needed.",The predictions were useful for identifying students who may require early academic support.,"Yes, especially when the dashboard displayed both supporting and opposing factors.","Fairness should be tested across gender, programme, background, and other relevant student groups.","Add confidence scores, simple language summaries, and links to the evidence supporting each prediction.",Original sample
2026/07/09 11:48:39 AM GMT,Female,50 and above,Accounting and Finance,Senior Lecturer,11-15 years,101-200,High,Moderate,4 - Agree,5 - Strongly Agree,4 - Agree,5 - Strongly Agree,5 - Strongly Agree,4 - Agree,5 - Strongly Agree,5 - Strongly Agree,4 - Agree,4 - Agree,5 - Strongly Agree,4 - Agree,4 - Agree,5 - Strongly Agree,5 - Strongly Agree,5 - Strongly Agree,5 - Strongly Agree,5 - Strongly Agree,5 - Strongly Agree,4 - Agree,5 - Strongly Agree,4 - Agree,4 - Agree,5 - Strongly Agree,5 - Strongly Agree,4 - Agree,4 - Agree,4 - Agree,4 - Agree,4 - Agree,4 - Agree,4 - Agree,4 - Agree,5 - Strongly Agree,5 - Strongly Agree,5 - Strongly Agree,4 - Agree,4 - Agree,5 - Strongly Agree,4 - Agree,4 - Agree,5 - Strongly Agree,4 - Agree,5 - Strongly Agree,5 - Strongly Agree,5 - Strongly Agree,"My trust improved, but only when the explanation was clear and supported by accurate student data.",The concise dashboard and explanation of individual predictions were helpful.,"Sometimes, particularly when the prediction did not reflect classroom participation and recent progress.","Reliable predictions and transparency encourage me, while bias, poor connectivity, and inaccurate data discourage me.","The institution provides computer laboratories and technical support, but access and connectivity can be improved.","Practical training on responsible AI use, interpretation of SHAP outputs, and classroom application would be helpful.",They were helpful in identifying patterns that may not be immediately visible in routine classroom monitoring.,Yes. SHAP made the prediction process more transparent and easier to interpret.,"I am concerned about biased training data, unequal treatment of students, and insufficient transparency.","Include recent student progress, lecturer observations, and contextual factors in the model.",Original sample
2026/07/09 12:11:32 PM GMT,Female,40-49,Liberal Studies,Senior Lecturer,11-15 years,Above 200,Moderate,High,4 - Agree,5 - Strongly Agree,3 - Neutral,3 - Neutral,3 - Neutral,3 - Neutral,3 - Neutral,3 - Neutral,4 - Agree,3 - Neutral,2 - Disagree,3 - Neutral,2 - Disagree,3 - Neutral,3 - Neutral,2 - Disagree,3 - Neutral,3 - Neutral,2 - Disagree,2 - Disagree,3 - Neutral,4 - Agree,4 - Agree,2 - Disagree,2 - Disagree,3 - Neutral,2 - Disagree,2 - Disagree,3 - Neutral,3 - Neutral,1 - Strongly Disagree,3 - Neutral,4 - Agree,4 - Agree,5 - Strongly Agree,4 - Agree,4 - Agree,2 - Disagree,3 - Neutral,3 - Neutral,4 - Agree,3 - Neutral,2 - Disagree,4 - Agree,3 - Neutral,3 - Neutral,The explanations increased our confidence by showing the main factors behind each recommendation.,The comparison of positive and negative contributing factors was most useful.,"No major disagreement occurred, but I would still review the evidence before acting.","Poor infrastructure, limited training, and unexplained recommendations would discourage collaboration.",Current support is moderate and mainly focuses on general educational technology rather than AI.,"Hands-on workshops on AI ethics, bias detection, data privacy, and decision-support tools are needed.",The predictions helped prioritise students for follow-up and intervention planning.,"Somewhat. The visual explanation was helpful, but additional contextual guidance would improve understanding.","I am concerned about biased training data, unequal treatment of students, and insufficient transparency.","The framework should include fairness monitoring, data-quality checks, and regular model validation.",Original sample
2026/07/09 12:13:50 PM GMT,Male,40-49,Faculty of Applied Sciences,Lecturer,11-15 years,50-100,High,Low,4 - Agree,3 - Neutral,3 - Neutral,4 - Agree,3 - Neutral,5 - Strongly Agree,3 - Neutral,4 - Agree,3 - Neutral,4 - Agree,4 - Agree,5 - Strongly Agree,3 - Neutral,3 - Neutral,4 - Agree,4 - Agree,5 - Strongly Agree,5 - Strongly Agree,4 - Agree,4 - Agree,4 - Agree,4 - Agree,4 - Agree,3 - Neutral,4 - Agree,3 - Neutral,3 - Neutral,3 - Neutral,3 - Neutral,4 - Agree,2 - Disagree,4 - Agree,4 - Agree,4 - Agree,5 - Strongly Agree,4 - Agree,4 - Agree,3 - Neutral,3 - Neutral,3 - Neutral,3 - Neutral,3 - Neutral,5 - Strongly Agree,3 - Neutral,4 - Agree,3 - Neutral,They improved my confidence when the highlighted factors matched what I knew about the student.,The concise dashboard and explanation of individual predictions were helpful.,Yes. Some recommendations appeared too dependent on historical assessment scores.,"Evidence of fairness, privacy protection, and consistent performance would encourage collaboration.","Management supports technology use through infrastructure, technical assistance, and innovation initiatives.",Scenario-based training using real classroom cases would improve confidence.,The predictions helped prioritise students for follow-up and intervention planning.,"Yes, especially when the dashboard displayed both supporting and opposing factors.",There should be clear accountability when an AI-supported recommendation negatively affects a student.,"The framework should include fairness monitoring, data-quality checks, and regular model validation.",Original sample
2026/07/09 12:23:09 PM GMT,Female,40-49,Faculty of Applied Sciences,Senior Lecturer,5-10 years,Less than 50,Very High,Moderate,4 - Agree,3 - Neutral,4 - Agree,4 - Agree,4 - Agree,5 - Strongly Agree,5 - Strongly Agree,5 - Strongly Agree,5 - Strongly Agree,5 - Strongly Agree,3 - Neutral,5 - Strongly Agree,3 - Neutral,4 - Agree,4 - Agree,5 - Strongly Agree,4 - Agree,4 - Agree,5 - Strongly Agree,4 - Agree,4 - Agree,5 - Strongly Agree,5 - Strongly Agree,4 - Agree,2 - Disagree,5 - Strongly Agree,4 - Agree,4 - Agree,3 - Neutral,3 - Neutral,3 - Neutral,5 - Strongly Agree,5 - Strongly Agree,5 - Strongly Agree,5 - Strongly Agree,5 - Strongly Agree,4 - Agree,4 - Agree,4 - Agree,3 - Neutral,4 - Agree,5 - Strongly Agree,3 - Neutral,4 - Agree,5 - Strongly Agree,4 - Agree,The explanations increased our confidence by showing the main factors behind each recommendation.,The concise dashboard and explanation of individual predictions were helpful.,"Sometimes, particularly when the prediction did not reflect classroom participation and recent progress.","Reliable predictions and transparency encourage me, while bias, poor connectivity, and inaccurate data discourage me.","Support exists through ICT services and staff development programmes, although more AI-specific training is needed.","Regular workshops on data preparation, dashboard use, and responsible intervention planning would be useful.",The predictions were useful for identifying students who may require early academic support.,"To a large extent, because I could see why the model reached a particular outcome.",There should be clear accountability when an AI-supported recommendation negatively affects a student.,"The framework should include fairness monitoring, data-quality checks, and regular model validation.",Original sample
2026/07/09 1:37:27 PM GMT,Female,40-49,Food Technology,Lecturer,Less than 5 years,Less than 50,Moderate,Moderate,4 - Agree,4 - Agree,4 - Agree,4 - Agree,5 - Strongly Agree,4 - Agree,4 - Agree,4 - Agree,4 - Agree,3 - Neutral,3 - Neutral,4 - Agree,4 - Agree,4 - Agree,4 - Agree,4 - Agree,3 - Neutral,4 - Agree,4 - Agree,5 - Strongly Agree,5 - Strongly Agree,5 - Strongly Agree,5 - Strongly Agree,4 - Agree,5 - Strongly Agree,5 - Strongly Agree,4 - Agree,3 - Neutral,3 - Neutral,2 - Disagree,4 - Agree,5 - Strongly Agree,5 - Strongly Agree,5 - Strongly Agree,5 - Strongly Agree,5 - Strongly Agree,2 - Disagree,2 - Disagree,3 - Neutral,4 - Agree,4 - Agree,4 - Agree,4 - Agree,4 - Agree,4 - Agree,5 - Strongly Agree,They improved trust because the important features influencing the prediction were visible.,The visual summary showing why a student was classified as at risk was most useful.,Occasionally. I relied on professional judgement when the available data were incomplete.,"Evidence of fairness, privacy protection, and consistent performance would encourage collaboration.","Support exists through ICT services and staff development programmes, although more AI-specific training is needed.","Training should cover basic AI literacy, model limitations, and how to interpret prediction explanations.",The results provided an early warning that could guide further investigation.,Yes. The explanations clarified how each student factor contributed to the final prediction.,I am concerned about overreliance on predictions and limited opportunities for students to challenge decisions.,"Provide role-based access, stronger privacy controls, and an audit trail for decisions.",Original sample
2026/07/09 1:56:43 PM GMT,Male,30-39,Computer Science,Senior Lecturer,5-10 years,50-100,High,Moderate,3 - Neutral,4 - Agree,4 - Agree,4 - Agree,4 - Agree,3 - Neutral,4 - Agree,4 - Agree,3 - Neutral,4 - Agree,5 - Strongly Agree,5 - Strongly Agree,5 - Strongly Agree,4 - Agree,4 - Agree,4 - Agree,5 - Strongly Agree,5 - Strongly Agree,5 - Strongly Agree,4 - Agree,3 - Neutral,4 - Agree,5 - Strongly Agree,4 - Agree,4 - Agree,4 - Agree,3 - Neutral,4 - Agree,3 - Neutral,4 - Agree,4 - Agree,5 - Strongly Agree,5 - Strongly Agree,4 - Agree,3 - Neutral,5 - Strongly Agree,4 - Agree,4 - Agree,5 - Strongly Agree,4 - Agree,4 - Agree,5 - Strongly Agree,4 - Agree,4 - Agree,4 - Agree,4 - Agree,They improved trust because the important features influencing the prediction were visible.,The comparison of positive and negative contributing factors was most useful.,Yes. Some recommendations appeared too dependent on historical assessment scores.,"Accuracy, clear explanations, data quality, institutional support, and respect for teacher judgement encourage collaboration.","Support exists through ICT services and staff development programmes, although more AI-specific training is needed.","Hands-on workshops on AI ethics, bias detection, data privacy, and decision-support tools are needed.",They were helpful in identifying patterns that may not be immediately visible in routine classroom monitoring.,Yes. The explanations clarified how each student factor contributed to the final prediction.,"I am concerned about biased training data, unequal treatment of students, and insufficient transparency.","The framework should include fairness monitoring, data-quality checks, and regular model validation.",Original sample
2026/07/09 2:00:54 PM GMT,Male,40-49,Faculty of Applied Science and Technology ,Associate Professor,11-15 years,Less than 50,Very High,Very High,5 - Strongly Agree,5 - Strongly Agree,5 - Strongly Agree,5 - Strongly Agree,5 - Strongly Agree,4 - Agree,4 - Agree,4 - Agree,4 - Agree,4 - Agree,4 - Agree,4 - Agree,4 - Agree,4 - Agree,4 - Agree,5 - Strongly Agree,5 - Strongly Agree,4 - Agree,4 - Agree,4 - Agree,4 - Agree,4 - Agree,4 - Agree,4 - Agree,4 - Agree,4 - Agree,4 - Agree,2 - Disagree,2 - Disagree,4 - Agree,2 - Disagree,5 - Strongly Agree,5 - Strongly Agree,5 - Strongly Agree,5 - Strongly Agree,5 - Strongly Agree,5 - Strongly Agree,4 - Agree,4 - Agree,4 - Agree,4 - Agree,4 - Agree,4 - Agree,4 - Agree,4 - Agree,4 - Agree,"Trust increased moderately, although I would still confirm recommendations with my professional judgement.",The comparison of positive and negative contributing factors was most useful.,"Sometimes, particularly when the prediction did not reflect classroom participation and recent progress.","Accuracy, clear explanations, data quality, institutional support, and respect for teacher judgement encourage collaboration.",The institution encourages digital learning but formal AI policies and training are still developing.,"Training should cover basic AI literacy, model limitations, and how to interpret prediction explanations.",They were moderately useful and would be stronger when combined with current lecturer observations.,"To a large extent, because I could see why the model reached a particular outcome.",The system may appear objective even when historical data contain unfair patterns.,"Provide role-based access, stronger privacy controls, and an audit trail for decisions.",Original sample
2026/07/09 2:05:44 PM GMT,Female,50 and above,Liberal Studies,Senior Lecturer,More than 15 years,101-200,Moderate,Moderate,2 - Disagree,4 - Agree,3 - Neutral,4 - Agree,4 - Agree,3 - Neutral,4 - Agree,4 - Agree,4 - Agree,4 - Agree,4 - Agree,4 - Agree,4 - Agree,4 - Agree,4 - Agree,3 - Neutral,4 - Agree,4 - Agree,4 - Agree,4 - Agree,4 - Agree,4 - Agree,4 - Agree,4 - Agree,3 - Neutral,4 - Agree,3 - Neutral,2 - Disagree,2 - Disagree,2 - Disagree,2 - Disagree,4 - Agree,3 - Neutral,4 - Agree,4 - Agree,4 - Agree,4 - Agree,2 - Disagree,4 - Agree,3 - Neutral,4 - Agree,2 - Disagree,2 - Disagree,2 - Disagree,3 - Neutral,4 - Agree,"My trust improved, but only when the explanation was clear and supported by accurate student data.",The concise dashboard and explanation of individual predictions were helpful.,Yes,"Poor connectivity, sometimes inaccurate responses",I have no idea,Trainings to use AI ethically,Not fully useful,Somehow,Sometimes not accurate,"Add confidence scores, simple language summaries, and links to the evidence supporting each prediction.",Original sample
2026/07/09 2:12:33 PM GMT,Male,50 and above,LIBERAL STUDIES ,Senior Lecturer,More than 15 years,101-200,Moderate,Low,3 - Neutral,4 - Agree,3 - Neutral,3 - Neutral,4 - Agree,4 - Agree,3 - Neutral,4 - Agree,3 - Neutral,4 - Agree,4 - Agree,4 - Agree,3 - Neutral,4 - Agree,4 - Agree,4 - Agree,4 - Agree,4 - Agree,3 - Neutral,4 - Agree,3 - Neutral,3 - Neutral,4 - Agree,3 - Neutral,3 - Neutral,4 - Agree,2 - Disagree,1 - Strongly Disagree,2 - Disagree,2 - Disagree,2 - Disagree,4 - Agree,4 - Agree,4 - Agree,3 - Neutral,3 - Neutral,3 - Neutral,3 - Neutral,3 - Neutral,3 - Neutral,2 - Disagree,2 - Disagree,2 - Disagree,4 - Agree,3 - Neutral,3 - Neutral,They improved my confidence when the highlighted factors matched what I knew about the student.,"The clear identification of attendance, assessment scores, and participation patterns supported decision-making.","No major disagreement occurred, but I would still review the evidence before acting.",I am encouraged when AI complements rather than replaces professional judgement.,"Management supports technology use through infrastructure, technical assistance, and innovation initiatives.","Training on fairness, transparency, privacy, and combining AI evidence with professional judgement is required.",The predictions were useful for identifying students who may require early academic support.,Yes. SHAP made the prediction process more transparent and easier to interpret.,"Fairness should be tested across gender, programme, background, and other relevant student groups.",Pilot the framework across multiple departments and retrain it regularly with representative institutional data.,Original sample
2026/07/09 2:41:09 PM GMT,Male,40-49,Food Technology,Lecturer,Less than 5 years,101-200,High,Moderate,4 - Agree,4 - Agree,4 - Agree,4 - Agree,5 - Strongly Agree,3 - Neutral,4 - Agree,3 - Neutral,4 - Agree,3 - Neutral,5 - Strongly Agree,4 - Agree,3 - Neutral,4 - Agree,4 - Agree,4 - Agree,4 - Agree,2 - Disagree,5 - Strongly Agree,5 - Strongly Agree,4 - Agree,4 - Agree,3 - Neutral,3 - Neutral,4 - Agree,4 - Agree,5 - Strongly Agree,4 - Agree,4 - Agree,2 - Disagree,1 - Strongly Disagree,5 - Strongly Agree,4 - Agree,5 - Strongly Agree,4 - Agree,3 - Neutral,3 - Neutral,5 - Strongly Agree,5 - Strongly Agree,5 - Strongly Agree,4 - Agree,3 - Neutral,4 - Agree,3 - Neutral,5 - Strongly Agree,4 - Agree,The explanations made the recommendations less like a black box and easier to assess.,The visual summary showing why a student was classified as at risk was most useful.,"No major disagreement occurred, but I would still review the evidence before acting.",I am encouraged when AI complements rather than replaces professional judgement.,The institution encourages digital learning but formal AI policies and training are still developing.,Scenario-based training using real classroom cases would improve confidence.,They were helpful in identifying patterns that may not be immediately visible in routine classroom monitoring.,"They improved my understanding, although some technical terms required further explanation.","My main concerns are data privacy, inaccurate records, and possible bias against particular student groups.","Provide role-based access, stronger privacy controls, and an audit trail for decisions.",Original sample
2026/07/09 2:48:21 PM GMT,Female,30-39,Liberal Studies,Lecturer,5-10 years,101-200,High,High,5 - Strongly Agree,3 - Neutral,4 - Agree,4 - Agree,4 - Agree,5 - Strongly Agree,5 - Strongly Agree,5 - Strongly Agree,3 - Neutral,5 - Strongly Agree,5 - Strongly Agree,5 - Strongly Agree,5 - Strongly Agree,5 - Strongly Agree,5 - Strongly Agree,5 - Strongly Agree,4 - Agree,4 - Agree,5 - Strongly Agree,4 - Agree,4 - Agree,4 - Agree,5 - Strongly Agree,4 - Agree,5 - Strongly Agree,4 - Agree,3 - Neutral,2 - Disagree,3 - Neutral,3 - Neutral,4 - Agree,5 - Strongly Agree,5 - Strongly Agree,4 - Agree,5 - Strongly Agree,5 - Strongly Agree,5 - Strongly Agree,3 - Neutral,5 - Strongly Agree,4 - Agree,4 - Agree,4 - Agree,3 - Neutral,4 - Agree,3 - Neutral,4 - Agree,The explanations increased our confidence by showing the main factors behind each recommendation.,Feature importance and the direction of each factor helped me understand the recommendation.,"No major disagreement occurred, but I would still review the evidence before acting.","Evidence of fairness, privacy protection, and consistent performance would encourage collaboration.",The institution encourages digital learning but formal AI policies and training are still developing.,"Regular workshops on data preparation, dashboard use, and responsible intervention planning would be useful.","They were useful for screening, but should not be used as the only basis for a decision.","Somewhat. The visual explanation was helpful, but additional contextual guidance would improve understanding.","I am concerned about biased training data, unequal treatment of students, and insufficient transparency.",Pilot the framework across multiple departments and retrain it regularly with representative institutional data.,Original sample
2026/07/09 3:52:46 PM GMT,Male,30-39,Liberal Studies,Lecturer,5-10 years,101-200,Moderate,High,4 - Agree,3 - Neutral,4 - Agree,4 - Agree,2 - Disagree,5 - Strongly Agree,4 - Agree,4 - Agree,4 - Agree,3 - Neutral,4 - Agree,4 - Agree,3 - Neutral,5 - Strongly Agree,3 - Neutral,4 - Agree,3 - Neutral,3 - Neutral,3 - Neutral,3 - Neutral,3 - Neutral,5 - Strongly Agree,3 - Neutral,2 - Disagree,5 - Strongly Agree,2 - Disagree,3 - Neutral,3 - Neutral,2 - Disagree,3 - Neutral,4 - Agree,4 - Agree,4 - Agree,4 - Agree,4 - Agree,5 - Strongly Agree,2 - Disagree,3 - Neutral,4 - Agree,5 - Strongly Agree,5 - Strongly Agree,4 - Agree,4 - Agree,3 - Neutral,4 - Agree,4 - Agree,They improved trust because the important features influencing the prediction were visible.,"The clear identification of attendance, assessment scores, and participation patterns supported decision-making.",Yes. Some recommendations appeared too dependent on historical assessment scores.,"Accuracy, clear explanations, data quality, institutional support, and respect for teacher judgement encourage collaboration.","The institution provides computer laboratories and technical support, but access and connectivity can be improved.","Practical training on responsible AI use, interpretation of SHAP outputs, and classroom application would be helpful.",The predictions helped prioritise students for follow-up and intervention planning.,"Somewhat. The visual explanation was helpful, but additional contextual guidance would improve understanding.","My main concerns are data privacy, inaccurate records, and possible bias against particular student groups.","Add confidence scores, simple language summaries, and links to the evidence supporting each prediction.",Original sample
2026/07/09 4:26:12 PM GMT,Male,50 and above,LIBERAL STUDIES ,Senior Lecturer,More than 15 years,Above 200,Moderate,Moderate,3 - Neutral,4 - Agree,4 - Agree,3 - Neutral,3 - Neutral,4 - Agree,4 - Agree,3 - Neutral,3 - Neutral,4 - Agree,4 - Agree,3 - Neutral,3 - Neutral,3 - Neutral,4 - Agree,3 - Neutral,4 - Agree,3 - Neutral,3 - Neutral,3 - Neutral,3 - Neutral,3 - Neutral,4 - Agree,4 - Agree,3 - Neutral,4 - Agree,2 - Disagree,2 - Disagree,3 - Neutral,2 - Disagree,2 - Disagree,4 - Agree,4 - Agree,4 - Agree,3 - Neutral,4 - Agree,4 - Agree,4 - Agree,3 - Neutral,3 - Neutral,3 - Neutral,4 - Agree,3 - Neutral,3 - Neutral,4 - Agree,4 - Agree,They improved trust because the important features influencing the prediction were visible.,The ranking of the most influential student factors was the most useful aspect.,Yes. Some recommendations appeared too dependent on historical assessment scores.,"Evidence of fairness, privacy protection, and consistent performance would encourage collaboration.",The institution encourages digital learning but formal AI policies and training are still developing.,"Practical training on responsible AI use, interpretation of SHAP outputs, and classroom application would be helpful.",They were helpful in identifying patterns that may not be immediately visible in routine classroom monitoring.,"Yes, especially when the dashboard displayed both supporting and opposing factors.","My main concerns are data privacy, inaccurate records, and possible bias against particular student groups.",Pilot the framework across multiple departments and retrain it regularly with representative institutional data.,Original sample
2026/07/09 5:00:10 PM GMT,Female,40-49,Pharmaceutical Sciences,Associate Professor,More than 15 years,50-100,High,Very High,3 - Neutral,3 - Neutral,4 - Agree,3 - Neutral,4 - Agree,4 - Agree,3 - Neutral,5 - Strongly Agree,4 - Agree,5 - Strongly Agree,4 - Agree,3 - Neutral,4 - Agree,3 - Neutral,3 - Neutral,3 - Neutral,4 - Agree,3 - Neutral,5 - Strongly Agree,4 - Agree,4 - Agree,5 - Strongly Agree,4 - Agree,3 - Neutral,4 - Agree,3 - Neutral,3 - Neutral,3 - Neutral,3 - Neutral,2 - Disagree,3 - Neutral,5 - Strongly Agree,4 - Agree,4 - Agree,5 - Strongly Agree,5 - Strongly Agree,4 - Agree,4 - Agree,4 - Agree,2 - Disagree,3 - Neutral,5 - Strongly Agree,4 - Agree,4 - Agree,3 - Neutral,4 - Agree,"My trust improved, but only when the explanation was clear and supported by accurate student data.",The concise dashboard and explanation of individual predictions were helpful.,"Yes, especially when my knowledge of the student's personal circumstances contradicted the recommendation.",Training and a user-friendly system encourage collaboration; lack of technical support discourages it.,Current support is moderate and mainly focuses on general educational technology rather than AI.,"Practical training on responsible AI use, interpretation of SHAP outputs, and classroom application would be helpful.",The predictions helped prioritise students for follow-up and intervention planning.,Yes. The explanations clarified how each student factor contributed to the final prediction.,"My main concerns are data privacy, inaccurate records, and possible bias against particular student groups.","Provide role-based access, stronger privacy controls, and an audit trail for decisions.",Original sample
2026/07/09 6:03:03 PM GMT,Male,40-49,Computer Science,Lecturer,5-10 years,Less than 50,High,High,5 - Strongly Agree,4 - Agree,5 - Strongly Agree,4 - Agree,5 - Strongly Agree,3 - Neutral,4 - Agree,5 - Strongly Agree,4 - Agree,5 - Strongly Agree,4 - Agree,5 - Strongly Agree,4 - Agree,5 - Strongly Agree,3 - Neutral,5 - Strongly Agree,5 - Strongly Agree,5 - Strongly Agree,4 - Agree,5 - Strongly Agree,4 - Agree,5 - Strongly Agree,5 - Strongly Agree,5 - Strongly Agree,4 - Agree,5 - Strongly Agree,4 - Agree,4 - Agree,4 - Agree,4 - Agree,5 - Strongly Agree,5 - Strongly Agree,4 - Agree,4 - Agree,5 - Strongly Agree,5 - Strongly Agree,3 - Neutral,4 - Agree,5 - Strongly Agree,3 - Neutral,4 - Agree,5 - Strongly Agree,5 - Strongly Agree,3 - Neutral,5 - Strongly Agree,5 - Strongly Agree,They improved trust because the important features influencing the prediction were visible.,The comparison of positive and negative contributing factors was most useful.,"Sometimes, particularly when the prediction did not reflect classroom participation and recent progress.",I am encouraged when AI complements rather than replaces professional judgement.,"Support exists through ICT services and staff development programmes, although more AI-specific training is needed.","Practical training on responsible AI use, interpretation of SHAP outputs, and classroom application would be helpful.",The predictions helped prioritise students for follow-up and intervention planning.,Yes. SHAP made the prediction process more transparent and easier to interpret.,I am concerned about overreliance on predictions and limited opportunities for students to challenge decisions.,Pilot the framework across multiple departments and retrain it regularly with representative institutional data.,Original sample
2026/07/09 6:31:25 PM GMT,Female,30-39,Electrical and Electronic Engineering,Senior Lecturer,5-10 years,101-200,Moderate,Moderate,2 - Disagree,3 - Neutral,4 - Agree,5 - Strongly Agree,4 - Agree,5 - Strongly Agree,4 - Agree,4 - Agree,5 - Strongly Agree,5 - Strongly Agree,5 - Strongly Agree,5 - Strongly Agree,4 - Agree,4 - Agree,3 - Neutral,4 - Agree,5 - Strongly Agree,5 - Strongly Agree,5 - Strongly Agree,5 - Strongly Agree,4 - Agree,5 - Strongly Agree,5 - Strongly Agree,5 - Strongly Agree,4 - Agree,4 - Agree,3 - Neutral,4 - Agree,4 - Agree,4 - Agree,3 - Neutral,5 - Strongly Agree,4 - Agree,5 - Strongly Agree,4 - Agree,5 - Strongly Agree,4 - Agree,4 - Agree,3 - Neutral,5 - Strongly Agree,4 - Agree,4 - Agree,4 - Agree,4 - Agree,4 - Agree,3 - Neutral,"My trust improved, but only when the explanation was clear and supported by accurate student data.","The clear identification of attendance, assessment scores, and participation patterns supported decision-making.","Yes, especially when my knowledge of the student's personal circumstances contradicted the recommendation.","Poor infrastructure, limited training, and unexplained recommendations would discourage collaboration.",The institution encourages digital learning but formal AI policies and training are still developing.,"Training should cover basic AI literacy, model limitations, and how to interpret prediction explanations.",The results provided an early warning that could guide further investigation.,"To a large extent, because I could see why the model reached a particular outcome.",The system may appear objective even when historical data contain unfair patterns.,Pilot the framework across multiple departments and retrain it regularly with representative institutional data.,Original sample
2026/07/09 6:33:45 PM GMT,Male,30-39,Food Technology,Senior Lecturer,11-15 years,50-100,Low,Moderate,4 - Agree,5 - Strongly Agree,3 - Neutral,4 - Agree,4 - Agree,4 - Agree,4 - Agree,4 - Agree,3 - Neutral,4 - Agree,5 - Strongly Agree,4 - Agree,4 - Agree,3 - Neutral,4 - Agree,4 - Agree,4 - Agree,3 - Neutral,5 - Strongly Agree,5 - Strongly Agree,4 - Agree,4 - Agree,4 - Agree,5 - Strongly Agree,4 - Agree,4 - Agree,3 - Neutral,5 - Strongly Agree,5 - Strongly Agree,3 - Neutral,3 - Neutral,5 - Strongly Agree,5 - Strongly Agree,5 - Strongly Agree,5 - Strongly Agree,4 - Agree,5 - Strongly Agree,5 - Strongly Agree,3 - Neutral,3 - Neutral,4 - Agree,3 - Neutral,5 - Strongly Agree,5 - Strongly Agree,5 - Strongly Agree,3 - Neutral,"Trust increased moderately, although I would still confirm recommendations with my professional judgement.",Feature importance and the direction of each factor helped me understand the recommendation.,Occasionally. I relied on professional judgement when the available data were incomplete.,Training and a user-friendly system encourage collaboration; lack of technical support discourages it.,The institution encourages digital learning but formal AI policies and training are still developing.,"Regular workshops on data preparation, dashboard use, and responsible intervention planning would be useful.","They were useful for screening, but should not be used as the only basis for a decision.","They improved my understanding, although some technical terms required further explanation.",There should be clear accountability when an AI-supported recommendation negatively affects a student.,"Add confidence scores, simple language summaries, and links to the evidence supporting each prediction.",Original sample
2026/07/09 6:49:02 PM GMT,Female,50 and above,Faculty of Applied Sciences,Senior Lecturer,More than 15 years,101-200,Moderate,High,3 - Neutral,2 - Disagree,2 - Disagree,3 - Neutral,3 - Neutral,3 - Neutral,4 - Agree,3 - Neutral,4 - Agree,2 - Disagree,3 - Neutral,4 - Agree,2 - Disagree,2 - Disagree,3 - Neutral,3 - Neutral,3 - Neutral,3 - Neutral,3 - Neutral,3 - Neutral,4 - Agree,2 - Disagree,2 - Disagree,1 - Strongly Disagree,2 - Disagree,2 - Disagree,3 - Neutral,2 - Disagree,3 - Neutral,2 - Disagree,2 - Disagree,4 - Agree,3 - Neutral,4 - Agree,4 - Agree,3 - Neutral,2 - Disagree,4 - Agree,3 - Neutral,3 - Neutral,3 - Neutral,5 - Strongly Agree,3 - Neutral,4 - Agree,3 - Neutral,3 - Neutral,"Trust increased moderately, although I would still confirm recommendations with my professional judgement.",The ranking of the most influential student factors was the most useful aspect.,Occasionally. I relied on professional judgement when the available data were incomplete.,"Reliable predictions and transparency encourage me, while bias, poor connectivity, and inaccurate data discourage me.","The institution provides computer laboratories and technical support, but access and connectivity can be improved.","Training on fairness, transparency, privacy, and combining AI evidence with professional judgement is required.",The results provided an early warning that could guide further investigation.,"To a large extent, because I could see why the model reached a particular outcome.",The system may appear objective even when historical data contain unfair patterns.,"Improve the dashboard, include clearer local explanations, and allow lecturers to provide feedback on recommendations.",Original sample
2026/07/10 7:33:03 AM GMT,Male,50 and above,Electrical and Electronic Engineering,Associate Professor,More than 15 years,101-200,Moderate,Moderate,3 - Neutral,4 - Agree,4 - Agree,5 - Strongly Agree,3 - Neutral,3 - Neutral,5 - Strongly Agree,5 - Strongly Agree,4 - Agree,4 - Agree,3 - Neutral,4 - Agree,3 - Neutral,4 - Agree,4 - Agree,3 - Neutral,3 - Neutral,4 - Agree,5 - Strongly Agree,5 - Strongly Agree,5 - Strongly Agree,5 - Strongly Agree,5 - Strongly Agree,5 - Strongly Agree,3 - Neutral,3 - Neutral,3 - Neutral,3 - Neutral,3 - Neutral,3 - Neutral,5 - Strongly Agree,4 - Agree,5 - Strongly Agree,5 - Strongly Agree,4 - Agree,4 - Agree,5 - Strongly Agree,3 - Neutral,5 - Strongly Agree,4 - Agree,4 - Agree,4 - Agree,4 - Agree,3 - Neutral,3 - Neutral,5 - Strongly Agree,They improved my confidence when the highlighted factors matched what I knew about the student.,Feature importance and the direction of each factor helped me understand the recommendation.,Yes. I disagreed when the model overlooked recent improvements that were not yet captured in the data.,"Evidence of fairness, privacy protection, and consistent performance would encourage collaboration.","Management supports technology use through infrastructure, technical assistance, and innovation initiatives.","Practical training on responsible AI use, interpretation of SHAP outputs, and classroom application would be helpful.","They were useful for screening, but should not be used as the only basis for a decision.","They improved my understanding, although some technical terms required further explanation.",There should be clear accountability when an AI-supported recommendation negatively affects a student.,Pilot the framework across multiple departments and retrain it regularly with representative institutional data.,Original sample
2026/07/10 11:14:04 AM GMT,Male,30-39,Faculty of Applied Sciences,Lecturer,5-10 years,101-200,High,Moderate,3 - Neutral,2 - Disagree,4 - Agree,3 - Neutral,3 - Neutral,4 - Agree,4 - Agree,4 - Agree,5 - Strongly Agree,3 - Neutral,3 - Neutral,4 - Agree,3 - Neutral,3 - Neutral,3 - Neutral,3 - Neutral,4 - Agree,4 - Agree,5 - Strongly Agree,3 - Neutral,3 - Neutral,3 - Neutral,4 - Agree,3 - Neutral,4 - Agree,4 - Agree,4 - Agree,2 - Disagree,4 - Agree,3 - Neutral,3 - Neutral,5 - Strongly Agree,4 - Agree,3 - Neutral,5 - Strongly Agree,3 - Neutral,3 - Neutral,3 - Neutral,4 - Agree,4 - Agree,4 - Agree,2 - Disagree,4 - Agree,2 - Disagree,4 - Agree,3 - Neutral,The explanations increased our confidence by showing the main factors behind each recommendation.,The concise dashboard and explanation of individual predictions were helpful.,Yes. I disagreed when the model overlooked recent improvements that were not yet captured in the data.,"Evidence of fairness, privacy protection, and consistent performance would encourage collaboration.",The institution encourages digital learning but formal AI policies and training are still developing.,"Training should cover basic AI literacy, model limitations, and how to interpret prediction explanations.","They were useful for screening, but should not be used as the only basis for a decision.","Yes, especially when the dashboard displayed both supporting and opposing factors.",The system may appear objective even when historical data contain unfair patterns.,"Add confidence scores, simple language summaries, and links to the evidence supporting each prediction.",Original sample
2026/07/10 11:18:05 AM GMT,Male,30-39,Hospitality and Tourism Management,Assistant Lecturer,5-10 years,101-200,High,Moderate,4 - Agree,5 - Strongly Agree,5 - Strongly Agree,5 - Strongly Agree,4 - Agree,5 - Strongly Agree,5 - Strongly Agree,4 - Agree,5 - Strongly Agree,4 - Agree,3 - Neutral,4 - Agree,5 - Strongly Agree,5 - Strongly Agree,5 - Strongly Agree,5 - Strongly Agree,3 - Neutral,5 - Strongly Agree,5 - Strongly Agree,5 - Strongly Agree,4 - Agree,5 - Strongly Agree,5 - Strongly Agree,5 - Strongly Agree,5 - Strongly Agree,5 - Strongly Agree,3 - Neutral,5 - Strongly Agree,3 - Neutral,5 - Strongly Agree,2 - Disagree,5 - Strongly Agree,5 - Strongly Agree,4 - Agree,5 - Strongly Agree,5 - Strongly Agree,5 - Strongly Agree,4 - Agree,5 - Strongly Agree,4 - Agree,5 - Strongly Agree,5 - Strongly Agree,5 - Strongly Agree,5 - Strongly Agree,4 - Agree,4 - Agree,"Trust increased moderately, although I would still confirm recommendations with my professional judgement.",The comparison of positive and negative contributing factors was most useful.,"No major disagreement occurred, but I would still review the evidence before acting.",I am encouraged when AI complements rather than replaces professional judgement.,"The institution provides LMS platforms, internet access, and occasional digital teaching workshops.",Scenario-based training using real classroom cases would improve confidence.,They were moderately useful and would be stronger when combined with current lecturer observations.,"They improved my understanding, although some technical terms required further explanation.",I am concerned about overreliance on predictions and limited opportunities for students to challenge decisions.,Pilot the framework across multiple departments and retrain it regularly with representative institutional data.,Original sample
2026/07/10 1:08:58 PM GMT,Male,30-39,Chemical Engineering & Technology,Lecturer,Less than 5 years,Less than 50,Moderate,Very High,2 - Disagree,4 - Agree,4 - Agree,4 - Agree,5 - Strongly Agree,4 - Agree,5 - Strongly Agree,4 - Agree,3 - Neutral,5 - Strongly Agree,4 - Agree,5 - Strongly Agree,4 - Agree,4 - Agree,5 - Strongly Agree,5 - Strongly Agree,5 - Strongly Agree,3 - Neutral,5 - Strongly Agree,5 - Strongly Agree,5 - Strongly Agree,5 - Strongly Agree,4 - Agree,3 - Neutral,3 - Neutral,5 - Strongly Agree,2 - Disagree,4 - Agree,3 - Neutral,4 - Agree,3 - Neutral,5 - Strongly Agree,4 - Agree,4 - Agree,5 - Strongly Agree,5 - Strongly Agree,3 - Neutral,4 - Agree,5 - Strongly Agree,5 - Strongly Agree,4 - Agree,4 - Agree,4 - Agree,5 - Strongly Agree,5 - Strongly Agree,5 - Strongly Agree,They improved trust because the important features influencing the prediction were visible.,The ranking of the most influential student factors was the most useful aspect.,"Yes, especially when my knowledge of the student's personal circumstances contradicted the recommendation.","Accuracy, clear explanations, data quality, institutional support, and respect for teacher judgement encourage collaboration.","Support exists through ICT services and staff development programmes, although more AI-specific training is needed.",Scenario-based training using real classroom cases would improve confidence.,The results provided an early warning that could guide further investigation.,Yes. The explanations clarified how each student factor contributed to the final prediction.,"Fairness should be tested across gender, programme, background, and other relevant student groups.","Include recent student progress, lecturer observations, and contextual factors in the model.",Original sample
2026/07/10 2:00:03 PM GMT,Male,50 and above,Pharmaceutical Sciences,Lecturer,11-15 years,Above 200,Very High,High,3 - Neutral,3 - Neutral,3 - Neutral,3 - Neutral,3 - Neutral,3 - Neutral,3 - Neutral,4 - Agree,3 - Neutral,4 - Agree,3 - Neutral,5 - Strongly Agree,2 - Disagree,4 - Agree,4 - Agree,3 - Neutral,3 - Neutral,4 - Agree,4 - Agree,3 - Neutral,3 - Neutral,4 - Agree,3 - Neutral,3 - Neutral,4 - Agree,3 - Neutral,4 - Agree,4 - Agree,2 - Disagree,3 - Neutral,3 - Neutral,4 - Agree,4 - Agree,4 - Agree,4 - Agree,4 - Agree,3 - Neutral,3 - Neutral,4 - Agree,4 - Agree,4 - Agree,4 - Agree,4 - Agree,3 - Neutral,3 - Neutral,2 - Disagree,"My trust improved, but only when the explanation was clear and supported by accurate student data.",Feature importance and the direction of each factor helped me understand the recommendation.,Yes. Some recommendations appeared too dependent on historical assessment scores.,"Poor infrastructure, limited training, and unexplained recommendations would discourage collaboration.","The institution provides LMS platforms, internet access, and occasional digital teaching workshops.","Training on fairness, transparency, privacy, and combining AI evidence with professional judgement is required.","They were useful for screening, but should not be used as the only basis for a decision.","Yes, especially when the dashboard displayed both supporting and opposing factors.","Fairness should be tested across gender, programme, background, and other relevant student groups.","Improve the dashboard, include clearer local explanations, and allow lecturers to provide feedback on recommendations.",Original sample
2026/07/10 3:42:13 PM GMT,Male,50 and above,Mechanical Engineering,Senior Lecturer,More than 15 years,Above 200,Moderate,High,4 - Agree,3 - Neutral,4 - Agree,4 - Agree,4 - Agree,3 - Neutral,4 - Agree,4 - Agree,4 - Agree,3 - Neutral,5 - Strongly Agree,3 - Neutral,4 - Agree,4 - Agree,5 - Strongly Agree,5 - Strongly Agree,4 - Agree,4 - Agree,4 - Agree,3 - Neutral,4 - Agree,4 - Agree,4 - Agree,4 - Agree,4 - Agree,4 - Agree,3 - Neutral,4 - Agree,2 - Disagree,4 - Agree,3 - Neutral,5 - Strongly Agree,5 - Strongly Agree,4 - Agree,4 - Agree,4 - Agree,3 - Neutral,3 - Neutral,3 - Neutral,3 - Neutral,2 - Disagree,4 - Agree,4 - Agree,4 - Agree,4 - Agree,5 - Strongly Agree,"My trust improved, but only when the explanation was clear and supported by accurate student data.",The comparison of positive and negative contributing factors was most useful.,"No major disagreement occurred, but I would still review the evidence before acting.","Reliable predictions and transparency encourage me, while bias, poor connectivity, and inaccurate data discourage me.","The institution provides LMS platforms, internet access, and occasional digital teaching workshops.","Practical training on responsible AI use, interpretation of SHAP outputs, and classroom application would be helpful.",They were moderately useful and would be stronger when combined with current lecturer observations.,Yes. SHAP made the prediction process more transparent and easier to interpret.,The system may appear objective even when historical data contain unfair patterns.,"Improve the dashboard, include clearer local explanations, and allow lecturers to provide feedback on recommendations.",Original sample
2026/07/10 4:25:37 PM GMT,Female,50 and above,Pharmaceutical Sciences,Senior Lecturer,More than 15 years,Above 200,High,Moderate,2 - Disagree,2 - Disagree,4 - Agree,3 - Neutral,3 - Neutral,3 - Neutral,3 - Neutral,3 - Neutral,3 - Neutral,3 - Neutral,2 - Disagree,3 - Neutral,4 - Agree,4 - Agree,3 - Neutral,4 - Agree,3 - Neutral,3 - Neutral,3 - Neutral,3 - Neutral,3 - Neutral,3 - Neutral,3 - Neutral,3 - Neutral,2 - Disagree,4 - Agree,2 - Disagree,2 - Disagree,2 - Disagree,3 - Neutral,3 - Neutral,2 - Disagree,3 - Neutral,4 - Agree,4 - Agree,3 - Neutral,3 - Neutral,3 - Neutral,3 - Neutral,3 - Neutral,3 - Neutral,4 - Agree,3 - Neutral,2 - Disagree,3 - Neutral,2 - Disagree,They improved my confidence when the highlighted factors matched what I knew about the student.,The visual summary showing why a student was classified as at risk was most useful.,Yes. I disagreed when the model overlooked recent improvements that were not yet captured in the data.,"Evidence of fairness, privacy protection, and consistent performance would encourage collaboration.",The institution encourages digital learning but formal AI policies and training are still developing.,"Hands-on workshops on AI ethics, bias detection, data privacy, and decision-support tools are needed.",They were moderately useful and would be stronger when combined with current lecturer observations.,"To a large extent, because I could see why the model reached a particular outcome.","Fairness should be tested across gender, programme, background, and other relevant student groups.","Include recent student progress, lecturer observations, and contextual factors in the model.",Original sample
2026/07/10 4:43:15 PM GMT,Female,50 and above,Chemical Engineering & Technology,Senior Lecturer,11-15 years,50-100,Very High,Moderate,4 - Agree,3 - Neutral,4 - Agree,4 - Agree,5 - Strongly Agree,5 - Strongly Agree,3 - Neutral,4 - Agree,4 - Agree,4 - Agree,4 - Agree,3 - Neutral,4 - Agree,4 - Agree,3 - Neutral,3 - Neutral,4 - Agree,5 - Strongly Agree,5 - Strongly Agree,4 - Agree,4 - Agree,3 - Neutral,3 - Neutral,3 - Neutral,5 - Strongly Agree,4 - Agree,3 - Neutral,3 - Neutral,2 - Disagree,4 - Agree,4 - Agree,5 - Strongly Agree,3 - Neutral,4 - Agree,3 - Neutral,4 - Agree,3 - Neutral,4 - Agree,4 - Agree,4 - Agree,4 - Agree,3 - Neutral,3 - Neutral,4 - Agree,3 - Neutral,3 - Neutral,They improved my confidence when the highlighted factors matched what I knew about the student.,The concise dashboard and explanation of individual predictions were helpful.,"No major disagreement occurred, but I would still review the evidence before acting.",Training and a user-friendly system encourage collaboration; lack of technical support discourages it.,"The institution provides computer laboratories and technical support, but access and connectivity can be improved.","Training on fairness, transparency, privacy, and combining AI evidence with professional judgement is required.","They were useful for screening, but should not be used as the only basis for a decision.","To a large extent, because I could see why the model reached a particular outcome.",There should be clear accountability when an AI-supported recommendation negatively affects a student.,"Include recent student progress, lecturer observations, and contextual factors in the model.",Original sample
2026/07/10 5:30:12 PM GMT,Male,30-39,Computer Science,Senior Lecturer,5-10 years,101-200,High,Moderate,3 - Neutral,4 - Agree,5 - Strongly Agree,4 - Agree,3 - Neutral,3 - Neutral,3 - Neutral,3 - Neutral,4 - Agree,4 - Agree,4 - Agree,5 - Strongly Agree,3 - Neutral,3 - Neutral,4 - Agree,4 - Agree,4 - Agree,3 - Neutral,4 - Agree,4 - Agree,3 - Neutral,3 - Neutral,3 - Neutral,4 - Agree,5 - Strongly Agree,3 - Neutral,2 - Disagree,4 - Agree,3 - Neutral,3 - Neutral,3 - Neutral,5 - Strongly Agree,4 - Agree,5 - Strongly Agree,4 - Agree,5 - Strongly Agree,3 - Neutral,5 - Strongly Agree,4 - Agree,4 - Agree,4 - Agree,3 - Neutral,3 - Neutral,4 - Agree,4 - Agree,4 - Agree,They improved trust because the important features influencing the prediction were visible.,"The clear identification of attendance, assessment scores, and participation patterns supported decision-making.","Yes, especially when my knowledge of the student's personal circumstances contradicted the recommendation.","Accuracy, clear explanations, data quality, institutional support, and respect for teacher judgement encourage collaboration.","The institution provides computer laboratories and technical support, but access and connectivity can be improved.","Regular workshops on data preparation, dashboard use, and responsible intervention planning would be useful.",The predictions helped prioritise students for follow-up and intervention planning.,"Somewhat. The visual explanation was helpful, but additional contextual guidance would improve understanding.","I am concerned about biased training data, unequal treatment of students, and insufficient transparency.","Improve the dashboard, include clearer local explanations, and allow lecturers to provide feedback on recommendations.",Original sample
2026/07/10 6:25:17 PM GMT,Male,50 and above,Faculty of Applied Sciences,Senior Lecturer,More than 15 years,101-200,High,Low,3 - Neutral,5 - Strongly Agree,4 - Agree,4 - Agree,4 - Agree,4 - Agree,4 - Agree,4 - Agree,4 - Agree,3 - Neutral,3 - Neutral,4 - Agree,4 - Agree,5 - Strongly Agree,3 - Neutral,5 - Strongly Agree,3 - Neutral,3 - Neutral,5 - Strongly Agree,2 - Disagree,5 - Strongly Agree,4 - Agree,3 - Neutral,4 - Agree,4 - Agree,3 - Neutral,3 - Neutral,4 - Agree,4 - Agree,4 - Agree,3 - Neutral,5 - Strongly Agree,4 - Agree,4 - Agree,4 - Agree,4 - Agree,3 - Neutral,4 - Agree,4 - Agree,3 - Neutral,4 - Agree,2 - Disagree,4 - Agree,4 - Agree,2 - Disagree,2 - Disagree,They improved my confidence when the highlighted factors matched what I knew about the student.,"The clear identification of attendance, assessment scores, and participation patterns supported decision-making.","Yes, especially when my knowledge of the student's personal circumstances contradicted the recommendation.",Training and a user-friendly system encourage collaboration; lack of technical support discourages it.,The institution encourages digital learning but formal AI policies and training are still developing.,"Training on fairness, transparency, privacy, and combining AI evidence with professional judgement is required.","They were useful for screening, but should not be used as the only basis for a decision.","They improved my understanding, although some technical terms required further explanation.",There should be clear accountability when an AI-supported recommendation negatively affects a student.,"Add confidence scores, simple language summaries, and links to the evidence supporting each prediction.",Original sample
2026/07/11 7:35:50 AM GMT,Female,40-49,Pharmaceutical Sciences,Professor,More than 15 years,50-100,Very High,Very High,4 - Agree,5 - Strongly Agree,5 - Strongly Agree,5 - Strongly Agree,5 - Strongly Agree,5 - Strongly Agree,5 - Strongly Agree,4 - Agree,4 - Agree,5 - Strongly Agree,5 - Strongly Agree,5 - Strongly Agree,4 - Agree,3 - Neutral,4 - Agree,3 - Neutral,4 - Agree,4 - Agree,5 - Strongly Agree,4 - Agree,4 - Agree,5 - Strongly Agree,5 - Strongly Agree,5 - Strongly Agree,5 - Strongly Agree,4 - Agree,3 - Neutral,4 - Agree,3 - Neutral,5 - Strongly Agree,3 - Neutral,5 - Strongly Agree,4 - Agree,5 - Strongly Agree,5 - Strongly Agree,5 - Strongly Agree,5 - Strongly Agree,5 - Strongly Agree,5 - Strongly Agree,4 - Agree,5 - Strongly Agree,4 - Agree,5 - Strongly Agree,4 - Agree,4 - Agree,4 - Agree,The explanations increased our confidence by showing the main factors behind each recommendation.,The concise dashboard and explanation of individual predictions were helpful.,Yes. I disagreed when the model overlooked recent improvements that were not yet captured in the data.,"Reliable predictions and transparency encourage me, while bias, poor connectivity, and inaccurate data discourage me.",Current support is moderate and mainly focuses on general educational technology rather than AI.,"Training on fairness, transparency, privacy, and combining AI evidence with professional judgement is required.",The predictions helped prioritise students for follow-up and intervention planning.,"They improved my understanding, although some technical terms required further explanation.","My main concerns are data privacy, inaccurate records, and possible bias against particular student groups.","Improve the dashboard, include clearer local explanations, and allow lecturers to provide feedback on recommendations.",Original sample
2026/07/11 8:06:20 AM GMT,Female,50 and above,Food Technology,Associate Professor,More than 15 years,50-100,Low,Very High,5 - Strongly Agree,3 - Neutral,3 - Neutral,4 - Agree,4 - Agree,5 - Strongly Agree,4 - Agree,5 - Strongly Agree,5 - Strongly Agree,5 - Strongly Agree,4 - Agree,4 - Agree,5 - Strongly Agree,3 - Neutral,4 - Agree,2 - Disagree,3 - Neutral,4 - Agree,3 - Neutral,4 - Agree,3 - Neutral,5 - Strongly Agree,4 - Agree,4 - Agree,4 - Agree,4 - Agree,3 - Neutral,3 - Neutral,2 - Disagree,5 - Strongly Agree,2 - Disagree,5 - Strongly Agree,5 - Strongly Agree,4 - Agree,5 - Strongly Agree,4 - Agree,2 - Disagree,3 - Neutral,3 - Neutral,5 - Strongly Agree,4 - Agree,5 - Strongly Agree,3 - Neutral,3 - Neutral,4 - Agree,3 - Neutral,The explanations increased our confidence by showing the main factors behind each recommendation.,"The clear identification of attendance, assessment scores, and participation patterns supported decision-making.","Yes, especially when my knowledge of the student's personal circumstances contradicted the recommendation.","Accuracy, clear explanations, data quality, institutional support, and respect for teacher judgement encourage collaboration.","Management supports technology use through infrastructure, technical assistance, and innovation initiatives.","Training on fairness, transparency, privacy, and combining AI evidence with professional judgement is required.",They were moderately useful and would be stronger when combined with current lecturer observations.,Yes. The explanations clarified how each student factor contributed to the final prediction.,The system may appear objective even when historical data contain unfair patterns.,"Include recent student progress, lecturer observations, and contextual factors in the model.",Original sample
2026/07/11 8:09:48 AM GMT,Male,30-39,Computer Science,Associate Professor,Less than 5 years,Above 200,Moderate,High,4 - Agree,5 - Strongly Agree,4 - Agree,5 - Strongly Agree,4 - Agree,4 - Agree,5 - Strongly Agree,5 - Strongly Agree,5 - Strongly Agree,4 - Agree,5 - Strongly Agree,3 - Neutral,4 - Agree,5 - Strongly Agree,5 - Strongly Agree,3 - Neutral,5 - Strongly Agree,5 - Strongly Agree,4 - Agree,4 - Agree,5 - Strongly Agree,4 - Agree,5 - Strongly Agree,5 - Strongly Agree,4 - Agree,4 - Agree,4 - Agree,4 - Agree,4 - Agree,2 - Disagree,3 - Neutral,4 - Agree,5 - Strongly Agree,5 - Strongly Agree,4 - Agree,5 - Strongly Agree,4 - Agree,5 - Strongly Agree,4 - Agree,3 - Neutral,3 - Neutral,5 - Strongly Agree,4 - Agree,4 - Agree,4 - Agree,5 - Strongly Agree,"Trust increased moderately, although I would still confirm recommendations with my professional judgement.",The concise dashboard and explanation of individual predictions were helpful.,"Yes, especially when my knowledge of the student's personal circumstances contradicted the recommendation.",Training and a user-friendly system encourage collaboration; lack of technical support discourages it.,"The institution provides computer laboratories and technical support, but access and connectivity can be improved.","Practical training on responsible AI use, interpretation of SHAP outputs, and classroom application would be helpful.",They were helpful in identifying patterns that may not be immediately visible in routine classroom monitoring.,"Somewhat. The visual explanation was helpful, but additional contextual guidance would improve understanding.",There should be clear accountability when an AI-supported recommendation negatively affects a student.,"Provide role-based access, stronger privacy controls, and an audit trail for decisions.",Original sample
2026/07/11 8:50:37 AM GMT,Male,30-39,Food Technology,Lecturer,5-10 years,Above 200,Very High,Very High,4 - Agree,5 - Strongly Agree,4 - Agree,4 - Agree,5 - Strongly Agree,5 - Strongly Agree,5 - Strongly Agree,4 - Agree,5 - Strongly Agree,5 - Strongly Agree,4 - Agree,5 - Strongly Agree,5 - Strongly Agree,3 - Neutral,4 - Agree,4 - Agree,5 - Strongly Agree,3 - Neutral,4 - Agree,4 - Agree,4 - Agree,5 - Strongly Agree,5 - Strongly Agree,5 - Strongly Agree,3 - Neutral,4 - Agree,3 - Neutral,4 - Agree,4 - Agree,2 - Disagree,4 - Agree,5 - Strongly Agree,4 - Agree,5 - Strongly Agree,5 - Strongly Agree,5 - Strongly Agree,4 - Agree,3 - Neutral,4 - Agree,5 - Strongly Agree,4 - Agree,4 - Agree,5 - Strongly Agree,4 - Agree,4 - Agree,4 - Agree,"My trust improved, but only when the explanation was clear and supported by accurate student data.",The ranking of the most influential student factors was the most useful aspect.,Yes. I disagreed when the model overlooked recent improvements that were not yet captured in the data.,"Accuracy, clear explanations, data quality, institutional support, and respect for teacher judgement encourage collaboration.","Management supports technology use through infrastructure, technical assistance, and innovation initiatives.",Scenario-based training using real classroom cases would improve confidence.,"They were useful for screening, but should not be used as the only basis for a decision.","To a large extent, because I could see why the model reached a particular outcome.","Fairness should be tested across gender, programme, background, and other relevant student groups.",Pilot the framework across multiple departments and retrain it regularly with representative institutional data.,Original sample
2026/07/11 9:30:55 AM GMT,Female,40-49,Faculty of Applied Sciences,Lecturer,11-15 years,Less than 50,Very High,Low,4 - Agree,2 - Disagree,3 - Neutral,4 - Agree,4 - Agree,4 - Agree,3 - Neutral,3 - Neutral,3 - Neutral,4 - Agree,3 - Neutral,4 - Agree,3 - Neutral,2 - Disagree,3 - Neutral,3 - Neutral,4 - Agree,4 - Agree,4 - Agree,3 - Neutral,2 - Disagree,5 - Strongly Agree,3 - Neutral,3 - Neutral,5 - Strongly Agree,3 - Neutral,2 - Disagree,3 - Neutral,3 - Neutral,2 - Disagree,3 - Neutral,4 - Agree,3 - Neutral,3 - Neutral,4 - Agree,5 - Strongly Agree,2 - Disagree,4 - Agree,3 - Neutral,2 - Disagree,3 - Neutral,3 - Neutral,4 - Agree,3 - Neutral,3 - Neutral,2 - Disagree,"Trust increased moderately, although I would still confirm recommendations with my professional judgement.",The comparison of positive and negative contributing factors was most useful.,"Sometimes, particularly when the prediction did not reflect classroom participation and recent progress.","Reliable predictions and transparency encourage me, while bias, poor connectivity, and inaccurate data discourage me.",The institution encourages digital learning but formal AI policies and training are still developing.,"Regular workshops on data preparation, dashboard use, and responsible intervention planning would be useful.","They were useful for screening, but should not be used as the only basis for a decision.",Yes. The explanations clarified how each student factor contributed to the final prediction.,I am concerned about overreliance on predictions and limited opportunities for students to challenge decisions.,"Add confidence scores, simple language summaries, and links to the evidence supporting each prediction.",Original sample
2026/07/11 12:15:47 PM GMT,Male,30-39,Faculty of Applied Sciences,Lecturer,5-10 years,Less than 50,High,Moderate,4 - Agree,4 - Agree,3 - Neutral,4 - Agree,3 - Neutral,2 - Disagree,3 - Neutral,4 - Agree,4 - Agree,2 - Disagree,3 - Neutral,3 - Neutral,2 - Disagree,3 - Neutral,3 - Neutral,2 - Disagree,2 - Disagree,3 - Neutral,4 - Agree,4 - Agree,4 - Agree,2 - Disagree,3 - Neutral,2 - Disagree,2 - Disagree,2 - Disagree,4 - Agree,2 - Disagree,2 - Disagree,2 - Disagree,2 - Disagree,3 - Neutral,4 - Agree,5 - Strongly Agree,3 - Neutral,4 - Agree,3 - Neutral,4 - Agree,2 - Disagree,2 - Disagree,2 - Disagree,3 - Neutral,2 - Disagree,3 - Neutral,3 - Neutral,3 - Neutral,The explanations made the recommendations less like a black box and easier to assess.,"The clear identification of attendance, assessment scores, and participation patterns supported decision-making.",Yes. I disagreed when the model overlooked recent improvements that were not yet captured in the data.,"Evidence of fairness, privacy protection, and consistent performance would encourage collaboration.","Support exists through ICT services and staff development programmes, although more AI-specific training is needed.","Training on fairness, transparency, privacy, and combining AI evidence with professional judgement is required.",They were moderately useful and would be stronger when combined with current lecturer observations.,"They improved my understanding, although some technical terms required further explanation.","I am concerned about biased training data, unequal treatment of students, and insufficient transparency.",Pilot the framework across multiple departments and retrain it regularly with representative institutional data.,Original sample
2026/07/11 12:23:34 PM GMT,Male,30-39,Computer Science,Lecturer,5-10 years,50-100,Very High,Moderate,3 - Neutral,3 - Neutral,5 - Strongly Agree,4 - Agree,3 - Neutral,5 - Strongly Agree,3 - Neutral,3 - Neutral,3 - Neutral,4 - Agree,4 - Agree,2 - Disagree,4 - Agree,4 - Agree,4 - Agree,4 - Agree,4 - Agree,3 - Neutral,4 - Agree,4 - Agree,4 - Agree,3 - Neutral,4 - Agree,3 - Neutral,3 - Neutral,4 - Agree,2 - Disagree,2 - Disagree,2 - Disagree,3 - Neutral,3 - Neutral,5 - Strongly Agree,4 - Agree,3 - Neutral,3 - Neutral,3 - Neutral,3 - Neutral,4 - Agree,4 - Agree,4 - Agree,4 - Agree,2 - Disagree,4 - Agree,2 - Disagree,3 - Neutral,3 - Neutral,"Trust increased moderately, although I would still confirm recommendations with my professional judgement.",The ranking of the most influential student factors was the most useful aspect.,"Yes, especially when my knowledge of the student's personal circumstances contradicted the recommendation.",I am encouraged when AI complements rather than replaces professional judgement.,"Support exists through ICT services and staff development programmes, although more AI-specific training is needed.",Scenario-based training using real classroom cases would improve confidence.,The predictions helped prioritise students for follow-up and intervention planning.,Yes. The explanations clarified how each student factor contributed to the final prediction.,There should be clear accountability when an AI-supported recommendation negatively affects a student.,Pilot the framework across multiple departments and retrain it regularly with representative institutional data.,Original sample
2026/07/11 12:52:41 PM GMT,Male,40-49,Food Technology,Associate Professor,11-15 years,Above 200,High,High,5 - Strongly Agree,5 - Strongly Agree,5 - Strongly Agree,4 - Agree,3 - Neutral,4 - Agree,5 - Strongly Agree,4 - Agree,5 - Strongly Agree,3 - Neutral,5 - Strongly Agree,4 - Agree,4 - Agree,5 - Strongly Agree,5 - Strongly Agree,4 - Agree,3 - Neutral,4 - Agree,4 - Agree,5 - Strongly Agree,4 - Agree,5 - Strongly Agree,4 - Agree,3 - Neutral,5 - Strongly Agree,5 - Strongly Agree,4 - Agree,4 - Agree,5 - Strongly Agree,3 - Neutral,4 - Agree,5 - Strongly Agree,5 - Strongly Agree,5 - Strongly Agree,5 - Strongly Agree,5 - Strongly Agree,3 - Neutral,5 - Strongly Agree,4 - Agree,4 - Agree,4 - Agree,5 - Strongly Agree,5 - Strongly Agree,5 - Strongly Agree,5 - Strongly Agree,3 - Neutral,They improved trust because the important features influencing the prediction were visible.,Feature importance and the direction of each factor helped me understand the recommendation.,"No major disagreement occurred, but I would still review the evidence before acting.","Accuracy, clear explanations, data quality, institutional support, and respect for teacher judgement encourage collaboration.",Current support is moderate and mainly focuses on general educational technology rather than AI.,"Hands-on workshops on AI ethics, bias detection, data privacy, and decision-support tools are needed.","They were useful for screening, but should not be used as the only basis for a decision.","Somewhat. The visual explanation was helpful, but additional contextual guidance would improve understanding.",The system may appear objective even when historical data contain unfair patterns.,"Include recent student progress, lecturer observations, and contextual factors in the model.",Original sample
2026/07/11 1:15:59 PM GMT,Male,50 and above,Chemical Engineering & Technology,Senior Lecturer,11-15 years,Above 200,Low,Moderate,4 - Agree,3 - Neutral,3 - Neutral,4 - Agree,3 - Neutral,5 - Strongly Agree,3 - Neutral,4 - Agree,3 - Neutral,4 - Agree,3 - Neutral,3 - Neutral,4 - Agree,3 - Neutral,3 - Neutral,3 - Neutral,4 - Agree,3 - Neutral,4 - Agree,3 - Neutral,3 - Neutral,4 - Agree,4 - Agree,3 - Neutral,3 - Neutral,4 - Agree,3 - Neutral,3 - Neutral,2 - Disagree,3 - Neutral,3 - Neutral,4 - Agree,3 - Neutral,5 - Strongly Agree,5 - Strongly Agree,3 - Neutral,4 - Agree,3 - Neutral,3 - Neutral,3 - Neutral,3 - Neutral,4 - Agree,2 - Disagree,3 - Neutral,4 - Agree,3 - Neutral,"Trust increased moderately, although I would still confirm recommendations with my professional judgement.",Feature importance and the direction of each factor helped me understand the recommendation.,Occasionally. I relied on professional judgement when the available data were incomplete.,"Accuracy, clear explanations, data quality, institutional support, and respect for teacher judgement encourage collaboration.","The institution provides computer laboratories and technical support, but access and connectivity can be improved.","Regular workshops on data preparation, dashboard use, and responsible intervention planning would be useful.",The predictions were useful for identifying students who may require early academic support.,"Yes, especially when the dashboard displayed both supporting and opposing factors.","I am concerned about biased training data, unequal treatment of students, and insufficient transparency.","Add confidence scores, simple language summaries, and links to the evidence supporting each prediction.",Original sample
2026/07/11 3:07:54 PM GMT,Male,30-39,Liberal Studies,Lecturer,5-10 years,50-100,High,Moderate,3 - Neutral,3 - Neutral,2 - Disagree,4 - Agree,4 - Agree,5 - Strongly Agree,3 - Neutral,5 - Strongly Agree,3 - Neutral,3 - Neutral,3 - Neutral,2 - Disagree,2 - Disagree,4 - Agree,5 - Strongly Agree,4 - Agree,3 - Neutral,3 - Neutral,3 - Neutral,4 - Agree,3 - Neutral,2 - Disagree,4 - Agree,3 - Neutral,3 - Neutral,3 - Neutral,4 - Agree,3 - Neutral,2 - Disagree,2 - Disagree,3 - Neutral,5 - Strongly Agree,4 - Agree,3 - Neutral,4 - Agree,4 - Agree,4 - Agree,2 - Disagree,3 - Neutral,3 - Neutral,3 - Neutral,3 - Neutral,4 - Agree,2 - Disagree,2 - Disagree,3 - Neutral,They improved my confidence when the highlighted factors matched what I knew about the student.,The concise dashboard and explanation of individual predictions were helpful.,Occasionally. I relied on professional judgement when the available data were incomplete.,"Reliable predictions and transparency encourage me, while bias, poor connectivity, and inaccurate data discourage me.","Support exists through ICT services and staff development programmes, although more AI-specific training is needed.","Hands-on workshops on AI ethics, bias detection, data privacy, and decision-support tools are needed.","They were useful for screening, but should not be used as the only basis for a decision.","They improved my understanding, although some technical terms required further explanation.",There should be clear accountability when an AI-supported recommendation negatively affects a student.,"Add confidence scores, simple language summaries, and links to the evidence supporting each prediction.",Original sample
2026/07/11 3:20:52 PM GMT,Female,40-49,Mechanical Engineering,Senior Lecturer,5-10 years,50-100,High,Very High,5 - Strongly Agree,4 - Agree,4 - Agree,5 - Strongly Agree,5 - Strongly Agree,4 - Agree,4 - Agree,4 - Agree,5 - Strongly Agree,5 - Strongly Agree,4 - Agree,4 - Agree,4 - Agree,5 - Strongly Agree,4 - Agree,3 - Neutral,3 - Neutral,4 - Agree,2 - Disagree,4 - Agree,5 - Strongly Agree,4 - Agree,3 - Neutral,4 - Agree,3 - Neutral,3 - Neutral,3 - Neutral,3 - Neutral,5 - Strongly Agree,2 - Disagree,4 - Agree,3 - Neutral,4 - Agree,5 - Strongly Agree,5 - Strongly Agree,5 - Strongly Agree,5 - Strongly Agree,2 - Disagree,3 - Neutral,5 - Strongly Agree,4 - Agree,4 - Agree,3 - Neutral,4 - Agree,4 - Agree,5 - Strongly Agree,The explanations increased our confidence by showing the main factors behind each recommendation.,Feature importance and the direction of each factor helped me understand the recommendation.,Yes. Some recommendations appeared too dependent on historical assessment scores.,"Accuracy, clear explanations, data quality, institutional support, and respect for teacher judgement encourage collaboration.",Current support is moderate and mainly focuses on general educational technology rather than AI.,"Training should cover basic AI literacy, model limitations, and how to interpret prediction explanations.",The predictions were useful for identifying students who may require early academic support.,"Somewhat. The visual explanation was helpful, but additional contextual guidance would improve understanding.",The system may appear objective even when historical data contain unfair patterns.,"Provide role-based access, stronger privacy controls, and an audit trail for decisions.",Original sample
2026/07/11 4:24:50 PM GMT,Female,30-39,Accounting and Finance,Senior Lecturer,Less than 5 years,101-200,High,Moderate,5 - Strongly Agree,4 - Agree,5 - Strongly Agree,3 - Neutral,3 - Neutral,4 - Agree,5 - Strongly Agree,3 - Neutral,5 - Strongly Agree,3 - Neutral,4 - Agree,5 - Strongly Agree,4 - Agree,4 - Agree,4 - Agree,5 - Strongly Agree,4 - Agree,5 - Strongly Agree,4 - Agree,4 - Agree,3 - Neutral,4 - Agree,4 - Agree,4 - Agree,3 - Neutral,4 - Agree,3 - Neutral,3 - Neutral,3 - Neutral,5 - Strongly Agree,2 - Disagree,3 - Neutral,3 - Neutral,3 - Neutral,3 - Neutral,5 - Strongly Agree,3 - Neutral,4 - Agree,4 - Agree,4 - Agree,4 - Agree,5 - Strongly Agree,4 - Agree,3 - Neutral,4 - Agree,3 - Neutral,"Trust increased moderately, although I would still confirm recommendations with my professional judgement.",The ranking of the most influential student factors was the most useful aspect.,"Yes, especially when my knowledge of the student's personal circumstances contradicted the recommendation.",Training and a user-friendly system encourage collaboration; lack of technical support discourages it.,Current support is moderate and mainly focuses on general educational technology rather than AI.,"Practical training on responsible AI use, interpretation of SHAP outputs, and classroom application would be helpful.",They were moderately useful and would be stronger when combined with current lecturer observations.,"Somewhat. The visual explanation was helpful, but additional contextual guidance would improve understanding.","I am concerned about biased training data, unequal treatment of students, and insufficient transparency.",Pilot the framework across multiple departments and retrain it regularly with representative institutional data.,Original sample
2026/07/11 6:38:35 PM GMT,Male,50 and above,Chemical Engineering & Technology,Associate Professor,More than 15 years,Less than 50,High,High,5 - Strongly Agree,5 - Strongly Agree,5 - Strongly Agree,5 - Strongly Agree,5 - Strongly Agree,5 - Strongly Agree,5 - Strongly Agree,5 - Strongly Agree,5 - Strongly Agree,3 - Neutral,3 - Neutral,4 - Agree,5 - Strongly Agree,5 - Strongly Agree,5 - Strongly Agree,4 - Agree,5 - Strongly Agree,5 - Strongly Agree,4 - Agree,3 - Neutral,4 - Agree,4 - Agree,4 - Agree,4 - Agree,5 - Strongly Agree,3 - Neutral,4 - Agree,5 - Strongly Agree,4 - Agree,2 - Disagree,3 - Neutral,5 - Strongly Agree,5 - Strongly Agree,5 - Strongly Agree,4 - Agree,4 - Agree,4 - Agree,2 - Disagree,5 - Strongly Agree,4 - Agree,5 - Strongly Agree,5 - Strongly Agree,5 - Strongly Agree,3 - Neutral,4 - Agree,4 - Agree,"Trust increased moderately, although I would still confirm recommendations with my professional judgement.","The clear identification of attendance, assessment scores, and participation patterns supported decision-making.","No major disagreement occurred, but I would still review the evidence before acting.","Accuracy, clear explanations, data quality, institutional support, and respect for teacher judgement encourage collaboration.","Management supports technology use through infrastructure, technical assistance, and innovation initiatives.","Practical training on responsible AI use, interpretation of SHAP outputs, and classroom application would be helpful.",The results provided an early warning that could guide further investigation.,"To a large extent, because I could see why the model reached a particular outcome.","Fairness should be tested across gender, programme, background, and other relevant student groups.","The framework should include fairness monitoring, data-quality checks, and regular model validation.",Original sample
2026/07/11 6:58:39 PM GMT,Male,30-39,Mechanical Engineering,Lecturer,5-10 years,101-200,High,Very High,3 - Neutral,2 - Disagree,5 - Strongly Agree,4 - Agree,4 - Agree,4 - Agree,5 - Strongly Agree,3 - Neutral,4 - Agree,4 - Agree,3 - Neutral,5 - Strongly Agree,3 - Neutral,4 - Agree,5 - Strongly Agree,3 - Neutral,4 - Agree,4 - Agree,5 - Strongly Agree,3 - Neutral,3 - Neutral,4 - Agree,3 - Neutral,5 - Strongly Agree,3 - Neutral,4 - Agree,5 - Strongly Agree,3 - Neutral,4 - Agree,3 - Neutral,3 - Neutral,4 - Agree,5 - Strongly Agree,3 - Neutral,5 - Strongly Agree,4 - Agree,5 - Strongly Agree,4 - Agree,5 - Strongly Agree,3 - Neutral,4 - Agree,4 - Agree,3 - Neutral,4 - Agree,3 - Neutral,4 - Agree,"Trust increased moderately, although I would still confirm recommendations with my professional judgement.","The clear identification of attendance, assessment scores, and participation patterns supported decision-making.","Sometimes, particularly when the prediction did not reflect classroom participation and recent progress.",I am encouraged when AI complements rather than replaces professional judgement.,Current support is moderate and mainly focuses on general educational technology rather than AI.,"Practical training on responsible AI use, interpretation of SHAP outputs, and classroom application would be helpful.","They were useful for screening, but should not be used as the only basis for a decision.",Yes. SHAP made the prediction process more transparent and easier to interpret.,"My main concerns are data privacy, inaccurate records, and possible bias against particular student groups.","Add confidence scores, simple language summaries, and links to the evidence supporting each prediction.",Original sample
2026/07/12 8:33:08 AM GMT,Female,50 and above,Building Technology,Senior Lecturer,11-15 years,50-100,Very High,High,3 - Neutral,3 - Neutral,3 - Neutral,4 - Agree,3 - Neutral,4 - Agree,4 - Agree,3 - Neutral,4 - Agree,3 - Neutral,5 - Strongly Agree,4 - Agree,2 - Disagree,5 - Strongly Agree,3 - Neutral,3 - Neutral,4 - Agree,4 - Agree,4 - Agree,4 - Agree,4 - Agree,4 - Agree,4 - Agree,4 - Agree,4 - Agree,4 - Agree,4 - Agree,3 - Neutral,3 - Neutral,3 - Neutral,4 - Agree,5 - Strongly Agree,3 - Neutral,5 - Strongly Agree,4 - Agree,4 - Agree,5 - Strongly Agree,3 - Neutral,3 - Neutral,4 - Agree,4 - Agree,4 - Agree,3 - Neutral,2 - Disagree,4 - Agree,4 - Agree,The explanations made the recommendations less like a black box and easier to assess.,The comparison of positive and negative contributing factors was most useful.,Yes. Some recommendations appeared too dependent on historical assessment scores.,"Evidence of fairness, privacy protection, and consistent performance would encourage collaboration.","The institution provides computer laboratories and technical support, but access and connectivity can be improved.","Training should cover basic AI literacy, model limitations, and how to interpret prediction explanations.","They were useful for screening, but should not be used as the only basis for a decision.",Yes. The explanations clarified how each student factor contributed to the final prediction.,"I am concerned about biased training data, unequal treatment of students, and insufficient transparency.","The framework should include fairness monitoring, data-quality checks, and regular model validation.",Original sample
2026/07/12 9:16:25 AM GMT,Male,50 and above,Building Technology,Associate Professor,More than 15 years,50-100,High,Moderate,2 - Disagree,5 - Strongly Agree,3 - Neutral,5 - Strongly Agree,4 - Agree,5 - Strongly Agree,4 - Agree,4 - Agree,3 - Neutral,4 - Agree,4 - Agree,4 - Agree,4 - Agree,4 - Agree,5 - Strongly Agree,4 - Agree,5 - Strongly Agree,3 - Neutral,4 - Agree,4 - Agree,5 - Strongly Agree,5 - Strongly Agree,5 - Strongly Agree,2 - Disagree,4 - Agree,4 - Agree,3 - Neutral,5 - Strongly Agree,3 - Neutral,3 - Neutral,3 - Neutral,5 - Strongly Agree,4 - Agree,5 - Strongly Agree,4 - Agree,3 - Neutral,5 - Strongly Agree,4 - Agree,5 - Strongly Agree,4 - Agree,3 - Neutral,3 - Neutral,4 - Agree,3 - Neutral,4 - Agree,4 - Agree,The explanations increased our confidence by showing the main factors behind each recommendation.,"The clear identification of attendance, assessment scores, and participation patterns supported decision-making.","No major disagreement occurred, but I would still review the evidence before acting.",Training and a user-friendly system encourage collaboration; lack of technical support discourages it.,"The institution provides LMS platforms, internet access, and occasional digital teaching workshops.","Practical training on responsible AI use, interpretation of SHAP outputs, and classroom application would be helpful.",They were helpful in identifying patterns that may not be immediately visible in routine classroom monitoring.,"Somewhat. The visual explanation was helpful, but additional contextual guidance would improve understanding.","Fairness should be tested across gender, programme, background, and other relevant student groups.","Add confidence scores, simple language summaries, and links to the evidence supporting each prediction.",Original sample
2026/07/12 9:44:46 AM GMT,Female,40-49,Hospitality and Tourism Management,Lecturer,5-10 years,101-200,Very High,Moderate,5 - Strongly Agree,3 - Neutral,4 - Agree,3 - Neutral,4 - Agree,3 - Neutral,3 - Neutral,4 - Agree,4 - Agree,3 - Neutral,4 - Agree,3 - Neutral,3 - Neutral,4 - Agree,2 - Disagree,4 - Agree,5 - Strongly Agree,3 - Neutral,2 - Disagree,4 - Agree,3 - Neutral,3 - Neutral,4 - Agree,3 - Neutral,3 - Neutral,3 - Neutral,3 - Neutral,3 - Neutral,3 - Neutral,4 - Agree,2 - Disagree,2 - Disagree,4 - Agree,5 - Strongly Agree,4 - Agree,2 - Disagree,3 - Neutral,4 - Agree,3 - Neutral,4 - Agree,3 - Neutral,4 - Agree,3 - Neutral,3 - Neutral,3 - Neutral,4 - Agree,"My trust improved, but only when the explanation was clear and supported by accurate student data.",Feature importance and the direction of each factor helped me understand the recommendation.,Yes. Some recommendations appeared too dependent on historical assessment scores.,"Poor infrastructure, limited training, and unexplained recommendations would discourage collaboration.","Management supports technology use through infrastructure, technical assistance, and innovation initiatives.","Practical training on responsible AI use, interpretation of SHAP outputs, and classroom application would be helpful.","They were useful for screening, but should not be used as the only basis for a decision.","To a large extent, because I could see why the model reached a particular outcome.",The system may appear objective even when historical data contain unfair patterns.,"Improve the dashboard, include clearer local explanations, and allow lecturers to provide feedback on recommendations.",Original sample
2026/07/12 10:52:45 AM GMT,Male,50 and above,Electrical and Electronic Engineering,Senior Lecturer,More than 15 years,101-200,High,Very High,5 - Strongly Agree,4 - Agree,5 - Strongly Agree,5 - Strongly Agree,4 - Agree,4 - Agree,4 - Agree,4 - Agree,5 - Strongly Agree,4 - Agree,4 - Agree,3 - Neutral,5 - Strongly Agree,5 - Strongly Agree,5 - Strongly Agree,4 - Agree,4 - Agree,5 - Strongly Agree,5 - Strongly Agree,4 - Agree,4 - Agree,3 - Neutral,5 - Strongly Agree,3 - Neutral,4 - Agree,4 - Agree,3 - Neutral,3 - Neutral,4 - Agree,4 - Agree,3 - Neutral,5 - Strongly Agree,5 - Strongly Agree,5 - Strongly Agree,4 - Agree,5 - Strongly Agree,3 - Neutral,3 - Neutral,4 - Agree,4 - Agree,4 - Agree,4 - Agree,3 - Neutral,4 - Agree,5 - Strongly Agree,4 - Agree,The explanations increased our confidence by showing the main factors behind each recommendation.,Feature importance and the direction of each factor helped me understand the recommendation.,Yes. Some recommendations appeared too dependent on historical assessment scores.,"Evidence of fairness, privacy protection, and consistent performance would encourage collaboration.","Management supports technology use through infrastructure, technical assistance, and innovation initiatives.","Training should cover basic AI literacy, model limitations, and how to interpret prediction explanations.","They were useful for screening, but should not be used as the only basis for a decision.",Yes. The explanations clarified how each student factor contributed to the final prediction.,There should be clear accountability when an AI-supported recommendation negatively affects a student.,"The framework should include fairness monitoring, data-quality checks, and regular model validation.",Original sample
2026/07/12 11:54:38 AM GMT,Female,30-39,Computer Science,Lecturer,5-10 years,101-200,Moderate,Moderate,4 - Agree,2 - Disagree,3 - Neutral,2 - Disagree,3 - Neutral,3 - Neutral,3 - Neutral,5 - Strongly Agree,3 - Neutral,4 - Agree,3 - Neutral,2 - Disagree,3 - Neutral,3 - Neutral,3 - Neutral,4 - Agree,2 - Disagree,4 - Agree,3 - Neutral,4 - Agree,4 - Agree,4 - Agree,2 - Disagree,2 - Disagree,4 - Agree,3 - Neutral,2 - Disagree,3 - Neutral,3 - Neutral,3 - Neutral,2 - Disagree,4 - Agree,4 - Agree,5 - Strongly Agree,4 - Agree,3 - Neutral,4 - Agree,4 - Agree,2 - Disagree,2 - Disagree,3 - Neutral,3 - Neutral,3 - Neutral,3 - Neutral,3 - Neutral,3 - Neutral,The explanations made the recommendations less like a black box and easier to assess.,The visual summary showing why a student was classified as at risk was most useful.,Yes. Some recommendations appeared too dependent on historical assessment scores.,"Accuracy, clear explanations, data quality, institutional support, and respect for teacher judgement encourage collaboration.",Current support is moderate and mainly focuses on general educational technology rather than AI.,"Practical training on responsible AI use, interpretation of SHAP outputs, and classroom application would be helpful.",The predictions were useful for identifying students who may require early academic support.,"To a large extent, because I could see why the model reached a particular outcome.",There should be clear accountability when an AI-supported recommendation negatively affects a student.,"Improve the dashboard, include clearer local explanations, and allow lecturers to provide feedback on recommendations.",Original sample
2026/07/12 1:11:24 PM GMT,Female,40-49,Liberal Studies,Lecturer,11-15 years,Less than 50,Very High,High,4 - Agree,4 - Agree,5 - Strongly Agree,4 - Agree,4 - Agree,5 - Strongly Agree,4 - Agree,2 - Disagree,5 - Strongly Agree,5 - Strongly Agree,3 - Neutral,5 - Strongly Agree,4 - Agree,3 - Neutral,3 - Neutral,4 - Agree,5 - Strongly Agree,5 - Strongly Agree,4 - Agree,4 - Agree,5 - Strongly Agree,5 - Strongly Agree,4 - Agree,2 - Disagree,5 - Strongly Agree,5 - Strongly Agree,3 - Neutral,2 - Disagree,3 - Neutral,5 - Strongly Agree,3 - Neutral,4 - Agree,5 - Strongly Agree,5 - Strongly Agree,4 - Agree,4 - Agree,4 - Agree,2 - Disagree,3 - Neutral,4 - Agree,4 - Agree,5 - Strongly Agree,3 - Neutral,2 - Disagree,5 - Strongly Agree,5 - Strongly Agree,The explanations made the recommendations less like a black box and easier to assess.,The concise dashboard and explanation of individual predictions were helpful.,"No major disagreement occurred, but I would still review the evidence before acting.","Poor infrastructure, limited training, and unexplained recommendations would discourage collaboration.",The institution encourages digital learning but formal AI policies and training are still developing.,"Practical training on responsible AI use, interpretation of SHAP outputs, and classroom application would be helpful.",They were moderately useful and would be stronger when combined with current lecturer observations.,"They improved my understanding, although some technical terms required further explanation.",The system may appear objective even when historical data contain unfair patterns.,"The framework should include fairness monitoring, data-quality checks, and regular model validation.",Original sample
2026/07/12 1:24:07 PM GMT,Male,40-49,Management Studies,Associate Professor,11-15 years,50-100,Very High,High,4 - Agree,5 - Strongly Agree,2 - Disagree,3 - Neutral,4 - Agree,3 - Neutral,4 - Agree,5 - Strongly Agree,3 - Neutral,5 - Strongly Agree,4 - Agree,3 - Neutral,4 - Agree,3 - Neutral,3 - Neutral,4 - Agree,4 - Agree,4 - Agree,3 - Neutral,3 - Neutral,5 - Strongly Agree,4 - Agree,4 - Agree,4 - Agree,3 - Neutral,3 - Neutral,4 - Agree,3 - Neutral,3 - Neutral,3 - Neutral,4 - Agree,3 - Neutral,3 - Neutral,3 - Neutral,4 - Agree,4 - Agree,4 - Agree,4 - Agree,4 - Agree,2 - Disagree,3 - Neutral,4 - Agree,4 - Agree,4 - Agree,4 - Agree,3 - Neutral,"Trust increased moderately, although I would still confirm recommendations with my professional judgement.",The ranking of the most influential student factors was the most useful aspect.,Yes. I disagreed when the model overlooked recent improvements that were not yet captured in the data.,"Evidence of fairness, privacy protection, and consistent performance would encourage collaboration.","The institution provides LMS platforms, internet access, and occasional digital teaching workshops.","Hands-on workshops on AI ethics, bias detection, data privacy, and decision-support tools are needed.","They were useful for screening, but should not be used as the only basis for a decision.",Yes. The explanations clarified how each student factor contributed to the final prediction.,There should be clear accountability when an AI-supported recommendation negatively affects a student.,"Include recent student progress, lecturer observations, and contextual factors in the model.",Original sample
2026/07/12 1:55:26 PM GMT,Female,30-39,Hospitality and Tourism Management,Lecturer,5-10 years,50-100,Low,Moderate,4 - Agree,3 - Neutral,4 - Agree,3 - Neutral,2 - Disagree,3 - Neutral,3 - Neutral,2 - Disagree,3 - Neutral,4 - Agree,3 - Neutral,3 - Neutral,3 - Neutral,5 - Strongly Agree,4 - Agree,3 - Neutral,3 - Neutral,4 - Agree,4 - Agree,4 - Agree,3 - Neutral,3 - Neutral,2 - Disagree,3 - Neutral,5 - Strongly Agree,5 - Strongly Agree,2 - Disagree,2 - Disagree,4 - Agree,3 - Neutral,2 - Disagree,4 - Agree,4 - Agree,4 - Agree,4 - Agree,4 - Agree,2 - Disagree,4 - Agree,3 - Neutral,3 - Neutral,3 - Neutral,3 - Neutral,5 - Strongly Agree,1 - Strongly Disagree,4 - Agree,3 - Neutral,They improved my confidence when the highlighted factors matched what I knew about the student.,The visual summary showing why a student was classified as at risk was most useful.,"Sometimes, particularly when the prediction did not reflect classroom participation and recent progress.","Reliable predictions and transparency encourage me, while bias, poor connectivity, and inaccurate data discourage me.",Current support is moderate and mainly focuses on general educational technology rather than AI.,"Training should cover basic AI literacy, model limitations, and how to interpret prediction explanations.",They were moderately useful and would be stronger when combined with current lecturer observations.,"They improved my understanding, although some technical terms required further explanation.","Fairness should be tested across gender, programme, background, and other relevant student groups.","Improve the dashboard, include clearer local explanations, and allow lecturers to provide feedback on recommendations.",Original sample
2026/07/12 2:00:57 PM GMT,Female,50 and above,Computer Science,Senior Lecturer,More than 15 years,50-100,Moderate,High,3 - Neutral,4 - Agree,4 - Agree,3 - Neutral,4 - Agree,3 - Neutral,4 - Agree,4 - Agree,3 - Neutral,5 - Strongly Agree,4 - Agree,5 - Strongly Agree,4 - Agree,5 - Strongly Agree,4 - Agree,3 - Neutral,4 - Agree,3 - Neutral,4 - Agree,4 - Agree,4 - Agree,2 - Disagree,5 - Strongly Agree,3 - Neutral,4 - Agree,4 - Agree,3 - Neutral,3 - Neutral,4 - Agree,3 - Neutral,3 - Neutral,4 - Agree,3 - Neutral,5 - Strongly Agree,5 - Strongly Agree,5 - Strongly Agree,4 - Agree,5 - Strongly Agree,4 - Agree,3 - Neutral,5 - Strongly Agree,4 - Agree,3 - Neutral,5 - Strongly Agree,4 - Agree,5 - Strongly Agree,They improved trust because the important features influencing the prediction were visible.,The visual summary showing why a student was classified as at risk was most useful.,"No major disagreement occurred, but I would still review the evidence before acting.","Poor infrastructure, limited training, and unexplained recommendations would discourage collaboration.",Current support is moderate and mainly focuses on general educational technology rather than AI.,"Regular workshops on data preparation, dashboard use, and responsible intervention planning would be useful.",They were moderately useful and would be stronger when combined with current lecturer observations.,Yes. The explanations clarified how each student factor contributed to the final prediction.,"My main concerns are data privacy, inaccurate records, and possible bias against particular student groups.","Include recent student progress, lecturer observations, and contextual factors in the model.",Original sample
2026/07/12 2:17:48 PM GMT,Female,50 and above,Mechanical Engineering,Senior Lecturer,More than 15 years,50-100,High,Moderate,5 - Strongly Agree,4 - Agree,4 - Agree,4 - Agree,2 - Disagree,4 - Agree,5 - Strongly Agree,4 - Agree,4 - Agree,4 - Agree,4 - Agree,4 - Agree,4 - Agree,4 - Agree,4 - Agree,3 - Neutral,5 - Strongly Agree,4 - Agree,3 - Neutral,4 - Agree,5 - Strongly Agree,3 - Neutral,4 - Agree,5 - Strongly Agree,3 - Neutral,3 - Neutral,4 - Agree,4 - Agree,4 - Agree,3 - Neutral,3 - Neutral,5 - Strongly Agree,5 - Strongly Agree,3 - Neutral,5 - Strongly Agree,4 - Agree,3 - Neutral,4 - Agree,3 - Neutral,3 - Neutral,3 - Neutral,3 - Neutral,3 - Neutral,3 - Neutral,4 - Agree,4 - Agree,"Trust increased moderately, although I would still confirm recommendations with my professional judgement.",The concise dashboard and explanation of individual predictions were helpful.,"Sometimes, particularly when the prediction did not reflect classroom participation and recent progress.","Reliable predictions and transparency encourage me, while bias, poor connectivity, and inaccurate data discourage me.","Support exists through ICT services and staff development programmes, although more AI-specific training is needed.","Practical training on responsible AI use, interpretation of SHAP outputs, and classroom application would be helpful.",They were helpful in identifying patterns that may not be immediately visible in routine classroom monitoring.,"Yes, especially when the dashboard displayed both supporting and opposing factors.",I am concerned about overreliance on predictions and limited opportunities for students to challenge decisions.,"The framework should include fairness monitoring, data-quality checks, and regular model validation.",Original sample
2026/07/12 3:12:04 PM GMT,Male,50 and above,Computer Science,Associate Professor,More than 15 years,50-100,High,High,3 - Neutral,4 - Agree,4 - Agree,3 - Neutral,3 - Neutral,3 - Neutral,3 - Neutral,4 - Agree,4 - Agree,3 - Neutral,3 - Neutral,4 - Agree,3 - Neutral,5 - Strongly Agree,3 - Neutral,5 - Strongly Agree,3 - Neutral,5 - Strongly Agree,4 - Agree,3 - Neutral,4 - Agree,3 - Neutral,2 - Disagree,4 - Agree,3 - Neutral,4 - Agree,2 - Disagree,2 - Disagree,2 - Disagree,3 - Neutral,3 - Neutral,3 - Neutral,5 - Strongly Agree,4 - Agree,4 - Agree,4 - Agree,3 - Neutral,3 - Neutral,3 - Neutral,2 - Disagree,4 - Agree,3 - Neutral,4 - Agree,4 - Agree,2 - Disagree,3 - Neutral,They improved my confidence when the highlighted factors matched what I knew about the student.,"The clear identification of attendance, assessment scores, and participation patterns supported decision-making.",Occasionally. I relied on professional judgement when the available data were incomplete.,"Reliable predictions and transparency encourage me, while bias, poor connectivity, and inaccurate data discourage me.","The institution provides computer laboratories and technical support, but access and connectivity can be improved.",Scenario-based training using real classroom cases would improve confidence.,The results provided an early warning that could guide further investigation.,Yes. SHAP made the prediction process more transparent and easier to interpret.,"My main concerns are data privacy, inaccurate records, and possible bias against particular student groups.","Provide role-based access, stronger privacy controls, and an audit trail for decisions.",Original sample
2026/07/12 4:49:55 PM GMT,Male,40-49,Computer Science,Lecturer,Less than 5 years,50-100,Very High,Very High,4 - Agree,3 - Neutral,4 - Agree,4 - Agree,2 - Disagree,4 - Agree,3 - Neutral,4 - Agree,4 - Agree,4 - Agree,3 - Neutral,5 - Strongly Agree,4 - Agree,4 - Agree,3 - Neutral,5 - Strongly Agree,3 - Neutral,3 - Neutral,3 - Neutral,5 - Strongly Agree,3 - Neutral,3 - Neutral,3 - Neutral,4 - Agree,3 - Neutral,4 - Agree,2 - Disagree,3 - Neutral,3 - Neutral,3 - Neutral,3 - Neutral,3 - Neutral,4 - Agree,4 - Agree,4 - Agree,5 - Strongly Agree,3 - Neutral,3 - Neutral,4 - Agree,4 - Agree,4 - Agree,4 - Agree,4 - Agree,3 - Neutral,4 - Agree,4 - Agree,"My trust improved, but only when the explanation was clear and supported by accurate student data.",Feature importance and the direction of each factor helped me understand the recommendation.,Occasionally. I relied on professional judgement when the available data were incomplete.,"Evidence of fairness, privacy protection, and consistent performance would encourage collaboration.","Management supports technology use through infrastructure, technical assistance, and innovation initiatives.","Training should cover basic AI literacy, model limitations, and how to interpret prediction explanations.",They were helpful in identifying patterns that may not be immediately visible in routine classroom monitoring.,Yes. The explanations clarified how each student factor contributed to the final prediction.,The system may appear objective even when historical data contain unfair patterns.,"Add confidence scores, simple language summaries, and links to the evidence supporting each prediction.",Original sample
2026/07/12 5:35:15 PM GMT,Female,40-49,Faculty of Applied Sciences,Senior Lecturer,5-10 years,Less than 50,High,Very High,5 - Strongly Agree,5 - Strongly Agree,4 - Agree,5 - Strongly Agree,4 - Agree,5 - Strongly Agree,4 - Agree,4 - Agree,5 - Strongly Agree,5 - Strongly Agree,5 - Strongly Agree,5 - Strongly Agree,4 - Agree,4 - Agree,5 - Strongly Agree,5 - Strongly Agree,5 - Strongly Agree,4 - Agree,4 - Agree,5 - Strongly Agree,4 - Agree,5 - Strongly Agree,4 - Agree,5 - Strongly Agree,5 - Strongly Agree,4 - Agree,3 - Neutral,4 - Agree,4 - Agree,5 - Strongly Agree,5 - Strongly Agree,5 - Strongly Agree,5 - Strongly Agree,5 - Strongly Agree,5 - Strongly Agree,5 - Strongly Agree,5 - Strongly Agree,5 - Strongly Agree,4 - Agree,5 - Strongly Agree,5 - Strongly Agree,4 - Agree,4 - Agree,5 - Strongly Agree,5 - Strongly Agree,4 - Agree,"My trust improved, but only when the explanation was clear and supported by accurate student data.",The concise dashboard and explanation of individual predictions were helpful.,Occasionally. I relied on professional judgement when the available data were incomplete.,"Poor infrastructure, limited training, and unexplained recommendations would discourage collaboration.",The institution encourages digital learning but formal AI policies and training are still developing.,Scenario-based training using real classroom cases would improve confidence.,The predictions helped prioritise students for follow-up and intervention planning.,"They improved my understanding, although some technical terms required further explanation.","Fairness should be tested across gender, programme, background, and other relevant student groups.","The framework should include fairness monitoring, data-quality checks, and regular model validation.",Original sample
2026/07/12 6:34:20 PM GMT,Female,30-39,Computer Science,Senior Lecturer,5-10 years,50-100,High,Very High,4 - Agree,2 - Disagree,3 - Neutral,4 - Agree,2 - Disagree,3 - Neutral,3 - Neutral,5 - Strongly Agree,3 - Neutral,4 - Agree,3 - Neutral,3 - Neutral,3 - Neutral,3 - Neutral,4 - Agree,3 - Neutral,4 - Agree,3 - Neutral,3 - Neutral,2 - Disagree,2 - Disagree,2 - Disagree,3 - Neutral,3 - Neutral,4 - Agree,3 - Neutral,2 - Disagree,5 - Strongly Agree,3 - Neutral,3 - Neutral,3 - Neutral,4 - Agree,3 - Neutral,3 - Neutral,4 - Agree,3 - Neutral,2 - Disagree,3 - Neutral,2 - Disagree,3 - Neutral,4 - Agree,4 - Agree,2 - Disagree,1 - Strongly Disagree,3 - Neutral,2 - Disagree,The explanations made the recommendations less like a black box and easier to assess.,Feature importance and the direction of each factor helped me understand the recommendation.,"Yes, especially when my knowledge of the student's personal circumstances contradicted the recommendation.","Accuracy, clear explanations, data quality, institutional support, and respect for teacher judgement encourage collaboration.","Support exists through ICT services and staff development programmes, although more AI-specific training is needed.","Hands-on workshops on AI ethics, bias detection, data privacy, and decision-support tools are needed.",The results provided an early warning that could guide further investigation.,"They improved my understanding, although some technical terms required further explanation.","Fairness should be tested across gender, programme, background, and other relevant student groups.","The framework should include fairness monitoring, data-quality checks, and regular model validation.",Original sample
2026/07/13 7:08:00 AM GMT,Male,40-49,Accounting and Finance,Senior Lecturer,11-15 years,101-200,Moderate,Moderate,4 - Agree,2 - Disagree,3 - Neutral,1 - Strongly Disagree,3 - Neutral,2 - Disagree,5 - Strongly Agree,3 - Neutral,2 - Disagree,3 - Neutral,3 - Neutral,3 - Neutral,4 - Agree,4 - Agree,5 - Strongly Agree,2 - Disagree,3 - Neutral,4 - Agree,3 - Neutral,4 - Agree,3 - Neutral,3 - Neutral,3 - Neutral,3 - Neutral,3 - Neutral,4 - Agree,4 - Agree,3 - Neutral,2 - Disagree,2 - Disagree,1 - Strongly Disagree,4 - Agree,4 - Agree,3 - Neutral,5 - Strongly Agree,3 - Neutral,2 - Disagree,4 - Agree,3 - Neutral,3 - Neutral,2 - Disagree,3 - Neutral,3 - Neutral,3 - Neutral,3 - Neutral,3 - Neutral,They improved my confidence when the highlighted factors matched what I knew about the student.,The ranking of the most influential student factors was the most useful aspect.,"Sometimes, particularly when the prediction did not reflect classroom participation and recent progress.","Reliable predictions and transparency encourage me, while bias, poor connectivity, and inaccurate data discourage me.","The institution provides computer laboratories and technical support, but access and connectivity can be improved.",Scenario-based training using real classroom cases would improve confidence.,They were moderately useful and would be stronger when combined with current lecturer observations.,"They improved my understanding, although some technical terms required further explanation.",There should be clear accountability when an AI-supported recommendation negatively affects a student.,"Include recent student progress, lecturer observations, and contextual factors in the model.",Original sample
2026/07/13 7:16:29 AM GMT,Male,30-39,Mechanical Engineering,Lecturer,5-10 years,Less than 50,Moderate,High,5 - Strongly Agree,4 - Agree,4 - Agree,5 - Strongly Agree,5 - Strongly Agree,5 - Strongly Agree,4 - Agree,5 - Strongly Agree,5 - Strongly Agree,5 - Strongly Agree,5 - Strongly Agree,4 - Agree,3 - Neutral,5 - Strongly Agree,4 - Agree,5 - Strongly Agree,4 - Agree,5 - Strongly Agree,4 - Agree,5 - Strongly Agree,5 - Strongly Agree,4 - Agree,5 - Strongly Agree,4 - Agree,5 - Strongly Agree,5 - Strongly Agree,4 - Agree,5 - Strongly Agree,4 - Agree,5 - Strongly Agree,5 - Strongly Agree,5 - Strongly Agree,5 - Strongly Agree,5 - Strongly Agree,5 - Strongly Agree,5 - Strongly Agree,5 - Strongly Agree,5 - Strongly Agree,5 - Strongly Agree,4 - Agree,5 - Strongly Agree,4 - Agree,5 - Strongly Agree,5 - Strongly Agree,4 - Agree,3 - Neutral,The explanations made the recommendations less like a black box and easier to assess.,"The clear identification of attendance, assessment scores, and participation patterns supported decision-making.","Yes, especially when my knowledge of the student's personal circumstances contradicted the recommendation.","Reliable predictions and transparency encourage me, while bias, poor connectivity, and inaccurate data discourage me.","The institution provides LMS platforms, internet access, and occasional digital teaching workshops.","Regular workshops on data preparation, dashboard use, and responsible intervention planning would be useful.",They were helpful in identifying patterns that may not be immediately visible in routine classroom monitoring.,"Somewhat. The visual explanation was helpful, but additional contextual guidance would improve understanding.","I am concerned about biased training data, unequal treatment of students, and insufficient transparency.","Include recent student progress, lecturer observations, and contextual factors in the model.",Original sample
2026/07/13 9:32:25 AM GMT,Male,30-39,Building Technology,Lecturer,11-15 years,101-200,High,Moderate,2 - Disagree,4 - Agree,4 - Agree,3 - Neutral,3 - Neutral,4 - Agree,4 - Agree,3 - Neutral,4 - Agree,5 - Strongly Agree,5 - Strongly Agree,2 - Disagree,4 - Agree,4 - Agree,5 - Strongly Agree,5 - Strongly Agree,4 - Agree,4 - Agree,4 - Agree,4 - Agree,3 - Neutral,2 - Disagree,3 - Neutral,3 - Neutral,3 - Neutral,4 - Agree,3 - Neutral,3 - Neutral,2 - Disagree,2 - Disagree,4 - Agree,4 - Agree,4 - Agree,4 - Agree,3 - Neutral,3 - Neutral,5 - Strongly Agree,3 - Neutral,3 - Neutral,4 - Agree,3 - Neutral,2 - Disagree,3 - Neutral,3 - Neutral,4 - Agree,3 - Neutral,"My trust improved, but only when the explanation was clear and supported by accurate student data.","The clear identification of attendance, assessment scores, and participation patterns supported decision-making.",Yes. I disagreed when the model overlooked recent improvements that were not yet captured in the data.,Training and a user-friendly system encourage collaboration; lack of technical support discourages it.,"The institution provides computer laboratories and technical support, but access and connectivity can be improved.","Regular workshops on data preparation, dashboard use, and responsible intervention planning would be useful.",They were moderately useful and would be stronger when combined with current lecturer observations.,Yes. The explanations clarified how each student factor contributed to the final prediction.,I am concerned about overreliance on predictions and limited opportunities for students to challenge decisions.,"Add confidence scores, simple language summaries, and links to the evidence supporting each prediction.",Original sample
2026/07/13 9:49:59 AM GMT,Male,50 and above,Pharmaceutical Sciences,Associate Professor,More than 15 years,101-200,High,Moderate,3 - Neutral,2 - Disagree,4 - Agree,4 - Agree,4 - Agree,3 - Neutral,2 - Disagree,4 - Agree,3 - Neutral,4 - Agree,4 - Agree,3 - Neutral,3 - Neutral,3 - Neutral,3 - Neutral,4 - Agree,3 - Neutral,5 - Strongly Agree,3 - Neutral,4 - Agree,5 - Strongly Agree,4 - Agree,5 - Strongly Agree,5 - Strongly Agree,3 - Neutral,3 - Neutral,3 - Neutral,3 - Neutral,5 - Strongly Agree,3 - Neutral,2 - Disagree,4 - Agree,5 - Strongly Agree,3 - Neutral,5 - Strongly Agree,5 - Strongly Agree,4 - Agree,4 - Agree,4 - Agree,4 - Agree,5 - Strongly Agree,3 - Neutral,4 - Agree,4 - Agree,3 - Neutral,4 - Agree,The explanations increased our confidence by showing the main factors behind each recommendation.,The visual summary showing why a student was classified as at risk was most useful.,Yes. Some recommendations appeared too dependent on historical assessment scores.,I am encouraged when AI complements rather than replaces professional judgement.,Current support is moderate and mainly focuses on general educational technology rather than AI.,"Regular workshops on data preparation, dashboard use, and responsible intervention planning would be useful.","They were useful for screening, but should not be used as the only basis for a decision.","Yes, especially when the dashboard displayed both supporting and opposing factors.",The system may appear objective even when historical data contain unfair patterns.,"Add confidence scores, simple language summaries, and links to the evidence supporting each prediction.",Original sample
2026/07/13 10:08:05 AM GMT,Female,30-39,Mechanical Engineering,Assistant Lecturer,5-10 years,50-100,Low,High,4 - Agree,5 - Strongly Agree,4 - Agree,4 - Agree,5 - Strongly Agree,5 - Strongly Agree,5 - Strongly Agree,5 - Strongly Agree,5 - Strongly Agree,3 - Neutral,5 - Strongly Agree,4 - Agree,5 - Strongly Agree,4 - Agree,5 - Strongly Agree,5 - Strongly Agree,4 - Agree,5 - Strongly Agree,4 - Agree,3 - Neutral,4 - Agree,5 - Strongly Agree,5 - Strongly Agree,5 - Strongly Agree,3 - Neutral,5 - Strongly Agree,3 - Neutral,3 - Neutral,4 - Agree,3 - Neutral,4 - Agree,5 - Strongly Agree,4 - Agree,4 - Agree,3 - Neutral,4 - Agree,4 - Agree,5 - Strongly Agree,4 - Agree,4 - Agree,4 - Agree,5 - Strongly Agree,3 - Neutral,5 - Strongly Agree,5 - Strongly Agree,4 - Agree,The explanations increased our confidence by showing the main factors behind each recommendation.,The visual summary showing why a student was classified as at risk was most useful.,Yes. I disagreed when the model overlooked recent improvements that were not yet captured in the data.,"Poor infrastructure, limited training, and unexplained recommendations would discourage collaboration.","Management supports technology use through infrastructure, technical assistance, and innovation initiatives.","Training should cover basic AI literacy, model limitations, and how to interpret prediction explanations.",They were moderately useful and would be stronger when combined with current lecturer observations.,Yes. The explanations clarified how each student factor contributed to the final prediction.,The system may appear objective even when historical data contain unfair patterns.,"Include recent student progress, lecturer observations, and contextual factors in the model.",Original sample
2026/07/13 12:06:51 PM GMT,Female,50 and above,Chemical Engineering & Technology,Associate Professor,11-15 years,50-100,High,Very High,3 - Neutral,4 - Agree,4 - Agree,5 - Strongly Agree,4 - Agree,3 - Neutral,3 - Neutral,3 - Neutral,4 - Agree,3 - Neutral,3 - Neutral,3 - Neutral,5 - Strongly Agree,3 - Neutral,3 - Neutral,4 - Agree,5 - Strongly Agree,4 - Agree,3 - Neutral,4 - Agree,5 - Strongly Agree,4 - Agree,5 - Strongly Agree,4 - Agree,4 - Agree,5 - Strongly Agree,4 - Agree,3 - Neutral,3 - Neutral,3 - Neutral,3 - Neutral,4 - Agree,4 - Agree,4 - Agree,5 - Strongly Agree,5 - Strongly Agree,4 - Agree,3 - Neutral,4 - Agree,5 - Strongly Agree,5 - Strongly Agree,3 - Neutral,4 - Agree,4 - Agree,4 - Agree,4 - Agree,The explanations made the recommendations less like a black box and easier to assess.,The comparison of positive and negative contributing factors was most useful.,"Sometimes, particularly when the prediction did not reflect classroom participation and recent progress.","Evidence of fairness, privacy protection, and consistent performance would encourage collaboration.","Support exists through ICT services and staff development programmes, although more AI-specific training is needed.","Practical training on responsible AI use, interpretation of SHAP outputs, and classroom application would be helpful.",The predictions helped prioritise students for follow-up and intervention planning.,"Somewhat. The visual explanation was helpful, but additional contextual guidance would improve understanding.",The system may appear objective even when historical data contain unfair patterns.,"Improve the dashboard, include clearer local explanations, and allow lecturers to provide feedback on recommendations.",Original sample
2026/07/13 12:26:22 PM GMT,Male,30-39,Management Studies,Lecturer,Less than 5 years,101-200,High,Very High,3 - Neutral,4 - Agree,4 - Agree,5 - Strongly Agree,4 - Agree,4 - Agree,4 - Agree,4 - Agree,4 - Agree,3 - Neutral,5 - Strongly Agree,4 - Agree,4 - Agree,4 - Agree,4 - Agree,5 - Strongly Agree,3 - Neutral,4 - Agree,3 - Neutral,5 - Strongly Agree,3 - Neutral,5 - Strongly Agree,4 - Agree,4 - Agree,3 - Neutral,3 - Neutral,4 - Agree,3 - Neutral,3 - Neutral,3 - Neutral,3 - Neutral,5 - Strongly Agree,3 - Neutral,5 - Strongly Agree,4 - Agree,4 - Agree,3 - Neutral,5 - Strongly Agree,4 - Agree,5 - Strongly Agree,5 - Strongly Agree,3 - Neutral,3 - Neutral,4 - Agree,5 - Strongly Agree,5 - Strongly Agree,They improved trust because the important features influencing the prediction were visible.,The ranking of the most influential student factors was the most useful aspect.,Yes. I disagreed when the model overlooked recent improvements that were not yet captured in the data.,I am encouraged when AI complements rather than replaces professional judgement.,Current support is moderate and mainly focuses on general educational technology rather than AI.,"Training on fairness, transparency, privacy, and combining AI evidence with professional judgement is required.",They were moderately useful and would be stronger when combined with current lecturer observations.,"Somewhat. The visual explanation was helpful, but additional contextual guidance would improve understanding.","My main concerns are data privacy, inaccurate records, and possible bias against particular student groups.","Add confidence scores, simple language summaries, and links to the evidence supporting each prediction.",Original sample
2026/07/13 3:08:56 PM GMT,Male,30-39,Computer Science,Lecturer,Less than 5 years,101-200,High,High,4 - Agree,3 - Neutral,3 - Neutral,3 - Neutral,3 - Neutral,2 - Disagree,3 - Neutral,4 - Agree,4 - Agree,3 - Neutral,4 - Agree,2 - Disagree,3 - Neutral,4 - Agree,3 - Neutral,3 - Neutral,3 - Neutral,2 - Disagree,2 - Disagree,2 - Disagree,3 - Neutral,2 - Disagree,3 - Neutral,3 - Neutral,3 - Neutral,3 - Neutral,2 - Disagree,4 - Agree,1 - Strongly Disagree,3 - Neutral,3 - Neutral,4 - Agree,4 - Agree,3 - Neutral,5 - Strongly Agree,3 - Neutral,3 - Neutral,3 - Neutral,3 - Neutral,4 - Agree,3 - Neutral,3 - Neutral,2 - Disagree,3 - Neutral,4 - Agree,3 - Neutral,They improved trust because the important features influencing the prediction were visible.,Feature importance and the direction of each factor helped me understand the recommendation.,Yes. I disagreed when the model overlooked recent improvements that were not yet captured in the data.,"Accuracy, clear explanations, data quality, institutional support, and respect for teacher judgement encourage collaboration.",Current support is moderate and mainly focuses on general educational technology rather than AI.,Scenario-based training using real classroom cases would improve confidence.,They were moderately useful and would be stronger when combined with current lecturer observations.,"To a large extent, because I could see why the model reached a particular outcome.",I am concerned about overreliance on predictions and limited opportunities for students to challenge decisions.,"The framework should include fairness monitoring, data-quality checks, and regular model validation.",Original sample
2026/07/13 3:58:23 PM GMT,Female,40-49,Management Studies,Senior Lecturer,5-10 years,50-100,Very High,Moderate,2 - Disagree,1 - Strongly Disagree,2 - Disagree,3 - Neutral,2 - Disagree,2 - Disagree,4 - Agree,3 - Neutral,2 - Disagree,3 - Neutral,3 - Neutral,4 - Agree,3 - Neutral,3 - Neutral,3 - Neutral,2 - Disagree,3 - Neutral,3 - Neutral,4 - Agree,4 - Agree,4 - Agree,3 - Neutral,3 - Neutral,2 - Disagree,2 - Disagree,3 - Neutral,3 - Neutral,2 - Disagree,3 - Neutral,2 - Disagree,2 - Disagree,5 - Strongly Agree,3 - Neutral,4 - Agree,3 - Neutral,4 - Agree,4 - Agree,3 - Neutral,3 - Neutral,4 - Agree,3 - Neutral,2 - Disagree,3 - Neutral,3 - Neutral,4 - Agree,4 - Agree,"Trust increased moderately, although I would still confirm recommendations with my professional judgement.",The ranking of the most influential student factors was the most useful aspect.,"No major disagreement occurred, but I would still review the evidence before acting.","Poor infrastructure, limited training, and unexplained recommendations would discourage collaboration.",The institution encourages digital learning but formal AI policies and training are still developing.,"Training on fairness, transparency, privacy, and combining AI evidence with professional judgement is required.",They were moderately useful and would be stronger when combined with current lecturer observations.,"Somewhat. The visual explanation was helpful, but additional contextual guidance would improve understanding.","My main concerns are data privacy, inaccurate records, and possible bias against particular student groups.",Pilot the framework across multiple departments and retrain it regularly with representative institutional data.,Original sample
2026/07/13 4:04:52 PM GMT,Male,30-39,Electrical and Electronic Engineering,Lecturer,5-10 years,101-200,Very High,Very High,4 - Agree,5 - Strongly Agree,4 - Agree,4 - Agree,5 - Strongly Agree,3 - Neutral,4 - Agree,4 - Agree,5 - Strongly Agree,5 - Strongly Agree,3 - Neutral,5 - Strongly Agree,4 - Agree,3 - Neutral,4 - Agree,5 - Strongly Agree,3 - Neutral,5 - Strongly Agree,4 - Agree,4 - Agree,5 - Strongly Agree,4 - Agree,4 - Agree,5 - Strongly Agree,3 - Neutral,4 - Agree,4 - Agree,3 - Neutral,4 - Agree,5 - Strongly Agree,3 - Neutral,4 - Agree,4 - Agree,4 - Agree,5 - Strongly Agree,5 - Strongly Agree,5 - Strongly Agree,4 - Agree,3 - Neutral,5 - Strongly Agree,5 - Strongly Agree,4 - Agree,4 - Agree,3 - Neutral,4 - Agree,5 - Strongly Agree,They improved trust because the important features influencing the prediction were visible.,The comparison of positive and negative contributing factors was most useful.,"Yes, especially when my knowledge of the student's personal circumstances contradicted the recommendation.",I am encouraged when AI complements rather than replaces professional judgement.,"The institution provides LMS platforms, internet access, and occasional digital teaching workshops.","Hands-on workshops on AI ethics, bias detection, data privacy, and decision-support tools are needed.",The results provided an early warning that could guide further investigation.,"They improved my understanding, although some technical terms required further explanation.","I am concerned about biased training data, unequal treatment of students, and insufficient transparency.",Pilot the framework across multiple departments and retrain it regularly with representative institutional data.,Original sample
2026/07/13 4:57:52 PM GMT,Female,30-39,Building Technology,Lecturer,Less than 5 years,Less than 50,Moderate,High,5 - Strongly Agree,4 - Agree,5 - Strongly Agree,5 - Strongly Agree,5 - Strongly Agree,5 - Strongly Agree,5 - Strongly Agree,5 - Strongly Agree,4 - Agree,5 - Strongly Agree,4 - Agree,4 - Agree,5 - Strongly Agree,5 - Strongly Agree,4 - Agree,5 - Strongly Agree,4 - Agree,4 - Agree,4 - Agree,5 - Strongly Agree,4 - Agree,5 - Strongly Agree,4 - Agree,3 - Neutral,5 - Strongly Agree,5 - Strongly Agree,4 - Agree,3 - Neutral,3 - Neutral,3 - Neutral,4 - Agree,5 - Strongly Agree,5 - Strongly Agree,5 - Strongly Agree,5 - Strongly Agree,4 - Agree,5 - Strongly Agree,3 - Neutral,5 - Strongly Agree,4 - Agree,5 - Strongly Agree,5 - Strongly Agree,5 - Strongly Agree,4 - Agree,5 - Strongly Agree,4 - Agree,"My trust improved, but only when the explanation was clear and supported by accurate student data.",Feature importance and the direction of each factor helped me understand the recommendation.,Yes. Some recommendations appeared too dependent on historical assessment scores.,I am encouraged when AI complements rather than replaces professional judgement.,The institution encourages digital learning but formal AI policies and training are still developing.,"Hands-on workshops on AI ethics, bias detection, data privacy, and decision-support tools are needed.",The results provided an early warning that could guide further investigation.,Yes. The explanations clarified how each student factor contributed to the final prediction.,"I am concerned about biased training data, unequal treatment of students, and insufficient transparency.",Pilot the framework across multiple departments and retrain it regularly with representative institutional data.,Original sample
2026/07/13 5:19:50 PM GMT,Female,40-49,Electrical and Electronic Engineering,Lecturer,5-10 years,101-200,Low,Moderate,4 - Agree,3 - Neutral,4 - Agree,4 - Agree,4 - Agree,4 - Agree,4 - Agree,3 - Neutral,5 - Strongly Agree,3 - Neutral,2 - Disagree,2 - Disagree,3 - Neutral,5 - Strongly Agree,3 - Neutral,3 - Neutral,4 - Agree,5 - Strongly Agree,4 - Agree,4 - Agree,3 - Neutral,4 - Agree,3 - Neutral,4 - Agree,4 - Agree,3 - Neutral,3 - Neutral,3 - Neutral,2 - Disagree,3 - Neutral,3 - Neutral,4 - Agree,5 - Strongly Agree,4 - Agree,4 - Agree,4 - Agree,3 - Neutral,4 - Agree,4 - Agree,4 - Agree,3 - Neutral,3 - Neutral,3 - Neutral,3 - Neutral,4 - Agree,3 - Neutral,"My trust improved, but only when the explanation was clear and supported by accurate student data.",The comparison of positive and negative contributing factors was most useful.,"Sometimes, particularly when the prediction did not reflect classroom participation and recent progress.",I am encouraged when AI complements rather than replaces professional judgement.,"Support exists through ICT services and staff development programmes, although more AI-specific training is needed.",Scenario-based training using real classroom cases would improve confidence.,They were moderately useful and would be stronger when combined with current lecturer observations.,"Yes, especially when the dashboard displayed both supporting and opposing factors.","My main concerns are data privacy, inaccurate records, and possible bias against particular student groups.",Pilot the framework across multiple departments and retrain it regularly with representative institutional data.,Original sample
2026/07/13 5:26:52 PM GMT,Male,30-39,Building Technology,Assistant Lecturer,Less than 5 years,50-100,High,High,4 - Agree,5 - Strongly Agree,4 - Agree,2 - Disagree,3 - Neutral,5 - Strongly Agree,4 - Agree,3 - Neutral,4 - Agree,3 - Neutral,5 - Strongly Agree,4 - Agree,5 - Strongly Agree,4 - Agree,2 - Disagree,5 - Strongly Agree,3 - Neutral,5 - Strongly Agree,4 - Agree,5 - Strongly Agree,4 - Agree,2 - Disagree,3 - Neutral,3 - Neutral,3 - Neutral,4 - Agree,2 - Disagree,3 - Neutral,4 - Agree,3 - Neutral,4 - Agree,4 - Agree,4 - Agree,4 - Agree,4 - Agree,4 - Agree,3 - Neutral,3 - Neutral,4 - Agree,5 - Strongly Agree,3 - Neutral,4 - Agree,3 - Neutral,3 - Neutral,3 - Neutral,3 - Neutral,The explanations increased our confidence by showing the main factors behind each recommendation.,The visual summary showing why a student was classified as at risk was most useful.,Yes. Some recommendations appeared too dependent on historical assessment scores.,I am encouraged when AI complements rather than replaces professional judgement.,The institution encourages digital learning but formal AI policies and training are still developing.,"Training should cover basic AI literacy, model limitations, and how to interpret prediction explanations.",The results provided an early warning that could guide further investigation.,Yes. SHAP made the prediction process more transparent and easier to interpret.,There should be clear accountability when an AI-supported recommendation negatively affects a student.,"Improve the dashboard, include clearer local explanations, and allow lecturers to provide feedback on recommendations.",Original sample
2026/07/13 6:22:19 PM GMT,Female,50 and above,Food Technology,Senior Lecturer,11-15 years,50-100,High,High,5 - Strongly Agree,4 - Agree,4 - Agree,2 - Disagree,4 - Agree,4 - Agree,5 - Strongly Agree,5 - Strongly Agree,3 - Neutral,2 - Disagree,5 - Strongly Agree,5 - Strongly Agree,3 - Neutral,3 - Neutral,5 - Strongly Agree,4 - Agree,4 - Agree,4 - Agree,5 - Strongly Agree,4 - Agree,4 - Agree,5 - Strongly Agree,4 - Agree,5 - Strongly Agree,4 - Agree,4 - Agree,3 - Neutral,4 - Agree,3 - Neutral,3 - Neutral,3 - Neutral,3 - Neutral,5 - Strongly Agree,5 - Strongly Agree,4 - Agree,4 - Agree,4 - Agree,4 - Agree,4 - Agree,3 - Neutral,3 - Neutral,3 - Neutral,4 - Agree,3 - Neutral,4 - Agree,3 - Neutral,They improved my confidence when the highlighted factors matched what I knew about the student.,The comparison of positive and negative contributing factors was most useful.,"Sometimes, particularly when the prediction did not reflect classroom participation and recent progress.",Training and a user-friendly system encourage collaboration; lack of technical support discourages it.,The institution encourages digital learning but formal AI policies and training are still developing.,Scenario-based training using real classroom cases would improve confidence.,The predictions helped prioritise students for follow-up and intervention planning.,Yes. SHAP made the prediction process more transparent and easier to interpret.,There should be clear accountability when an AI-supported recommendation negatively affects a student.,"Add confidence scores, simple language summaries, and links to the evidence supporting each prediction.",Original sample
2026/07/13 6:48:08 PM GMT,Male,30-39,Accounting and Finance,Lecturer,5-10 years,Above 200,Moderate,Moderate,5 - Strongly Agree,2 - Disagree,4 - Agree,3 - Neutral,5 - Strongly Agree,4 - Agree,4 - Agree,4 - Agree,3 - Neutral,3 - Neutral,5 - Strongly Agree,5 - Strongly Agree,5 - Strongly Agree,5 - Strongly Agree,3 - Neutral,4 - Agree,3 - Neutral,5 - Strongly Agree,5 - Strongly Agree,5 - Strongly Agree,4 - Agree,3 - Neutral,4 - Agree,4 - Agree,5 - Strongly Agree,4 - Agree,2 - Disagree,4 - Agree,3 - Neutral,3 - Neutral,3 - Neutral,5 - Strongly Agree,4 - Agree,5 - Strongly Agree,4 - Agree,5 - Strongly Agree,5 - Strongly Agree,3 - Neutral,3 - Neutral,5 - Strongly Agree,4 - Agree,2 - Disagree,4 - Agree,4 - Agree,5 - Strongly Agree,4 - Agree,They improved trust because the important features influencing the prediction were visible.,Feature importance and the direction of each factor helped me understand the recommendation.,"Yes, especially when my knowledge of the student's personal circumstances contradicted the recommendation.","Evidence of fairness, privacy protection, and consistent performance would encourage collaboration.","The institution provides computer laboratories and technical support, but access and connectivity can be improved.",Scenario-based training using real classroom cases would improve confidence.,The predictions helped prioritise students for follow-up and intervention planning.,"They improved my understanding, although some technical terms required further explanation.","I am concerned about biased training data, unequal treatment of students, and insufficient transparency.","Include recent student progress, lecturer observations, and contextual factors in the model.",Original sample
2026/07/14 8:41:43 AM GMT,Male,40-49,Computer Science,Senior Lecturer,11-15 years,50-100,Very High,High,5 - Strongly Agree,3 - Neutral,4 - Agree,3 - Neutral,4 - Agree,3 - Neutral,3 - Neutral,4 - Agree,4 - Agree,4 - Agree,4 - Agree,4 - Agree,5 - Strongly Agree,4 - Agree,5 - Strongly Agree,4 - Agree,4 - Agree,5 - Strongly Agree,4 - Agree,4 - Agree,5 - Strongly Agree,4 - Agree,4 - Agree,5 - Strongly Agree,2 - Disagree,3 - Neutral,4 - Agree,3 - Neutral,3 - Neutral,4 - Agree,3 - Neutral,5 - Strongly Agree,5 - Strongly Agree,4 - Agree,5 - Strongly Agree,5 - Strongly Agree,5 - Strongly Agree,4 - Agree,5 - Strongly Agree,4 - Agree,5 - Strongly Agree,3 - Neutral,5 - Strongly Agree,4 - Agree,3 - Neutral,4 - Agree,"Trust increased moderately, although I would still confirm recommendations with my professional judgement.",The ranking of the most influential student factors was the most useful aspect.,"Sometimes, particularly when the prediction did not reflect classroom participation and recent progress.",Training and a user-friendly system encourage collaboration; lack of technical support discourages it.,Current support is moderate and mainly focuses on general educational technology rather than AI.,"Training on fairness, transparency, privacy, and combining AI evidence with professional judgement is required.",The predictions were useful for identifying students who may require early academic support.,Yes. The explanations clarified how each student factor contributed to the final prediction.,I am concerned about overreliance on predictions and limited opportunities for students to challenge decisions.,"Provide role-based access, stronger privacy controls, and an audit trail for decisions.",Original sample
2026/07/14 9:37:38 AM GMT,Male,40-49,Computer Science,Associate Professor,Less than 5 years,50-100,High,Moderate,4 - Agree,2 - Disagree,5 - Strongly Agree,5 - Strongly Agree,3 - Neutral,4 - Agree,4 - Agree,4 - Agree,4 - Agree,4 - Agree,3 - Neutral,5 - Strongly Agree,3 - Neutral,3 - Neutral,3 - Neutral,4 - Agree,4 - Agree,5 - Strongly Agree,4 - Agree,3 - Neutral,4 - Agree,4 - Agree,5 - Strongly Agree,4 - Agree,3 - Neutral,5 - Strongly Agree,3 - Neutral,2 - Disagree,4 - Agree,4 - Agree,3 - Neutral,5 - Strongly Agree,4 - Agree,5 - Strongly Agree,5 - Strongly Agree,4 - Agree,4 - Agree,4 - Agree,4 - Agree,4 - Agree,5 - Strongly Agree,4 - Agree,4 - Agree,3 - Neutral,4 - Agree,4 - Agree,They improved trust because the important features influencing the prediction were visible.,The comparison of positive and negative contributing factors was most useful.,Occasionally. I relied on professional judgement when the available data were incomplete.,Training and a user-friendly system encourage collaboration; lack of technical support discourages it.,Current support is moderate and mainly focuses on general educational technology rather than AI.,"Training on fairness, transparency, privacy, and combining AI evidence with professional judgement is required.","They were useful for screening, but should not be used as the only basis for a decision.",Yes. The explanations clarified how each student factor contributed to the final prediction.,"I am concerned about biased training data, unequal treatment of students, and insufficient transparency.",Pilot the framework across multiple departments and retrain it regularly with representative institutional data.,Original sample
2026/07/14 9:38:53 AM GMT,Male,30-39,Electrical and Electronic Engineering,Assistant Lecturer,11-15 years,50-100,Moderate,Moderate,4 - Agree,5 - Strongly Agree,2 - Disagree,4 - Agree,3 - Neutral,4 - Agree,4 - Agree,5 - Strongly Agree,4 - Agree,3 - Neutral,4 - Agree,4 - Agree,4 - Agree,3 - Neutral,3 - Neutral,4 - Agree,4 - Agree,3 - Neutral,4 - Agree,3 - Neutral,3 - Neutral,3 - Neutral,4 - Agree,4 - Agree,4 - Agree,4 - Agree,4 - Agree,4 - Agree,5 - Strongly Agree,3 - Neutral,2 - Disagree,4 - Agree,5 - Strongly Agree,5 - Strongly Agree,4 - Agree,3 - Neutral,3 - Neutral,4 - Agree,3 - Neutral,4 - Agree,3 - Neutral,4 - Agree,4 - Agree,4 - Agree,4 - Agree,5 - Strongly Agree,They improved my confidence when the highlighted factors matched what I knew about the student.,Feature importance and the direction of each factor helped me understand the recommendation.,Yes. Some recommendations appeared too dependent on historical assessment scores.,"Reliable predictions and transparency encourage me, while bias, poor connectivity, and inaccurate data discourage me.",The institution encourages digital learning but formal AI policies and training are still developing.,Scenario-based training using real classroom cases would improve confidence.,They were helpful in identifying patterns that may not be immediately visible in routine classroom monitoring.,"Somewhat. The visual explanation was helpful, but additional contextual guidance would improve understanding.","I am concerned about biased training data, unequal treatment of students, and insufficient transparency.","Add confidence scores, simple language summaries, and links to the evidence supporting each prediction.",Original sample
2026/07/14 9:55:13 AM GMT,Male,30-39,Computer Science,Lecturer,5-10 years,101-200,Very High,Moderate,4 - Agree,4 - Agree,4 - Agree,4 - Agree,5 - Strongly Agree,5 - Strongly Agree,4 - Agree,4 - Agree,5 - Strongly Agree,3 - Neutral,2 - Disagree,4 - Agree,4 - Agree,4 - Agree,3 - Neutral,4 - Agree,5 - Strongly Agree,4 - Agree,5 - Strongly Agree,4 - Agree,4 - Agree,4 - Agree,4 - Agree,3 - Neutral,3 - Neutral,4 - Agree,3 - Neutral,4 - Agree,3 - Neutral,3 - Neutral,5 - Strongly Agree,5 - Strongly Agree,4 - Agree,5 - Strongly Agree,5 - Strongly Agree,5 - Strongly Agree,4 - Agree,4 - Agree,5 - Strongly Agree,4 - Agree,4 - Agree,5 - Strongly Agree,3 - Neutral,5 - Strongly Agree,4 - Agree,3 - Neutral,They improved my confidence when the highlighted factors matched what I knew about the student.,The ranking of the most influential student factors was the most useful aspect.,"No major disagreement occurred, but I would still review the evidence before acting.","Evidence of fairness, privacy protection, and consistent performance would encourage collaboration.","Support exists through ICT services and staff development programmes, although more AI-specific training is needed.",Scenario-based training using real classroom cases would improve confidence.,The predictions were useful for identifying students who may require early academic support.,Yes. The explanations clarified how each student factor contributed to the final prediction.,"Fairness should be tested across gender, programme, background, and other relevant student groups.","Add confidence scores, simple language summaries, and links to the evidence supporting each prediction.",Original sample
2026/07/14 10:19:13 AM GMT,Male,50 and above,Computer Science,Lecturer,More than 15 years,Above 200,High,High,4 - Agree,4 - Agree,4 - Agree,3 - Neutral,3 - Neutral,4 - Agree,3 - Neutral,5 - Strongly Agree,3 - Neutral,3 - Neutral,4 - Agree,3 - Neutral,4 - Agree,4 - Agree,3 - Neutral,3 - Neutral,3 - Neutral,5 - Strongly Agree,4 - Agree,3 - Neutral,3 - Neutral,3 - Neutral,4 - Agree,3 - Neutral,3 - Neutral,4 - Agree,3 - Neutral,3 - Neutral,3 - Neutral,3 - Neutral,2 - Disagree,4 - Agree,5 - Strongly Agree,5 - Strongly Agree,4 - Agree,4 - Agree,3 - Neutral,3 - Neutral,4 - Agree,4 - Agree,3 - Neutral,4 - Agree,3 - Neutral,3 - Neutral,4 - Agree,3 - Neutral,"My trust improved, but only when the explanation was clear and supported by accurate student data.",The visual summary showing why a student was classified as at risk was most useful.,"No major disagreement occurred, but I would still review the evidence before acting.","Evidence of fairness, privacy protection, and consistent performance would encourage collaboration.","The institution provides LMS platforms, internet access, and occasional digital teaching workshops.","Hands-on workshops on AI ethics, bias detection, data privacy, and decision-support tools are needed.",The predictions helped prioritise students for follow-up and intervention planning.,"To a large extent, because I could see why the model reached a particular outcome.",I am concerned about overreliance on predictions and limited opportunities for students to challenge decisions.,"Add confidence scores, simple language summaries, and links to the evidence supporting each prediction.",Original sample
2026/07/14 12:20:29 PM GMT,Female,40-49,Electrical and Electronic Engineering,Senior Lecturer,More than 15 years,101-200,Low,High,4 - Agree,5 - Strongly Agree,3 - Neutral,4 - Agree,3 - Neutral,3 - Neutral,4 - Agree,4 - Agree,3 - Neutral,3 - Neutral,4 - Agree,5 - Strongly Agree,5 - Strongly Agree,3 - Neutral,4 - Agree,4 - Agree,4 - Agree,4 - Agree,2 - Disagree,4 - Agree,2 - Disagree,5 - Strongly Agree,3 - Neutral,5 - Strongly Agree,4 - Agree,4 - Agree,2 - Disagree,3 - Neutral,4 - Agree,4 - Agree,5 - Strongly Agree,4 - Agree,4 - Agree,5 - Strongly Agree,5 - Strongly Agree,5 - Strongly Agree,5 - Strongly Agree,2 - Disagree,4 - Agree,4 - Agree,5 - Strongly Agree,5 - Strongly Agree,4 - Agree,5 - Strongly Agree,5 - Strongly Agree,4 - Agree,The explanations made the recommendations less like a black box and easier to assess.,The visual summary showing why a student was classified as at risk was most useful.,Occasionally. I relied on professional judgement when the available data were incomplete.,"Poor infrastructure, limited training, and unexplained recommendations would discourage collaboration.",The institution encourages digital learning but formal AI policies and training are still developing.,"Regular workshops on data preparation, dashboard use, and responsible intervention planning would be useful.",The predictions helped prioritise students for follow-up and intervention planning.,"Yes, especially when the dashboard displayed both supporting and opposing factors.",There should be clear accountability when an AI-supported recommendation negatively affects a student.,"The framework should include fairness monitoring, data-quality checks, and regular model validation.",Original sample
2026/07/14 12:33:52 PM GMT,Male,50 and above,Mechanical Engineering,Associate Professor,11-15 years,Above 200,High,Moderate,5 - Strongly Agree,5 - Strongly Agree,5 - Strongly Agree,5 - Strongly Agree,5 - Strongly Agree,5 - Strongly Agree,5 - Strongly Agree,4 - Agree,5 - Strongly Agree,5 - Strongly Agree,5 - Strongly Agree,4 - Agree,5 - Strongly Agree,5 - Strongly Agree,5 - Strongly Agree,4 - Agree,5 - Strongly Agree,5 - Strongly Agree,5 - Strongly Agree,5 - Strongly Agree,4 - Agree,4 - Agree,5 - Strongly Agree,4 - Agree,4 - Agree,5 - Strongly Agree,4 - Agree,4 - Agree,5 - Strongly Agree,4 - Agree,4 - Agree,5 - Strongly Agree,5 - Strongly Agree,5 - Strongly Agree,5 - Strongly Agree,5 - Strongly Agree,5 - Strongly Agree,4 - Agree,5 - Strongly Agree,5 - Strongly Agree,5 - Strongly Agree,4 - Agree,5 - Strongly Agree,5 - Strongly Agree,3 - Neutral,5 - Strongly Agree,They improved trust because the important features influencing the prediction were visible.,The visual summary showing why a student was classified as at risk was most useful.,Occasionally. I relied on professional judgement when the available data were incomplete.,"Poor infrastructure, limited training, and unexplained recommendations would discourage collaboration.","The institution provides LMS platforms, internet access, and occasional digital teaching workshops.","Training on fairness, transparency, privacy, and combining AI evidence with professional judgement is required.",The predictions helped prioritise students for follow-up and intervention planning.,"They improved my understanding, although some technical terms required further explanation.","Fairness should be tested across gender, programme, background, and other relevant student groups.","Improve the dashboard, include clearer local explanations, and allow lecturers to provide feedback on recommendations.",Original sample
2026/07/14 12:49:44 PM GMT,Female,30-39,Chemical Engineering & Technology,Lecturer,Less than 5 years,50-100,High,Moderate,5 - Strongly Agree,4 - Agree,4 - Agree,5 - Strongly Agree,4 - Agree,5 - Strongly Agree,5 - Strongly Agree,4 - Agree,5 - Strongly Agree,5 - Strongly Agree,3 - Neutral,5 - Strongly Agree,4 - Agree,4 - Agree,4 - Agree,4 - Agree,5 - Strongly Agree,5 - Strongly Agree,4 - Agree,4 - Agree,3 - Neutral,5 - Strongly Agree,3 - Neutral,4 - Agree,5 - Strongly Agree,4 - Agree,4 - Agree,3 - Neutral,3 - Neutral,3 - Neutral,5 - Strongly Agree,4 - Agree,4 - Agree,4 - Agree,4 - Agree,5 - Strongly Agree,3 - Neutral,3 - Neutral,3 - Neutral,3 - Neutral,3 - Neutral,4 - Agree,4 - Agree,4 - Agree,4 - Agree,5 - Strongly Agree,"Trust increased moderately, although I would still confirm recommendations with my professional judgement.",The comparison of positive and negative contributing factors was most useful.,Occasionally. I relied on professional judgement when the available data were incomplete.,"Poor infrastructure, limited training, and unexplained recommendations would discourage collaboration.","The institution provides computer laboratories and technical support, but access and connectivity can be improved.","Training should cover basic AI literacy, model limitations, and how to interpret prediction explanations.",The results provided an early warning that could guide further investigation.,Yes. SHAP made the prediction process more transparent and easier to interpret.,The system may appear objective even when historical data contain unfair patterns.,"Improve the dashboard, include clearer local explanations, and allow lecturers to provide feedback on recommendations.",Original sample
2026/07/14 12:58:33 PM GMT,Male,30-39,Computer Science,Lecturer,5-10 years,101-200,Moderate,Moderate,3 - Neutral,4 - Agree,5 - Strongly Agree,4 - Agree,4 - Agree,3 - Neutral,3 - Neutral,3 - Neutral,5 - Strongly Agree,3 - Neutral,3 - Neutral,5 - Strongly Agree,4 - Agree,4 - Agree,4 - Agree,3 - Neutral,4 - Agree,3 - Neutral,2 - Disagree,5 - Strongly Agree,4 - Agree,3 - Neutral,5 - Strongly Agree,5 - Strongly Agree,5 - Strongly Agree,3 - Neutral,2 - Disagree,3 - Neutral,4 - Agree,4 - Agree,2 - Disagree,4 - Agree,5 - Strongly Agree,5 - Strongly Agree,4 - Agree,2 - Disagree,4 - Agree,4 - Agree,3 - Neutral,4 - Agree,5 - Strongly Agree,3 - Neutral,4 - Agree,3 - Neutral,5 - Strongly Agree,4 - Agree,The explanations increased our confidence by showing the main factors behind each recommendation.,"The clear identification of attendance, assessment scores, and participation patterns supported decision-making.","Yes, especially when my knowledge of the student's personal circumstances contradicted the recommendation.","Accuracy, clear explanations, data quality, institutional support, and respect for teacher judgement encourage collaboration.",Current support is moderate and mainly focuses on general educational technology rather than AI.,Scenario-based training using real classroom cases would improve confidence.,"They were useful for screening, but should not be used as the only basis for a decision.","Somewhat. The visual explanation was helpful, but additional contextual guidance would improve understanding.","My main concerns are data privacy, inaccurate records, and possible bias against particular student groups.","Add confidence scores, simple language summaries, and links to the evidence supporting each prediction.",Original sample
2026/07/14 2:23:07 PM GMT,Male,50 and above,Liberal Studies,Senior Lecturer,11-15 years,Above 200,Very High,High,4 - Agree,4 - Agree,5 - Strongly Agree,5 - Strongly Agree,4 - Agree,4 - Agree,4 - Agree,4 - Agree,4 - Agree,4 - Agree,3 - Neutral,5 - Strongly Agree,4 - Agree,3 - Neutral,4 - Agree,5 - Strongly Agree,3 - Neutral,5 - Strongly Agree,3 - Neutral,4 - Agree,3 - Neutral,5 - Strongly Agree,4 - Agree,5 - Strongly Agree,4 - Agree,4 - Agree,3 - Neutral,2 - Disagree,3 - Neutral,5 - Strongly Agree,4 - Agree,5 - Strongly Agree,5 - Strongly Agree,5 - Strongly Agree,4 - Agree,5 - Strongly Agree,4 - Agree,4 - Agree,5 - Strongly Agree,4 - Agree,4 - Agree,5 - Strongly Agree,3 - Neutral,4 - Agree,3 - Neutral,4 - Agree,"My trust improved, but only when the explanation was clear and supported by accurate student data.",The concise dashboard and explanation of individual predictions were helpful.,"No major disagreement occurred, but I would still review the evidence before acting.","Evidence of fairness, privacy protection, and consistent performance would encourage collaboration.",The institution encourages digital learning but formal AI policies and training are still developing.,"Training should cover basic AI literacy, model limitations, and how to interpret prediction explanations.",The results provided an early warning that could guide further investigation.,"Yes, especially when the dashboard displayed both supporting and opposing factors.","I am concerned about biased training data, unequal treatment of students, and insufficient transparency.",Pilot the framework across multiple departments and retrain it regularly with representative institutional data.,Original sample
2026/07/14 2:54:13 PM GMT,Male,50 and above,Liberal Studies,Professor,Less than 5 years,101-200,High,High,3 - Neutral,3 - Neutral,4 - Agree,5 - Strongly Agree,2 - Disagree,4 - Agree,4 - Agree,5 - Strongly Agree,5 - Strongly Agree,3 - Neutral,5 - Strongly Agree,4 - Agree,3 - Neutral,4 - Agree,3 - Neutral,3 - Neutral,4 - Agree,5 - Strongly Agree,3 - Neutral,3 - Neutral,2 - Disagree,4 - Agree,3 - Neutral,5 - Strongly Agree,4 - Agree,4 - Agree,2 - Disagree,3 - Neutral,3 - Neutral,4 - Agree,3 - Neutral,3 - Neutral,4 - Agree,5 - Strongly Agree,5 - Strongly Agree,3 - Neutral,3 - Neutral,5 - Strongly Agree,4 - Agree,3 - Neutral,3 - Neutral,2 - Disagree,3 - Neutral,3 - Neutral,4 - Agree,5 - Strongly Agree,The explanations increased our confidence by showing the main factors behind each recommendation.,"The clear identification of attendance, assessment scores, and participation patterns supported decision-making.","Yes, especially when my knowledge of the student's personal circumstances contradicted the recommendation.","Poor infrastructure, limited training, and unexplained recommendations would discourage collaboration.","The institution provides LMS platforms, internet access, and occasional digital teaching workshops.","Training on fairness, transparency, privacy, and combining AI evidence with professional judgement is required.",They were helpful in identifying patterns that may not be immediately visible in routine classroom monitoring.,"They improved my understanding, although some technical terms required further explanation.",The system may appear objective even when historical data contain unfair patterns.,"Add confidence scores, simple language summaries, and links to the evidence supporting each prediction.",Original sample
